customer_id,age,gender,country,subscription_type,monthly_charges,tenure_months,num_profiles,device,payment_method,autopay_enabled,watch_hours_per_week,favorite_genre,avg_rating_given,support_tickets_raised,last_login_days_ago,promo_used,churn
CUST100000,51,Female,USA,Basic,206,45,2,Smart TV,Debit Card,Yes,2.7,Horror,3.9,0,45,No,No
CUST100001,64,Female,UK,Standard,507,28,5,Mobile,PayPal,Yes,1.9,Documentary,3.0,2,26,No,Yes
CUST100002,41,Male,Canada,Basic,208,12,1,Mobile,Debit Card,Yes,7.0,Anime,1.7,1,69,No,No
CUST100003,27,Male,USA,Basic,195,35,5,Smart TV,PayPal,Yes,9.0,Thriller,3.7,0,30,Yes,No
CUST100004,55,Female,Australia,Standard,496,22,5,Laptop,Debit Card,Yes,8.0,Thriller,3.8,1,40,No,No
CUST100005,20,Male,UK,Standard,501,39,1,Smart TV,Credit Card,Yes,3.5,Horror,1.9,3,44,No,No
CUST100006,73,Male,USA,Premium,656,1,1,Mobile,Credit Card,Yes,5.5,Anime,4.2,0,35,No,No
CUST100007,33,Male,India,Standard,499,37,1,Smart TV,UPI,Yes,8.2,Action,2.8,0,1,Yes,No
CUST100008,51,Male,USA,Premium,647,21,4,Laptop,Debit Card,Yes,1.0,Comedy,1.7,0,61,No,No
CUST100009,70,Female,France,Premium,639,1,1,Mobile,Debit Card,Yes,2.1,Romance,3.6,1,20,No,No
CUST100010,31,Female,USA,Premium,646,4,5,Laptop,UPI,No,17.7,Documentary,3.4,1,33,No,No
CUST100011,35,Male,India,Standard,500,32,1,Smart TV,Credit Card,No,3.4,Comedy,1.7,1,85,No,No
CUST100012,23,Female,UK,Basic,190,58,2,Smart TV,Credit Card,Yes,12.9,Horror,4.5,1,12,No,No
CUST100013,23,Female,USA,Premium,653,1,1,Smart TV,Debit Card,No,2.3,Anime,4.4,0,18,Yes,No
CUST100014,36,Female,India,Basic,206,13,1,Smart TV,PayPal,Yes,0.3,Action,4.3,1,32,No,Yes
CUST100015,65,Male,USA,Basic,205,46,3,Smart TV,UPI,Yes,5.6,Anime,2.6,0,48,No,No
CUST100016,48,Male,Canada,Standard,503,47,5,Mobile,Net Banking,No,17.8,Action,4.3,1,2,No,No
CUST100017,52,Other,Canada,Basic,208,17,5,Mobile,Debit Card,Yes,13.7,Documentary,4.4,0,37,Yes,No
CUST100018,36,Female,USA,Premium,658,12,2,Laptop,Debit Card,Yes,2.3,Comedy,5.0,0,82,No,No
CUST100019,15,Male,UK,Standard,497,7,4,Mobile,Credit Card,No,19.3,Action,4.8,0,70,Yes,No
CUST100020,34,Male,Japan,Standard,491,55,3,Mobile,Net Banking,No,5.2,Drama,2.5,1,14,No,No
CUST100021,65,Male,USA,Standard,508,51,2,Gaming Console,UPI,No,0.4,Thriller,1.8,1,37,Yes,No
CUST100022,14,Female,USA,Standard,507,55,2,Mobile,UPI,Yes,0.2,Comedy,2.2,1,24,No,No
CUST100023,36,Female,USA,Basic,206,3,5,Mobile,Net Banking,No,5.3,Documentary,3.0,2,60,Yes,Yes
CUST100024,56,Female,UK,Standard,508,50,3,Gaming Console,Debit Card,Yes,6.3,Action,4.2,0,85,No,No
CUST100025,42,Male,Brazil,Standard,496,26,5,Gaming Console,Debit Card,No,0.7,Action,3.9,0,86,No,No
CUST100026,50,Female,India,Standard,489,31,4,Mobile,UPI,Yes,20.4,Action,4.2,0,49,No,No
CUST100027,14,Female,Brazil,Premium,653,36,5,Mobile,PayPal,Yes,10.1,Thriller,2.5,1,9,No,No
CUST100028,72,Male,India,Basic,207,26,1,Mobile,UPI,Yes,12.9,Comedy,2.0,2,49,No,No
CUST100029,33,Female,USA,Basic,198,3,5,Laptop,PayPal,Yes,7.0,Action,1.1,0,41,No,Yes
CUST100030,45,Other,Australia,Basic,200,44,1,Tablet,UPI,Yes,8.7,Romance,3.5,1,70,No,No
CUST100031,24,Male,USA,Standard,494,55,2,Smart TV,Net Banking,Yes,3.9,Thriller,4.2,0,51,No,No
CUST100032,70,Female,Canada,Premium,651,28,4,Laptop,UPI,Yes,9.1,Drama,4.6,1,45,Yes,Yes
CUST100033,34,Male,India,Premium,642,44,1,Laptop,Credit Card,No,30.6,Comedy,2.9,2,88,No,No
CUST100034,73,Female,Brazil,Standard,501,17,4,Smart TV,UPI,Yes,8.3,Documentary,4.7,0,39,No,No
CUST100035,56,Female,India,Standard,505,38,5,Laptop,PayPal,Yes,3.3,Comedy,1.8,2,57,No,Yes
CUST100036,37,Female,Mexico,Standard,489,47,5,Mobile,UPI,Yes,2.7,Action,3.1,0,23,No,No
CUST100037,61,Female,India,Basic,193,30,2,Smart TV,Credit Card,No,26.4,Anime,1.9,0,68,No,No
CUST100038,39,Male,Mexico,Basic,205,2,5,Gaming Console,Credit Card,No,1.6,Documentary,1.8,1,84,No,Yes
CUST100039,71,Female,USA,Premium,656,8,1,Mobile,Debit Card,Yes,13.1,Romance,4.8,0,39,No,No
CUST100040,54,Female,Brazil,Standard,495,14,2,Mobile,Net Banking,No,5.0,Horror,4.3,1,19,Yes,Yes
CUST100041,40,Male,USA,Premium,654,37,4,Laptop,Credit Card,Yes,4.7,Comedy,1.0,0,28,Yes,No
CUST100042,72,Female,France,Basic,196,35,2,Gaming Console,UPI,Yes,11.0,Documentary,2.1,1,36,No,No
CUST100043,28,Female,India,Standard,500,42,4,Tablet,UPI,Yes,1.3,Comedy,1.8,1,19,No,Yes
CUST100044,27,Male,India,Basic,202,39,3,Mobile,Net Banking,Yes,5.0,Romance,1.6,0,17,No,No
CUST100045,74,Female,UK,Basic,207,11,1,Mobile,PayPal,Yes,0.3,Drama,3.8,0,3,No,No
CUST100046,74,Female,India,Standard,499,15,1,Smart TV,Net Banking,Yes,8.9,Drama,3.3,1,10,No,No
CUST100047,59,Male,India,Basic,200,2,4,Mobile,UPI,Yes,0.5,Drama,2.8,0,63,No,Yes
CUST100048,74,Other,France,Basic,201,37,5,Tablet,Net Banking,Yes,0.7,Comedy,1.8,0,85,No,Yes
CUST100049,63,Male,Japan,Basic,196,43,5,Laptop,Debit Card,Yes,14.9,Documentary,2.1,0,51,Yes,No
CUST100050,56,Male,USA,Basic,189,32,3,Smart TV,Debit Card,No,4.7,Drama,2.4,1,42,No,Yes
CUST100051,67,Male,France,Standard,497,40,4,Smart TV,PayPal,No,1.8,Thriller,4.1,2,13,No,Yes
CUST100052,64,Female,Canada,Standard,490,13,3,Tablet,Debit Card,No,7.2,Thriller,5.0,1,44,No,Yes
CUST100053,69,Female,USA,Basic,202,43,4,Laptop,Net Banking,Yes,5.9,Horror,1.7,1,27,No,No
CUST100054,15,Male,Brazil,Basic,201,17,3,Mobile,Debit Card,Yes,4.2,Drama,2.4,0,3,No,No
CUST100055,49,Male,Germany,Basic,204,15,4,Mobile,Debit Card,No,18.9,Drama,2.1,2,15,Yes,No
CUST100056,63,Female,Japan,Standard,490,33,1,Smart TV,Debit Card,No,11.1,Horror,1.2,1,37,No,No
CUST100057,19,Male,USA,Basic,192,51,3,Laptop,UPI,No,1.3,Action,1.9,0,62,Yes,Yes
CUST100058,33,Female,Germany,Premium,650,16,3,Mobile,Credit Card,Yes,6.8,Anime,4.6,0,22,Yes,No
CUST100059,21,Female,India,Basic,204,51,4,Laptop,Credit Card,Yes,0.7,Thriller,4.4,1,76,No,No
CUST100060,51,Female,India,Basic,198,13,2,Mobile,Net Banking,Yes,2.2,Horror,1.7,0,19,Yes,No
CUST100061,30,Other,India,Premium,641,55,2,Mobile,Net Banking,Yes,19.3,Anime,2.5,0,68,No,No
CUST100062,16,Male,Japan,Standard,492,22,1,Smart TV,Credit Card,No,5.0,Thriller,2.2,0,82,No,No
CUST100063,37,Other,Australia,Basic,194,23,5,Tablet,UPI,Yes,17.8,Drama,1.6,0,20,No,No
CUST100064,72,Female,Australia,Premium,643,36,5,Tablet,UPI,Yes,1.5,Horror,3.5,0,41,No,Yes
CUST100065,26,Female,UK,Standard,506,43,1,Laptop,Debit Card,Yes,1.8,Romance,3.2,0,68,No,No
CUST100066,62,Male,USA,Premium,641,50,5,Tablet,UPI,Yes,3.5,Action,2.7,0,13,Yes,No
CUST100067,70,Female,India,Standard,498,50,4,Laptop,UPI,Yes,3.6,Documentary,4.4,0,69,No,No
CUST100068,21,Male,USA,Standard,499,10,2,Smart TV,UPI,No,10.9,Action,3.5,0,4,No,No
CUST100069,38,Male,USA,Premium,657,17,1,Laptop,PayPal,Yes,7.3,Horror,2.0,0,23,Yes,No
CUST100070,65,Male,Brazil,Basic,202,30,4,Smart TV,UPI,Yes,6.4,Action,2.5,0,28,No,No
CUST100071,14,Female,Canada,Standard,499,13,1,Mobile,Debit Card,Yes,7.4,Thriller,1.6,0,1,No,No
CUST100072,32,Female,India,Standard,492,30,2,Smart TV,UPI,Yes,10.5,Drama,3.4,1,5,No,No
CUST100073,40,Female,India,Basic,194,57,5,Mobile,UPI,Yes,17.9,Drama,3.3,0,33,Yes,No
CUST100074,59,Female,India,Basic,205,46,4,Laptop,UPI,Yes,4.3,Anime,4.5,1,75,Yes,Yes
CUST100075,72,Male,USA,Basic,207,30,2,Smart TV,UPI,Yes,13.0,Drama,4.4,1,21,Yes,No
CUST100076,19,Female,France,Standard,501,7,1,Smart TV,UPI,No,5.5,Action,4.3,0,3,Yes,No
CUST100077,56,Male,Germany,Standard,498,10,3,Laptop,Debit Card,Yes,10.2,Anime,3.2,0,5,Yes,No
CUST100078,73,Female,Australia,Standard,499,35,4,Laptop,Debit Card,Yes,16.6,Anime,3.6,1,66,No,No
CUST100079,20,Female,UK,Basic,194,2,1,Mobile,UPI,No,0.3,Action,4.1,1,76,No,Yes
CUST100080,59,Female,USA,Standard,490,30,1,Smart TV,PayPal,No,6.3,Romance,1.4,2,62,No,No
CUST100081,47,Female,India,Premium,639,19,2,Mobile,Debit Card,No,36.4,Comedy,2.2,2,86,No,No
CUST100082,26,Male,Mexico,Standard,499,39,1,Laptop,Debit Card,Yes,5.5,Horror,1.7,1,89,No,No
CUST100083,29,Male,Australia,Standard,504,37,4,Laptop,PayPal,No,16.0,Documentary,3.0,0,72,No,No
CUST100084,48,Female,India,Premium,641,60,4,Smart TV,Credit Card,Yes,1.6,Comedy,4.4,1,86,No,No
CUST100085,62,Male,UK,Premium,643,3,1,Gaming Console,Credit Card,Yes,7.4,Romance,1.9,0,67,No,Yes
CUST100086,52,Male,UK,Standard,503,25,2,Smart TV,UPI,No,16.3,Documentary,3.9,1,33,No,No
CUST100087,16,Female,Germany,Premium,653,34,4,Smart TV,Credit Card,Yes,4.5,Anime,2.6,0,71,Yes,No
CUST100088,14,Female,France,Standard,492,55,3,Mobile,Debit Card,No,5.3,Comedy,4.6,1,33,No,Yes
CUST100089,74,Male,Canada,Premium,642,58,5,Smart TV,Debit Card,Yes,0.7,Comedy,3.5,0,56,No,No
CUST100090,18,Male,Canada,Basic,196,22,2,Gaming Console,PayPal,Yes,0.3,Comedy,4.9,1,36,No,No
CUST100091,66,Female,India,Basic,195,38,2,Smart TV,Debit Card,Yes,5.1,Comedy,2.0,0,5,No,No
CUST100092,54,Female,India,Basic,205,14,5,Smart TV,UPI,No,14.8,Action,4.7,1,70,No,No
CUST100093,16,Male,India,Premium,653,39,5,Mobile,UPI,Yes,21.4,Documentary,2.4,2,44,No,No
CUST100094,66,Male,India,Standard,493,54,4,Mobile,UPI,Yes,8.6,Romance,3.5,0,40,No,No
CUST100095,41,Male,Brazil,Basic,201,2,1,Smart TV,Credit Card,Yes,14.0,Comedy,1.7,1,4,No,No
CUST100096,30,Male,Brazil,Basic,192,32,1,Smart TV,PayPal,No,10.6,Comedy,4.0,1,59,No,No
CUST100097,38,Male,India,Premium,655,43,3,Smart TV,Credit Card,No,9.7,Romance,4.9,0,66,No,No
CUST100098,56,Female,Mexico,Premium,655,53,1,Mobile,Credit Card,Yes,11.7,Drama,4.1,0,16,Yes,No
CUST100099,46,Female,India,Standard,502,3,3,Laptop,Credit Card,Yes,5.6,Action,3.5,0,82,Yes,No
CUST100100,22,Female,USA,Standard,502,41,3,Laptop,Debit Card,Yes,4.9,Thriller,2.8,0,64,No,Yes
CUST100101,74,Male,USA,Standard,505,8,2,Mobile,PayPal,No,1.4,Drama,2.4,1,54,Yes,Yes
CUST100102,48,Female,USA,Standard,496,26,2,Mobile,UPI,No,14.9,Romance,2.7,1,8,No,Yes
CUST100103,26,Male,USA,Premium,640,32,4,Tablet,Debit Card,No,0.4,Thriller,2.3,1,3,No,No
CUST100104,43,Other,UK,Basic,201,11,5,Mobile,Net Banking,Yes,2.5,Comedy,4.3,0,41,Yes,Yes
CUST100105,60,Female,USA,Standard,504,50,5,Smart TV,Credit Card,No,5.9,Documentary,4.6,0,45,Yes,No
CUST100106,27,Male,Japan,Basic,204,1,3,Mobile,UPI,Yes,28.5,Anime,4.8,0,73,Yes,No
CUST100107,20,Female,India,Standard,494,15,5,Laptop,PayPal,Yes,12.3,Thriller,2.7,2,0,No,No
CUST100108,26,Male,India,Standard,492,4,3,Mobile,PayPal,Yes,3.7,Horror,3.2,1,86,Yes,No
CUST100109,35,Female,India,Standard,491,4,5,Smart TV,Credit Card,Yes,10.0,Anime,3.3,2,16,No,No
CUST100110,72,Male,Germany,Basic,194,28,4,Smart TV,UPI,Yes,21.4,Anime,3.6,1,78,No,Yes
CUST100111,69,Male,India,Standard,492,10,2,Laptop,Debit Card,Yes,6.2,Horror,1.0,1,6,Yes,No
CUST100112,74,Female,Mexico,Basic,206,11,2,Smart TV,Debit Card,Yes,5.0,Horror,4.4,1,4,Yes,No
CUST100113,52,Male,UK,Basic,194,50,3,Mobile,UPI,Yes,6.4,Thriller,2.1,0,51,No,Yes
CUST100114,33,Female,Canada,Basic,193,23,5,Smart TV,PayPal,Yes,3.0,Thriller,2.9,1,52,Yes,No
CUST100115,28,Male,Canada,Premium,647,47,1,Smart TV,Credit Card,Yes,19.0,Anime,4.4,0,2,No,No
CUST100116,57,Female,India,Standard,499,3,4,Smart TV,Credit Card,No,12.8,Documentary,5.0,0,61,Yes,No
CUST100117,30,Female,India,Standard,494,39,5,Smart TV,Credit Card,Yes,9.8,Drama,4.2,0,31,No,No
CUST100118,59,Female,USA,Standard,504,39,1,Smart TV,Credit Card,No,7.1,Action,1.1,2,1,Yes,No
CUST100119,65,Male,Canada,Standard,507,17,4,Laptop,Credit Card,Yes,27.9,Documentary,2.5,1,79,No,No
CUST100120,36,Male,India,Standard,499,22,4,Mobile,Net Banking,Yes,2.8,Drama,2.0,0,80,No,No
CUST100121,38,Male,India,Standard,503,52,2,Laptop,Debit Card,Yes,2.7,Comedy,4.9,0,52,No,No
CUST100122,37,Male,Japan,Standard,497,27,3,Smart TV,Credit Card,Yes,2.2,Drama,2.1,1,11,No,No
CUST100123,72,Female,India,Standard,507,56,5,Tablet,UPI,Yes,10.8,Thriller,4.8,0,4,No,No
CUST100124,72,Female,Australia,Standard,507,16,4,Gaming Console,PayPal,No,12.8,Drama,4.8,1,3,No,No
CUST100125,72,Female,Australia,Premium,647,16,5,Smart TV,PayPal,Yes,7.3,Anime,4.4,2,55,Yes,Yes
CUST100126,57,Female,USA,Premium,642,40,4,Gaming Console,PayPal,Yes,8.4,Drama,1.4,2,79,No,Yes
CUST100127,53,Female,India,Basic,198,3,2,Smart TV,Credit Card,Yes,3.4,Anime,1.0,1,81,No,No
CUST100128,41,Female,India,Basic,197,52,3,Laptop,PayPal,Yes,0.3,Horror,4.2,0,63,No,No
CUST100129,27,Male,Brazil,Standard,507,47,1,Smart TV,UPI,Yes,2.3,Comedy,4.4,2,44,No,No
CUST100130,57,Female,Germany,Basic,203,33,1,Mobile,UPI,Yes,7.0,Comedy,4.8,0,59,No,No
CUST100131,13,Female,Australia,Basic,207,42,2,Mobile,Net Banking,Yes,13.4,Drama,1.9,1,19,Yes,No
CUST100132,37,Female,France,Premium,640,2,4,Mobile,PayPal,No,12.0,Documentary,3.9,1,52,Yes,No
CUST100133,19,Male,Brazil,Basic,198,39,2,Laptop,PayPal,Yes,1.6,Anime,3.1,0,72,Yes,No
CUST100134,21,Male,India,Premium,657,46,3,Mobile,Credit Card,Yes,0.4,Comedy,2.3,0,15,Yes,No
CUST100135,36,Male,USA,Standard,505,48,1,Mobile,UPI,Yes,15.2,Thriller,3.4,0,29,Yes,No
CUST100136,13,Female,Mexico,Premium,658,27,5,Gaming Console,Net Banking,Yes,0.6,Anime,3.2,0,19,Yes,Yes
CUST100137,56,Female,India,Basic,190,60,1,Tablet,UPI,No,4.0,Documentary,2.2,0,85,No,Yes
CUST100138,20,Male,India,Basic,207,15,3,Gaming Console,Credit Card,No,0.8,Romance,2.1,0,86,Yes,No
CUST100139,36,Other,Brazil,Standard,505,7,4,Tablet,PayPal,Yes,6.6,Drama,2.9,0,51,No,No
CUST100140,23,Male,USA,Basic,206,45,2,Smart TV,Credit Card,Yes,3.6,Romance,2.9,0,35,Yes,No
CUST100141,63,Male,France,Basic,205,57,1,Smart TV,PayPal,No,1.8,Anime,2.2,1,21,Yes,No
CUST100142,29,Male,Germany,Basic,190,42,1,Smart TV,Net Banking,Yes,7.2,Horror,2.1,0,0,No,No
CUST100143,20,Female,India,Basic,207,9,5,Gaming Console,Debit Card,Yes,3.6,Thriller,4.8,0,20,Yes,No
CUST100144,47,Female,France,Basic,189,41,2,Smart TV,Debit Card,Yes,1.5,Thriller,4.4,0,47,No,Yes
CUST100145,47,Male,USA,Premium,649,6,5,Mobile,Debit Card,Yes,9.6,Horror,4.3,1,82,No,Yes
CUST100146,45,Female,USA,Basic,198,56,5,Smart TV,Net Banking,No,14.5,Horror,1.9,1,71,No,No
CUST100147,71,Male,USA,Basic,193,57,4,Smart TV,UPI,No,2.6,Documentary,1.8,0,4,No,No
CUST100148,17,Female,India,Standard,504,12,1,Smart TV,UPI,Yes,1.7,Drama,4.2,0,39,No,No
CUST100149,54,Female,UK,Premium,643,30,2,Mobile,UPI,Yes,0.6,Thriller,1.7,1,81,Yes,No
CUST100150,51,Female,India,Basic,200,55,4,Smart TV,Debit Card,Yes,6.0,Romance,3.0,1,78,No,Yes
CUST100151,70,Male,USA,Basic,192,20,4,Mobile,Debit Card,No,14.2,Anime,1.9,0,44,No,No
CUST100152,53,Other,USA,Standard,494,20,4,Laptop,PayPal,No,2.3,Romance,2.5,1,30,No,No
CUST100153,40,Female,Australia,Premium,657,54,3,Laptop,Net Banking,Yes,4.9,Comedy,4.4,1,14,Yes,No
CUST100154,19,Male,Australia,Premium,647,46,3,Smart TV,Credit Card,No,1.4,Horror,4.6,3,57,Yes,No
CUST100155,21,Female,India,Standard,500,27,4,Tablet,Credit Card,Yes,4.1,Comedy,5.0,1,52,No,No
CUST100156,20,Male,USA,Basic,203,20,3,Laptop,Debit Card,Yes,0.1,Documentary,4.8,1,44,No,No
CUST100157,24,Female,USA,Standard,504,59,2,Smart TV,UPI,Yes,19.3,Anime,3.7,0,66,No,No
CUST100158,46,Male,India,Basic,201,7,1,Laptop,Debit Card,Yes,9.0,Anime,2.7,2,41,Yes,Yes
CUST100159,45,Female,Australia,Standard,495,40,2,Laptop,Net Banking,Yes,3.2,Anime,1.2,2,23,Yes,No
CUST100160,60,Female,Brazil,Standard,508,40,1,Mobile,Credit Card,Yes,17.0,Comedy,3.4,1,37,Yes,No
CUST100161,67,Male,India,Premium,642,30,3,Smart TV,Credit Card,Yes,1.6,Anime,1.8,1,50,Yes,No
CUST100162,35,Male,USA,Basic,199,8,2,Mobile,Credit Card,Yes,0.7,Action,4.4,0,23,No,No
CUST100163,74,Male,India,Basic,196,2,5,Laptop,Net Banking,Yes,22.9,Drama,3.2,0,76,No,No
CUST100164,36,Male,Germany,Standard,494,14,4,Smart TV,Credit Card,Yes,3.0,Thriller,3.9,0,32,No,No
CUST100165,49,Male,India,Standard,498,10,1,Laptop,UPI,Yes,22.0,Thriller,3.7,0,18,Yes,No
CUST100166,47,Female,Japan,Premium,645,50,1,Mobile,Debit Card,Yes,8.1,Documentary,2.4,0,24,No,No
CUST100167,56,Male,Australia,Basic,195,18,5,Mobile,UPI,No,31.3,Documentary,4.0,1,69,Yes,Yes
CUST100168,52,Male,USA,Basic,192,18,5,Mobile,Credit Card,Yes,11.2,Thriller,4.4,0,88,No,Yes
CUST100169,34,Female,Canada,Standard,491,16,4,Smart TV,UPI,Yes,0.9,Comedy,4.0,0,86,Yes,No
CUST100170,39,Male,France,Basic,195,52,3,Tablet,Debit Card,Yes,15.3,Documentary,4.1,1,48,No,No
CUST100171,47,Female,Canada,Premium,642,5,2,Laptop,Net Banking,Yes,1.3,Action,2.4,0,16,Yes,No
CUST100172,13,Female,India,Standard,501,52,2,Smart TV,PayPal,Yes,9.4,Documentary,4.8,0,20,No,No
CUST100173,47,Female,USA,Premium,658,31,2,Mobile,Debit Card,Yes,5.6,Comedy,2.7,1,42,No,No
CUST100174,49,Female,Mexico,Standard,505,37,3,Laptop,Net Banking,Yes,9.8,Drama,4.6,0,83,No,Yes
CUST100175,59,Female,Germany,Premium,645,20,4,Laptop,Credit Card,Yes,11.6,Action,4.4,1,75,Yes,Yes
CUST100176,26,Male,Germany,Basic,205,23,2,Laptop,PayPal,Yes,13.0,Documentary,1.5,2,76,No,No
CUST100177,15,Male,Mexico,Premium,642,32,1,Mobile,Debit Card,Yes,14.4,Drama,4.9,1,81,No,No
CUST100178,13,Male,Mexico,Basic,199,42,1,Gaming Console,Debit Card,Yes,15.0,Drama,5.0,0,21,Yes,No
CUST100179,17,Female,France,Standard,491,17,1,Laptop,Credit Card,Yes,4.3,Horror,3.4,1,62,No,No
CUST100180,38,Male,India,Basic,199,13,5,Smart TV,UPI,Yes,17.6,Horror,4.1,0,23,Yes,No
CUST100181,67,Female,Canada,Standard,491,49,5,Mobile,Credit Card,No,10.2,Romance,4.7,1,32,No,Yes
CUST100182,26,Other,Brazil,Basic,200,50,3,Mobile,UPI,Yes,14.6,Thriller,1.1,0,66,No,No
CUST100183,51,Female,Brazil,Basic,189,13,2,Laptop,Credit Card,No,36.2,Comedy,4.7,0,80,No,No
CUST100184,39,Female,Germany,Premium,642,17,5,Smart TV,PayPal,Yes,1.0,Thriller,3.5,0,16,No,No
CUST100185,21,Male,India,Basic,202,60,1,Mobile,UPI,Yes,3.7,Romance,4.3,0,47,No,No
CUST100186,27,Female,Australia,Premium,639,15,5,Smart TV,PayPal,Yes,13.1,Comedy,3.2,2,43,No,No
CUST100187,27,Female,Brazil,Premium,652,26,1,Smart TV,PayPal,Yes,0.7,Romance,3.1,0,24,No,No
CUST100188,38,Male,India,Basic,201,44,2,Mobile,Credit Card,No,6.2,Drama,4.6,1,71,No,No
CUST100189,54,Male,UK,Standard,501,28,3,Laptop,Credit Card,Yes,15.6,Documentary,3.0,1,59,No,No
CUST100190,72,Female,India,Basic,203,42,4,Mobile,Debit Card,Yes,0.2,Comedy,2.9,0,28,Yes,No
CUST100191,25,Female,USA,Basic,205,45,4,Mobile,Net Banking,Yes,22.4,Comedy,3.4,0,11,No,No
CUST100192,63,Female,India,Standard,500,30,1,Mobile,UPI,Yes,30.6,Drama,3.1,0,8,No,No
CUST100193,44,Female,USA,Premium,652,43,5,Mobile,PayPal,No,3.1,Action,2.8,0,89,No,No
CUST100194,51,Female,Canada,Basic,200,35,5,Mobile,Net Banking,No,11.6,Drama,1.7,0,85,No,No
CUST100195,61,Female,Germany,Standard,506,22,1,Smart TV,Net Banking,Yes,1.1,Romance,2.6,0,52,No,Yes
CUST100196,64,Male,Germany,Standard,492,10,2,Smart TV,UPI,Yes,11.9,Drama,2.1,0,60,No,No
CUST100197,73,Male,Mexico,Premium,652,11,1,Laptop,UPI,Yes,5.3,Horror,2.6,0,30,Yes,No
CUST100198,44,Male,India,Basic,207,38,2,Mobile,Net Banking,No,15.7,Comedy,3.4,0,47,Yes,No
CUST100199,16,Female,India,Standard,501,33,3,Laptop,PayPal,Yes,1.9,Drama,3.4,1,78,No,Yes
CUST100200,42,Female,Mexico,Standard,506,6,3,Mobile,UPI,No,8.9,Thriller,2.0,1,46,Yes,No
CUST100201,49,Female,India,Standard,499,37,1,Smart TV,UPI,Yes,12.3,Drama,1.3,0,32,No,No
CUST100202,35,Male,Japan,Premium,644,7,3,Laptop,UPI,Yes,1.8,Documentary,4.0,0,66,Yes,No
CUST100203,51,Female,Mexico,Premium,647,54,5,Smart TV,Debit Card,No,13.6,Anime,3.1,0,63,No,No
CUST100204,57,Female,UK,Basic,200,44,2,Tablet,PayPal,No,25.4,Drama,2.8,1,16,No,No
CUST100205,27,Female,Japan,Standard,507,12,4,Smart TV,UPI,Yes,7.7,Drama,1.5,1,43,No,Yes
CUST100206,55,Female,India,Standard,502,7,4,Mobile,Credit Card,Yes,12.3,Anime,2.7,1,4,No,No
CUST100207,41,Male,USA,Basic,203,2,3,Smart TV,Credit Card,Yes,6.1,Documentary,4.3,1,61,No,No
CUST100208,48,Female,Germany,Standard,499,60,2,Tablet,Net Banking,Yes,7.3,Action,3.3,0,62,No,No
CUST100209,25,Male,USA,Standard,494,1,5,Gaming Console,UPI,Yes,0.1,Horror,1.4,1,78,Yes,Yes
CUST100210,44,Male,France,Standard,502,23,4,Smart TV,Debit Card,No,5.9,Action,2.3,1,38,No,No
CUST100211,19,Female,India,Premium,641,25,5,Smart TV,Credit Card,Yes,6.9,Horror,4.9,0,71,No,No
CUST100212,71,Female,Canada,Basic,207,18,5,Smart TV,UPI,Yes,8.9,Action,3.2,0,41,No,No
CUST100213,63,Female,Canada,Premium,658,44,4,Laptop,Credit Card,Yes,1.5,Thriller,2.1,1,20,Yes,No
CUST100214,34,Female,Germany,Standard,499,7,4,Smart TV,UPI,Yes,2.2,Documentary,4.7,0,46,Yes,No
CUST100215,40,Female,USA,Standard,505,51,3,Mobile,UPI,Yes,11.3,Thriller,2.3,1,73,No,No
CUST100216,14,Female,USA,Premium,655,54,2,Smart TV,UPI,Yes,1.5,Thriller,3.9,1,27,Yes,No
CUST100217,54,Female,Mexico,Standard,491,3,1,Laptop,Net Banking,Yes,4.3,Romance,1.6,0,20,No,No
CUST100218,57,Male,India,Standard,502,29,2,Mobile,Credit Card,Yes,2.3,Thriller,1.6,0,27,No,No
CUST100219,74,Male,Australia,Standard,495,10,1,Laptop,Debit Card,Yes,6.3,Documentary,3.2,1,85,Yes,No
CUST100220,69,Male,Canada,Standard,507,59,4,Laptop,Credit Card,No,34.7,Comedy,2.0,0,18,No,No
CUST100221,65,Male,Brazil,Premium,641,59,5,Smart TV,Credit Card,No,15.3,Comedy,1.2,1,62,No,Yes
CUST100222,18,Male,Brazil,Premium,640,43,2,Mobile,Credit Card,No,2.5,Action,4.7,0,51,No,Yes
CUST100223,40,Male,India,Basic,205,5,5,Mobile,PayPal,Yes,3.7,Thriller,1.2,0,37,Yes,No
CUST100224,40,Male,Canada,Basic,197,34,2,Mobile,Debit Card,Yes,20.1,Anime,3.9,1,45,No,Yes
CUST100225,56,Other,Mexico,Standard,494,8,2,Smart TV,Net Banking,No,18.3,Action,2.3,0,23,Yes,No
CUST100226,56,Male,UK,Basic,197,14,5,Laptop,Credit Card,Yes,1.4,Thriller,4.7,0,44,No,No
CUST100227,32,Female,Japan,Standard,493,40,3,Gaming Console,UPI,No,14.1,Action,4.9,1,76,No,No
CUST100228,42,Male,UK,Basic,190,55,4,Gaming Console,Net Banking,Yes,2.8,Drama,2.3,1,8,No,No
CUST100229,74,Female,India,Standard,503,6,3,Laptop,Credit Card,Yes,6.3,Documentary,3.4,0,8,No,No
CUST100230,23,Male,USA,Basic,197,1,3,Mobile,Debit Card,No,0.0,Thriller,4.1,0,20,No,No
CUST100231,70,Male,Japan,Basic,207,56,2,Smart TV,PayPal,Yes,52.5,Horror,1.5,1,23,Yes,No
CUST100232,67,Female,USA,Standard,498,33,4,Smart TV,UPI,No,11.5,Romance,3.8,1,63,Yes,No
CUST100233,40,Male,Mexico,Standard,492,40,2,Mobile,UPI,Yes,2.2,Thriller,4.6,0,39,No,No
CUST100234,37,Male,Mexico,Premium,648,11,1,Smart TV,Debit Card,Yes,9.2,Thriller,1.7,0,73,No,No
CUST100235,51,Male,USA,Premium,646,50,2,Smart TV,PayPal,Yes,2.8,Documentary,4.4,4,51,No,Yes
CUST100236,74,Male,India,Standard,501,24,5,Tablet,UPI,No,0.7,Drama,1.5,0,3,No,No
CUST100237,45,Male,Brazil,Basic,195,10,2,Gaming Console,Credit Card,Yes,4.4,Horror,3.3,0,2,Yes,No
CUST100238,13,Male,USA,Premium,645,44,1,Tablet,Net Banking,No,7.6,Comedy,2.4,1,12,Yes,No
CUST100239,69,Female,Australia,Premium,642,52,2,Smart TV,UPI,Yes,0.8,Documentary,2.9,1,20,No,No
CUST100240,39,Female,UK,Premium,653,23,1,Tablet,UPI,Yes,5.8,Drama,2.2,2,7,No,No
CUST100241,74,Female,UK,Basic,200,16,4,Smart TV,PayPal,Yes,5.8,Action,2.0,1,72,Yes,No
CUST100242,69,Male,Australia,Premium,654,37,2,Mobile,UPI,Yes,7.9,Thriller,4.0,0,0,No,No
CUST100243,64,Female,USA,Basic,194,16,1,Mobile,Credit Card,Yes,2.2,Anime,1.9,1,13,Yes,No
CUST100244,25,Male,UK,Standard,497,56,4,Mobile,UPI,No,0.2,Thriller,2.6,0,75,No,No
CUST100245,53,Male,USA,Premium,641,44,5,Gaming Console,PayPal,Yes,3.1,Comedy,2.1,0,35,No,No
CUST100246,15,Female,USA,Basic,196,31,3,Smart TV,UPI,Yes,4.1,Action,2.0,1,21,No,No
CUST100247,51,Male,Canada,Premium,645,6,1,Mobile,Net Banking,Yes,8.1,Drama,3.5,0,35,No,No
CUST100248,18,Male,Australia,Basic,192,30,5,Smart TV,Credit Card,No,21.3,Horror,1.2,2,44,Yes,No
CUST100249,20,Female,USA,Premium,651,37,4,Tablet,Debit Card,Yes,1.8,Horror,4.2,2,15,No,No
CUST100250,39,Female,Canada,Basic,207,1,5,Mobile,UPI,No,9.3,Action,3.2,0,10,No,No
CUST100251,21,Female,Germany,Premium,645,51,2,Laptop,UPI,Yes,0.8,Action,4.3,0,66,No,Yes
CUST100252,74,Female,USA,Basic,198,42,3,Laptop,Debit Card,Yes,1.7,Comedy,1.9,1,24,No,No
CUST100253,49,Other,USA,Standard,500,25,1,Laptop,PayPal,No,5.7,Drama,3.8,1,89,No,Yes
CUST100254,45,Male,France,Standard,491,46,4,Mobile,Credit Card,No,9.9,Comedy,2.7,0,66,No,No
CUST100255,63,Male,Brazil,Standard,500,57,3,Smart TV,Credit Card,Yes,15.6,Drama,1.3,0,83,Yes,No
CUST100256,54,Male,Canada,Basic,207,21,4,Mobile,Net Banking,Yes,10.9,Documentary,4.0,0,30,No,No
CUST100257,56,Male,Germany,Standard,503,35,5,Gaming Console,Debit Card,No,0.1,Horror,4.0,0,64,Yes,No
CUST100258,36,Male,India,Basic,196,38,4,Laptop,Net Banking,No,9.2,Documentary,2.1,0,89,Yes,No
CUST100259,27,Female,Germany,Standard,500,5,4,Smart TV,Debit Card,Yes,13.9,Anime,4.7,0,88,No,No
CUST100260,71,Female,UK,Basic,208,49,5,Smart TV,Credit Card,Yes,6.0,Thriller,4.1,1,10,No,No
CUST100261,66,Female,Canada,Premium,644,50,5,Mobile,PayPal,Yes,27.0,Comedy,2.2,0,79,No,Yes
CUST100262,44,Male,USA,Basic,198,12,3,Laptop,PayPal,Yes,0.0,Documentary,2.0,0,83,No,No
CUST100263,44,Female,India,Basic,190,5,1,Smart TV,UPI,Yes,13.7,Horror,2.8,0,37,Yes,No
CUST100264,36,Female,India,Basic,201,9,5,Laptop,Credit Card,Yes,3.3,Anime,2.2,1,1,No,No
CUST100265,53,Female,Japan,Standard,495,44,3,Tablet,UPI,No,8.4,Romance,1.9,0,53,No,No
CUST100266,64,Male,USA,Basic,196,52,4,Mobile,Credit Card,Yes,9.5,Horror,2.6,1,6,Yes,No
CUST100267,61,Female,UK,Standard,504,9,4,Smart TV,PayPal,Yes,2.9,Horror,1.1,0,48,Yes,No
CUST100268,74,Male,India,Premium,649,35,2,Tablet,Debit Card,Yes,43.1,Action,2.6,1,39,Yes,No
CUST100269,61,Male,India,Standard,492,1,5,Mobile,PayPal,Yes,0.9,Action,1.9,0,44,No,No
CUST100270,70,Male,Brazil,Standard,505,54,3,Mobile,Debit Card,Yes,1.4,Documentary,2.1,0,53,No,No
CUST100271,64,Female,Canada,Basic,204,47,3,Mobile,UPI,Yes,17.8,Comedy,1.3,0,88,No,No
CUST100272,24,Female,UK,Standard,507,10,1,Mobile,PayPal,Yes,1.0,Thriller,3.4,2,60,No,Yes
CUST100273,74,Male,USA,Basic,199,46,3,Laptop,Credit Card,Yes,3.8,Anime,2.9,0,3,Yes,No
CUST100274,51,Male,Brazil,Premium,645,39,5,Mobile,PayPal,No,10.6,Action,4.0,2,33,Yes,No
CUST100275,14,Male,India,Basic,201,36,3,Smart TV,Credit Card,Yes,12.5,Thriller,4.9,1,88,Yes,Yes
CUST100276,15,Male,India,Standard,507,58,2,Laptop,Debit Card,No,24.8,Action,1.5,0,7,No,No
CUST100277,61,Male,UK,Standard,505,37,4,Smart TV,UPI,Yes,12.5,Anime,2.1,0,31,No,No
CUST100278,49,Male,USA,Premium,651,52,4,Smart TV,Net Banking,No,14.9,Drama,3.7,1,17,Yes,No
CUST100279,61,Female,USA,Basic,200,48,3,Laptop,Credit Card,Yes,23.9,Horror,1.9,0,39,No,No
CUST100280,68,Male,Germany,Standard,495,35,3,Tablet,UPI,Yes,6.5,Documentary,1.1,1,74,No,No
CUST100281,29,Male,Germany,Basic,189,17,3,Smart TV,UPI,No,3.4,Comedy,1.4,0,55,Yes,Yes
CUST100282,71,Male,Australia,Standard,489,13,3,Smart TV,Debit Card,Yes,11.5,Action,2.7,1,36,No,No
CUST100283,61,Female,USA,Premium,658,6,2,Laptop,Debit Card,Yes,1.4,Documentary,2.7,0,54,Yes,No
CUST100284,14,Female,India,Standard,502,58,5,Mobile,UPI,Yes,0.6,Thriller,4.9,1,35,No,No
CUST100285,14,Female,USA,Standard,503,37,2,Mobile,Credit Card,Yes,12.3,Comedy,2.9,1,9,Yes,No
CUST100286,40,Male,Japan,Premium,649,48,2,Smart TV,UPI,Yes,24.1,Comedy,3.7,1,69,Yes,No
CUST100287,66,Female,Canada,Standard,497,32,2,Smart TV,PayPal,Yes,4.7,Documentary,3.0,0,79,No,No
CUST100288,35,Male,Brazil,Standard,505,11,4,Laptop,PayPal,No,1.4,Documentary,2.1,0,88,No,Yes
CUST100289,49,Female,India,Standard,492,17,2,Mobile,Debit Card,Yes,5.5,Anime,1.4,0,62,Yes,No
CUST100290,44,Female,UK,Standard,508,5,3,Tablet,UPI,Yes,4.0,Documentary,4.4,0,33,No,No
CUST100291,45,Female,India,Basic,207,6,2,Mobile,Credit Card,Yes,3.7,Drama,1.6,1,71,Yes,No
CUST100292,13,Female,Canada,Premium,645,10,3,Mobile,UPI,Yes,7.9,Drama,1.4,0,16,No,No
CUST100293,31,Female,France,Standard,489,53,5,Tablet,Net Banking,Yes,1.5,Comedy,1.9,0,60,Yes,No
CUST100294,74,Male,Japan,Basic,197,33,4,Smart TV,Debit Card,Yes,3.8,Horror,1.0,0,77,Yes,No
CUST100295,14,Female,Canada,Premium,651,30,5,Mobile,UPI,No,16.2,Documentary,1.3,0,17,Yes,No
CUST100296,65,Male,UK,Standard,490,21,5,Smart TV,PayPal,Yes,10.5,Romance,3.5,0,60,Yes,No
CUST100297,56,Female,France,Basic,190,42,4,Mobile,UPI,Yes,0.5,Romance,2.0,0,35,No,No
CUST100298,38,Male,Germany,Standard,503,17,3,Smart TV,Debit Card,Yes,5.8,Drama,2.4,0,84,Yes,No
CUST100299,44,Male,India,Premium,655,27,3,Smart TV,Credit Card,Yes,0.8,Comedy,4.3,1,52,No,Yes
CUST100300,18,Male,UK,Premium,651,3,3,Tablet,UPI,Yes,25.3,Action,4.1,0,32,No,No
CUST100301,44,Male,USA,Premium,645,60,4,Mobile,Debit Card,Yes,2.2,Horror,3.0,0,22,No,No
CUST100302,67,Female,UK,Premium,647,29,2,Tablet,UPI,No,21.6,Anime,3.5,0,63,Yes,No
CUST100303,16,Female,UK,Basic,200,2,1,Mobile,Debit Card,No,14.4,Horror,1.3,1,37,No,Yes
CUST100304,67,Male,Canada,Standard,491,29,2,Mobile,PayPal,Yes,6.4,Romance,4.0,1,68,Yes,No
CUST100305,23,Male,USA,Premium,653,49,2,Smart TV,Credit Card,No,3.3,Documentary,3.1,2,78,No,No
CUST100306,68,Female,India,Standard,495,36,5,Mobile,Debit Card,No,15.6,Drama,3.3,0,29,No,No
CUST100307,71,Male,UK,Standard,489,34,1,Mobile,UPI,Yes,1.3,Comedy,3.7,1,15,No,Yes
CUST100308,29,Female,Mexico,Standard,502,37,3,Smart TV,Credit Card,Yes,1.6,Documentary,3.0,0,53,No,No
CUST100309,50,Female,Germany,Standard,507,42,2,Laptop,UPI,Yes,2.0,Comedy,3.1,2,58,No,Yes
CUST100310,36,Female,USA,Premium,654,1,4,Smart TV,Debit Card,Yes,7.3,Action,3.0,2,5,No,No
CUST100311,17,Female,France,Standard,498,60,2,Mobile,Credit Card,No,3.0,Romance,3.0,1,4,No,No
CUST100312,64,Male,France,Standard,489,26,3,Mobile,Credit Card,Yes,36.2,Comedy,4.0,0,88,Yes,No
CUST100313,46,Female,India,Premium,643,1,2,Gaming Console,Debit Card,Yes,1.7,Anime,2.7,1,0,No,No
CUST100314,18,Male,India,Standard,491,59,5,Smart TV,Net Banking,Yes,13.1,Anime,1.0,1,13,Yes,No
CUST100315,34,Male,Brazil,Basic,205,58,5,Mobile,Credit Card,No,0.8,Comedy,3.4,0,82,No,No
CUST100316,23,Female,Australia,Standard,506,4,2,Mobile,Net Banking,Yes,3.5,Action,4.8,1,30,No,No
CUST100317,60,Male,Japan,Premium,657,39,5,Smart TV,Debit Card,Yes,2.2,Thriller,2.0,0,50,No,No
CUST100318,28,Female,Mexico,Premium,656,14,4,Mobile,UPI,Yes,30.1,Anime,4.3,2,78,No,No
CUST100319,45,Female,Germany,Premium,654,46,1,Smart TV,UPI,Yes,0.2,Documentary,2.8,2,18,Yes,No
CUST100320,21,Female,Canada,Standard,490,18,2,Smart TV,Net Banking,Yes,10.2,Action,3.6,1,31,No,No
CUST100321,72,Female,India,Basic,203,34,4,Smart TV,PayPal,Yes,2.3,Anime,4.6,1,56,No,No
CUST100322,71,Male,USA,Premium,651,1,4,Laptop,Net Banking,Yes,13.3,Romance,4.1,0,30,No,No
CUST100323,18,Male,UK,Premium,651,53,4,Smart TV,PayPal,No,3.0,Action,4.5,0,57,No,Yes
CUST100324,28,Female,Germany,Basic,204,22,3,Mobile,Debit Card,Yes,1.7,Horror,1.0,0,25,No,No
CUST100325,41,Male,Canada,Basic,196,16,2,Smart TV,Net Banking,Yes,9.4,Romance,1.7,0,47,Yes,No
CUST100326,15,Female,Brazil,Premium,649,22,2,Smart TV,Net Banking,Yes,2.4,Horror,2.7,0,40,No,Yes
CUST100327,32,Female,USA,Premium,646,50,2,Smart TV,Credit Card,Yes,5.3,Documentary,4.4,0,24,Yes,No
CUST100328,72,Female,Canada,Premium,648,16,1,Mobile,Net Banking,Yes,1.1,Romance,4.4,0,46,Yes,No
CUST100329,71,Male,India,Premium,639,28,4,Smart TV,UPI,Yes,10.3,Comedy,1.7,0,53,No,No
CUST100330,48,Male,USA,Standard,500,28,2,Smart TV,Net Banking,Yes,4.2,Drama,1.6,1,56,No,No
CUST100331,31,Male,Brazil,Standard,497,55,5,Laptop,Net Banking,Yes,1.2,Documentary,4.3,0,71,Yes,Yes
CUST100332,38,Male,Brazil,Standard,493,22,3,Mobile,Net Banking,Yes,10.8,Horror,3.2,1,60,Yes,No
CUST100333,15,Female,Japan,Basic,197,56,1,Smart TV,Net Banking,Yes,0.9,Action,3.5,0,3,No,No
CUST100334,31,Male,USA,Standard,504,6,3,Mobile,Credit Card,No,6.8,Comedy,4.2,0,30,No,No
CUST100335,32,Male,UK,Standard,506,25,4,Smart TV,Credit Card,Yes,7.5,Romance,1.8,2,66,Yes,No
CUST100336,44,Male,USA,Standard,496,42,5,Mobile,Credit Card,Yes,21.3,Thriller,1.5,1,40,No,No
CUST100337,19,Female,UK,Standard,499,2,4,Smart TV,Credit Card,Yes,1.3,Comedy,4.4,0,25,No,No
CUST100338,64,Female,Mexico,Standard,508,7,2,Smart TV,Debit Card,No,8.5,Drama,1.4,0,67,No,No
CUST100339,53,Male,Brazil,Basic,207,53,3,Smart TV,UPI,Yes,3.8,Comedy,1.4,1,65,No,Yes
CUST100340,45,Male,Mexico,Basic,192,17,5,Smart TV,Debit Card,Yes,4.1,Anime,2.1,2,18,No,No
CUST100341,52,Male,India,Basic,208,35,3,Laptop,PayPal,Yes,5.6,Drama,2.3,2,86,No,No
CUST100342,51,Male,Mexico,Basic,198,20,1,Smart TV,PayPal,Yes,2.1,Thriller,2.0,0,24,No,No
CUST100343,30,Female,India,Premium,651,44,5,Smart TV,UPI,No,4.9,Thriller,4.0,2,46,No,No
CUST100344,52,Female,Mexico,Basic,208,2,1,Mobile,UPI,Yes,9.3,Comedy,4.9,0,70,No,No
CUST100345,13,Male,USA,Basic,202,7,5,Mobile,Debit Card,Yes,4.9,Documentary,1.8,2,7,No,No
CUST100346,23,Male,USA,Standard,490,32,2,Smart TV,Credit Card,Yes,0.3,Documentary,4.1,1,2,No,Yes
CUST100347,40,Other,UK,Standard,492,49,3,Smart TV,UPI,Yes,2.4,Documentary,1.2,0,86,No,No
CUST100348,69,Male,France,Basic,195,19,3,Smart TV,PayPal,No,3.5,Romance,1.5,0,32,No,No
CUST100349,37,Female,India,Premium,657,12,4,Smart TV,UPI,No,3.5,Romance,3.1,0,27,Yes,No
CUST100350,62,Male,USA,Premium,655,9,5,Smart TV,PayPal,No,0.7,Thriller,5.0,1,21,Yes,No
CUST100351,35,Female,Mexico,Basic,204,27,5,Smart TV,Debit Card,Yes,4.8,Anime,4.8,0,29,No,No
CUST100352,43,Male,USA,Basic,201,14,1,Laptop,Credit Card,No,9.4,Drama,1.4,0,46,No,No
CUST100353,42,Female,India,Premium,656,2,5,Gaming Console,PayPal,No,0.4,Romance,2.0,0,35,No,Yes
CUST100354,54,Other,UK,Premium,650,21,3,Mobile,Credit Card,No,11.1,Romance,4.8,1,58,No,Yes
CUST100355,47,Male,USA,Standard,489,4,5,Mobile,UPI,No,24.8,Action,1.6,0,13,No,No
CUST100356,19,Male,France,Basic,203,60,4,Laptop,PayPal,Yes,0.1,Comedy,4.0,1,72,Yes,Yes
CUST100357,72,Male,Brazil,Standard,491,51,4,Mobile,Credit Card,Yes,1.7,Romance,1.0,1,85,No,No
CUST100358,28,Male,UK,Standard,494,21,3,Laptop,UPI,Yes,6.3,Romance,3.5,0,13,No,No
CUST100359,38,Male,Japan,Basic,202,48,3,Mobile,UPI,No,2.0,Drama,3.0,0,78,Yes,Yes
CUST100360,60,Male,UK,Standard,494,22,3,Mobile,PayPal,Yes,11.6,Action,2.9,1,55,Yes,No
CUST100361,69,Female,India,Standard,489,49,5,Smart TV,Credit Card,Yes,3.0,Thriller,4.3,0,23,No,No
CUST100362,64,Male,USA,Basic,208,2,5,Mobile,PayPal,Yes,2.8,Action,1.3,1,48,No,No
CUST100363,72,Male,UK,Premium,644,17,2,Smart TV,Credit Card,Yes,0.0,Anime,2.5,0,42,No,No
CUST100364,61,Female,India,Premium,646,19,1,Smart TV,UPI,Yes,2.5,Thriller,2.8,1,2,No,No
CUST100365,14,Male,France,Basic,203,40,5,Smart TV,Debit Card,Yes,2.0,Thriller,1.5,2,22,No,No
CUST100366,13,Female,Brazil,Premium,652,24,2,Mobile,Credit Card,Yes,3.4,Romance,1.3,4,19,Yes,No
CUST100367,60,Male,USA,Basic,204,20,2,Mobile,Debit Card,No,1.3,Romance,1.7,2,14,Yes,Yes
CUST100368,74,Female,Canada,Premium,658,38,4,Tablet,Credit Card,No,7.2,Romance,2.0,1,42,No,No
CUST100369,24,Female,Brazil,Basic,204,12,5,Smart TV,Debit Card,Yes,2.2,Drama,4.9,2,79,No,No
CUST100370,17,Female,France,Basic,207,25,2,Smart TV,Credit Card,Yes,14.3,Documentary,2.9,0,70,No,No
CUST100371,49,Other,Mexico,Standard,489,23,4,Tablet,Net Banking,No,2.7,Anime,3.0,0,32,No,Yes
CUST100372,44,Male,UK,Standard,492,50,1,Tablet,Credit Card,No,1.9,Documentary,3.8,2,54,No,No
CUST100373,71,Other,Australia,Premium,648,59,4,Mobile,Net Banking,Yes,0.5,Drama,3.7,1,82,Yes,Yes
CUST100374,67,Male,Canada,Standard,508,34,1,Smart TV,Net Banking,Yes,10.8,Horror,3.0,0,81,Yes,Yes
CUST100375,21,Male,Canada,Basic,206,32,3,Mobile,UPI,Yes,5.7,Comedy,2.4,1,40,No,Yes
CUST100376,53,Male,India,Standard,490,51,3,Smart TV,UPI,Yes,1.0,Thriller,2.3,0,17,No,No
CUST100377,47,Female,India,Standard,492,24,4,Tablet,Debit Card,No,2.0,Comedy,1.2,1,2,No,No
CUST100378,31,Male,Canada,Basic,203,42,3,Laptop,Net Banking,Yes,53.3,Anime,4.6,1,2,No,No
CUST100379,60,Female,USA,Standard,492,25,5,Smart TV,UPI,Yes,13.1,Thriller,4.1,2,15,No,No
CUST100380,28,Female,India,Premium,654,3,4,Tablet,Net Banking,Yes,3.4,Romance,3.5,0,42,Yes,No
CUST100381,15,Female,Brazil,Premium,653,25,2,Mobile,Debit Card,Yes,6.3,Thriller,2.6,1,22,No,No
CUST100382,32,Female,India,Premium,656,28,5,Gaming Console,Net Banking,Yes,4.3,Horror,3.3,0,86,No,No
CUST100383,36,Male,Canada,Basic,195,12,4,Gaming Console,Debit Card,Yes,0.3,Romance,2.9,0,14,No,No
CUST100384,66,Male,Canada,Standard,503,26,1,Smart TV,Net Banking,Yes,12.1,Documentary,2.1,4,72,No,Yes
CUST100385,68,Male,Japan,Standard,499,48,3,Smart TV,Credit Card,Yes,10.1,Horror,2.2,1,57,No,No
CUST100386,45,Male,UK,Standard,507,44,3,Mobile,UPI,No,4.2,Anime,4.5,0,39,Yes,No
CUST100387,36,Male,India,Standard,496,8,3,Gaming Console,UPI,Yes,15.0,Documentary,3.5,0,37,No,No
CUST100388,64,Male,Canada,Premium,639,5,4,Gaming Console,UPI,Yes,6.1,Thriller,1.0,0,81,No,No
CUST100389,23,Male,Mexico,Standard,491,11,5,Mobile,Debit Card,Yes,0.5,Anime,2.3,1,5,No,No
CUST100390,61,Other,Japan,Premium,643,42,1,Smart TV,UPI,Yes,2.4,Anime,2.4,0,45,No,No
CUST100391,20,Female,UK,Premium,656,35,3,Smart TV,Credit Card,Yes,5.0,Romance,3.8,1,5,No,No
CUST100392,48,Male,USA,Premium,650,27,5,Laptop,UPI,Yes,0.9,Documentary,3.8,0,84,No,No
CUST100393,50,Female,France,Premium,650,55,2,Mobile,UPI,No,6.8,Documentary,2.9,1,19,No,No
CUST100394,52,Male,India,Standard,507,41,2,Mobile,Debit Card,Yes,1.0,Romance,4.8,1,18,Yes,No
CUST100395,32,Male,Germany,Basic,197,44,1,Mobile,PayPal,No,1.8,Horror,4.5,0,13,No,No
CUST100396,74,Female,USA,Standard,499,38,3,Laptop,Credit Card,Yes,18.0,Horror,4.5,1,64,No,No
CUST100397,47,Female,India,Basic,205,19,2,Tablet,Credit Card,Yes,60.0,Action,2.4,0,28,No,No
CUST100398,60,Male,USA,Standard,504,48,5,Smart TV,UPI,Yes,6.4,Anime,2.7,0,30,No,No
CUST100399,74,Other,USA,Standard,492,53,5,Smart TV,Net Banking,No,7.7,Anime,2.7,0,24,No,No
CUST100400,37,Female,Brazil,Standard,498,55,2,Laptop,UPI,Yes,12.8,Action,2.8,0,70,Yes,No
CUST100401,47,Female,France,Premium,653,56,3,Tablet,PayPal,No,9.5,Romance,4.6,0,45,Yes,No
CUST100402,37,Female,USA,Premium,657,32,1,Smart TV,UPI,Yes,1.6,Thriller,2.0,0,51,No,No
CUST100403,41,Female,Australia,Basic,191,46,3,Smart TV,PayPal,No,4.2,Anime,4.2,1,15,No,Yes
CUST100404,30,Male,India,Standard,493,28,4,Smart TV,Debit Card,Yes,6.1,Documentary,3.1,0,10,No,No
CUST100405,58,Male,Canada,Standard,499,36,2,Smart TV,PayPal,No,3.6,Anime,2.0,2,17,No,No
CUST100406,30,Male,India,Standard,493,18,4,Smart TV,Debit Card,Yes,1.5,Anime,3.1,0,55,No,No
CUST100407,14,Male,France,Premium,645,10,2,Mobile,UPI,Yes,10.7,Horror,1.8,0,55,No,No
CUST100408,66,Female,Brazil,Standard,494,32,1,Smart TV,Credit Card,Yes,1.8,Action,1.4,0,56,Yes,No
CUST100409,47,Male,Germany,Standard,501,18,3,Mobile,Net Banking,Yes,2.4,Comedy,4.4,0,68,No,Yes
CUST100410,28,Other,Australia,Premium,640,12,3,Smart TV,PayPal,Yes,2.7,Thriller,3.8,0,65,No,No
CUST100411,73,Female,Germany,Premium,657,51,2,Smart TV,Net Banking,No,1.4,Thriller,1.8,0,73,Yes,Yes
CUST100412,53,Female,Japan,Basic,199,8,5,Mobile,Credit Card,Yes,15.2,Anime,4.8,0,89,No,Yes
CUST100413,48,Female,Brazil,Standard,508,33,4,Mobile,Credit Card,Yes,7.5,Comedy,1.1,0,87,No,No
CUST100414,45,Female,France,Standard,493,46,3,Smart TV,Debit Card,Yes,14.4,Thriller,2.3,1,89,Yes,Yes
CUST100415,16,Male,UK,Basic,197,55,3,Laptop,UPI,Yes,5.4,Documentary,1.1,0,15,Yes,No
CUST100416,45,Female,India,Basic,194,38,2,Smart TV,PayPal,Yes,5.9,Anime,1.6,0,88,Yes,No
CUST100417,26,Male,Canada,Standard,505,14,5,Mobile,Debit Card,Yes,7.7,Horror,1.7,0,5,Yes,No
CUST100418,33,Female,India,Standard,507,2,4,Mobile,Debit Card,No,3.7,Action,4.2,2,51,No,Yes
CUST100419,60,Male,Canada,Basic,196,9,5,Tablet,Debit Card,Yes,5.5,Drama,5.0,0,54,No,No
CUST100420,32,Female,UK,Standard,495,44,5,Mobile,PayPal,No,6.3,Anime,4.5,1,75,No,Yes
CUST100421,68,Female,Germany,Premium,643,5,2,Mobile,Debit Card,Yes,24.6,Action,3.5,1,72,Yes,No
CUST100422,20,Male,India,Basic,203,34,5,Mobile,Net Banking,Yes,17.2,Romance,3.9,1,48,No,Yes
CUST100423,19,Male,India,Basic,198,19,4,Smart TV,Credit Card,No,1.1,Comedy,3.1,0,71,No,Yes
CUST100424,15,Other,UK,Premium,654,7,1,Laptop,PayPal,Yes,0.3,Drama,2.7,0,55,Yes,Yes
CUST100425,29,Female,Japan,Basic,197,39,1,Smart TV,UPI,No,9.1,Romance,3.8,1,40,No,Yes
CUST100426,45,Female,USA,Premium,645,42,4,Laptop,Credit Card,Yes,0.4,Horror,4.9,1,70,No,No
CUST100427,60,Female,UK,Standard,499,17,2,Smart TV,PayPal,Yes,0.5,Romance,1.1,1,55,No,No
CUST100428,24,Male,Brazil,Basic,197,26,3,Gaming Console,Debit Card,No,1.4,Horror,2.3,1,88,No,Yes
CUST100429,71,Male,Germany,Basic,205,46,2,Smart TV,UPI,Yes,3.5,Documentary,2.3,1,62,No,Yes
CUST100430,63,Male,USA,Basic,197,27,4,Tablet,UPI,No,4.6,Documentary,2.7,1,27,Yes,No
CUST100431,34,Female,USA,Basic,191,43,5,Mobile,Credit Card,Yes,5.9,Anime,3.5,0,74,No,No
CUST100432,67,Male,India,Basic,196,28,1,Smart TV,PayPal,No,38.9,Horror,3.1,2,30,Yes,No
CUST100433,34,Female,Japan,Standard,507,20,5,Smart TV,UPI,Yes,3.9,Anime,1.1,2,54,No,No
CUST100434,58,Female,India,Basic,208,6,2,Tablet,PayPal,Yes,2.2,Action,2.6,1,51,No,No
CUST100435,42,Female,USA,Standard,504,8,4,Smart TV,Debit Card,Yes,6.9,Anime,3.5,1,73,No,No
CUST100436,50,Female,India,Standard,495,32,1,Smart TV,Credit Card,Yes,1.9,Thriller,3.0,0,65,No,No
CUST100437,50,Other,USA,Basic,195,19,4,Smart TV,Debit Card,Yes,22.6,Romance,4.5,0,45,No,No
CUST100438,57,Male,Australia,Basic,208,32,1,Gaming Console,Net Banking,Yes,2.4,Thriller,2.6,2,3,No,No
CUST100439,63,Female,India,Basic,201,19,1,Smart TV,Net Banking,No,36.8,Comedy,1.1,0,21,No,No
CUST100440,66,Female,India,Basic,191,24,1,Smart TV,UPI,No,4.3,Thriller,2.1,1,44,No,Yes
CUST100441,20,Female,UK,Standard,500,24,2,Tablet,Debit Card,Yes,13.4,Documentary,1.5,2,27,No,No
CUST100442,39,Female,India,Basic,196,56,4,Tablet,PayPal,Yes,8.4,Drama,2.0,1,9,No,No
CUST100443,39,Male,India,Premium,651,17,3,Smart TV,PayPal,Yes,21.7,Romance,2.4,0,65,No,No
CUST100444,46,Male,Australia,Standard,508,56,3,Tablet,PayPal,Yes,7.9,Action,3.7,0,48,Yes,No
CUST100445,33,Female,Australia,Standard,504,56,3,Smart TV,Credit Card,No,7.0,Anime,2.3,1,86,No,No
CUST100446,42,Male,France,Standard,495,18,4,Smart TV,Credit Card,No,8.5,Action,4.5,2,79,No,Yes
CUST100447,45,Female,Mexico,Standard,492,12,5,Laptop,Debit Card,Yes,12.4,Action,2.2,1,72,No,No
CUST100448,40,Female,Brazil,Basic,200,41,4,Laptop,Credit Card,Yes,18.3,Thriller,1.5,0,50,No,Yes
CUST100449,59,Male,India,Basic,205,23,1,Smart TV,PayPal,Yes,2.5,Drama,1.7,1,42,No,No
CUST100450,45,Female,Australia,Standard,489,56,5,Smart TV,UPI,No,1.8,Thriller,4.7,0,5,No,No
CUST100451,17,Male,Mexico,Basic,205,48,1,Smart TV,PayPal,Yes,0.3,Thriller,2.8,2,24,No,Yes
CUST100452,72,Female,Australia,Standard,490,18,1,Laptop,Credit Card,Yes,3.7,Horror,2.6,0,3,Yes,No
CUST100453,73,Female,UK,Standard,494,16,4,Gaming Console,UPI,Yes,15.0,Romance,1.3,2,75,Yes,Yes
CUST100454,60,Female,USA,Standard,500,16,3,Smart TV,UPI,Yes,0.6,Documentary,3.9,0,23,No,No
CUST100455,31,Male,Mexico,Standard,499,36,5,Laptop,Debit Card,Yes,6.2,Romance,3.8,1,55,No,No
CUST100456,16,Male,Brazil,Standard,499,23,2,Smart TV,UPI,Yes,9.5,Anime,2.5,1,54,No,No
CUST100457,47,Female,Japan,Standard,506,22,3,Laptop,UPI,No,14.5,Documentary,3.8,1,53,No,No
CUST100458,61,Female,India,Standard,496,39,2,Smart TV,Net Banking,Yes,7.0,Romance,2.5,0,2,No,No
CUST100459,29,Female,USA,Standard,495,33,4,Mobile,Credit Card,No,1.6,Romance,1.3,1,75,No,Yes
CUST100460,56,Male,India,Standard,502,24,5,Smart TV,PayPal,Yes,26.7,Thriller,4.0,2,46,No,Yes
CUST100461,40,Male,Australia,Premium,654,55,4,Tablet,Net Banking,No,0.8,Romance,4.9,1,29,No,No
CUST100462,42,Male,India,Standard,500,20,2,Smart TV,PayPal,No,11.7,Comedy,3.6,0,75,No,No
CUST100463,41,Female,India,Standard,497,33,1,Mobile,PayPal,Yes,0.7,Anime,2.1,0,40,No,No
CUST100464,58,Male,Japan,Premium,658,31,4,Laptop,Credit Card,Yes,1.2,Anime,2.1,0,54,No,No
CUST100465,65,Male,India,Standard,504,40,5,Mobile,UPI,Yes,18.3,Comedy,4.7,0,58,Yes,No
CUST100466,18,Female,Mexico,Basic,207,58,4,Smart TV,PayPal,Yes,11.2,Comedy,2.2,0,39,Yes,No
CUST100467,47,Male,USA,Premium,654,55,3,Mobile,UPI,No,3.6,Romance,4.1,2,44,No,No
CUST100468,72,Other,Mexico,Basic,197,8,4,Laptop,Debit Card,No,8.1,Horror,3.6,2,21,No,Yes
CUST100469,53,Female,Canada,Standard,501,10,2,Mobile,Net Banking,Yes,4.9,Horror,3.4,0,14,No,No
CUST100470,49,Female,France,Premium,643,1,4,Smart TV,UPI,No,0.6,Thriller,1.7,1,16,No,No
CUST100471,36,Male,France,Premium,657,21,5,Mobile,Net Banking,Yes,10.2,Anime,1.1,1,58,No,No
CUST100472,41,Male,India,Basic,198,25,4,Gaming Console,UPI,Yes,11.5,Drama,3.0,1,24,No,No
CUST100473,61,Female,India,Standard,495,32,4,Smart TV,PayPal,Yes,17.1,Horror,5.0,0,42,Yes,Yes
CUST100474,58,Female,USA,Standard,497,53,5,Mobile,PayPal,Yes,6.2,Horror,1.8,0,63,Yes,No
CUST100475,65,Female,Germany,Basic,202,46,4,Mobile,UPI,Yes,8.9,Comedy,3.1,1,50,Yes,Yes
CUST100476,43,Male,Mexico,Basic,203,46,5,Smart TV,Credit Card,No,4.6,Horror,3.7,2,60,No,No
CUST100477,47,Female,UK,Standard,501,10,2,Smart TV,Credit Card,Yes,3.1,Documentary,2.9,0,44,No,Yes
CUST100478,72,Female,Germany,Standard,498,60,5,Tablet,UPI,Yes,4.2,Action,3.0,1,2,Yes,No
CUST100479,45,Female,India,Basic,202,51,2,Smart TV,Net Banking,Yes,19.4,Horror,3.6,0,35,No,Yes
CUST100480,64,Female,Australia,Standard,500,57,2,Laptop,UPI,Yes,1.4,Action,4.3,2,78,No,Yes
CUST100481,73,Female,Japan,Standard,507,48,5,Laptop,Credit Card,Yes,2.3,Thriller,2.3,0,63,No,No
CUST100482,33,Female,USA,Premium,644,9,4,Smart TV,Debit Card,Yes,7.5,Action,4.6,1,27,No,No
CUST100483,44,Male,UK,Premium,650,20,3,Smart TV,UPI,Yes,1.0,Anime,2.9,0,44,No,No
CUST100484,35,Female,India,Standard,501,48,5,Tablet,UPI,Yes,17.8,Horror,3.6,1,83,No,No
CUST100485,45,Male,Canada,Premium,646,20,4,Laptop,Net Banking,Yes,0.4,Thriller,1.4,0,20,Yes,No
CUST100486,15,Male,UK,Premium,654,59,2,Smart TV,UPI,Yes,11.3,Action,3.0,0,26,No,No
CUST100487,30,Male,India,Basic,190,40,1,Smart TV,Debit Card,Yes,3.7,Drama,1.1,0,82,Yes,No
CUST100488,37,Male,UK,Basic,195,7,3,Mobile,UPI,Yes,0.4,Drama,2.6,1,75,Yes,No
CUST100489,54,Male,USA,Standard,500,11,4,Mobile,PayPal,Yes,14.8,Drama,1.2,0,34,No,Yes
CUST100490,43,Male,Canada,Standard,495,21,3,Mobile,UPI,Yes,8.2,Drama,4.6,2,47,No,Yes
CUST100491,66,Female,Canada,Standard,507,38,1,Gaming Console,Debit Card,No,0.1,Horror,3.7,1,22,No,Yes
CUST100492,70,Female,India,Standard,502,47,1,Mobile,Debit Card,Yes,2.5,Comedy,4.2,0,63,No,No
CUST100493,15,Male,Brazil,Standard,497,19,1,Tablet,PayPal,Yes,3.5,Anime,2.9,1,12,Yes,No
CUST100494,52,Female,Brazil,Standard,506,46,5,Laptop,Credit Card,No,3.1,Documentary,4.4,1,29,No,No
CUST100495,58,Female,USA,Basic,199,15,3,Smart TV,Debit Card,Yes,5.5,Drama,4.5,0,73,No,Yes
CUST100496,36,Male,India,Premium,654,6,5,Laptop,Credit Card,Yes,6.0,Romance,2.4,0,19,No,No
CUST100497,62,Male,Brazil,Basic,207,56,1,Mobile,Net Banking,No,4.0,Comedy,2.5,0,5,No,Yes
CUST100498,44,Female,Japan,Premium,649,10,4,Smart TV,Credit Card,No,3.2,Thriller,3.0,1,18,No,No
CUST100499,59,Female,USA,Basic,206,46,1,Smart TV,PayPal,No,5.6,Action,1.2,0,66,Yes,No
CUST100500,34,Female,USA,Premium,649,16,5,Mobile,UPI,Yes,0.3,Action,5.0,1,73,No,No
CUST100501,35,Male,India,Basic,192,45,1,Mobile,UPI,Yes,8.3,Comedy,2.4,1,9,No,No
CUST100502,14,Male,Canada,Basic,206,11,1,Gaming Console,PayPal,No,7.5,Romance,2.9,2,55,No,Yes
CUST100503,39,Male,India,Basic,207,57,5,Tablet,Debit Card,Yes,2.6,Romance,4.0,0,20,Yes,No
CUST100504,54,Male,USA,Standard,501,35,5,Smart TV,Debit Card,No,1.6,Horror,2.2,0,55,No,Yes
CUST100505,14,Male,Brazil,Premium,642,8,4,Laptop,Debit Card,Yes,0.6,Action,1.8,0,56,No,No
CUST100506,38,Male,Canada,Standard,498,28,5,Smart TV,UPI,Yes,7.1,Romance,1.5,0,1,No,No
CUST100507,29,Female,USA,Premium,643,3,4,Smart TV,Net Banking,Yes,6.7,Drama,3.1,1,38,Yes,No
CUST100508,52,Female,UK,Standard,491,2,2,Smart TV,Net Banking,Yes,6.1,Anime,1.0,0,60,Yes,No
CUST100509,45,Male,Canada,Standard,504,53,2,Mobile,PayPal,Yes,33.9,Action,3.8,0,44,No,No
CUST100510,21,Female,India,Premium,646,14,5,Smart TV,Net Banking,Yes,6.1,Drama,2.8,1,27,No,No
CUST100511,55,Male,India,Basic,195,52,1,Mobile,Net Banking,Yes,10.2,Drama,3.1,1,17,No,No
CUST100512,66,Male,Mexico,Standard,507,29,3,Smart TV,PayPal,Yes,1.0,Action,2.1,0,13,Yes,No
CUST100513,60,Male,India,Premium,652,53,1,Smart TV,Debit Card,Yes,2.8,Anime,1.7,1,54,Yes,No
CUST100514,51,Female,Brazil,Premium,653,54,5,Tablet,UPI,Yes,2.6,Comedy,3.8,1,58,Yes,No
CUST100515,41,Other,France,Premium,655,47,4,Gaming Console,Net Banking,Yes,6.9,Thriller,1.8,0,18,No,No
CUST100516,54,Female,USA,Premium,639,3,1,Laptop,UPI,No,3.2,Horror,4.1,4,40,No,No
CUST100517,67,Male,USA,Basic,194,1,2,Mobile,PayPal,Yes,8.2,Comedy,1.8,1,11,No,No
CUST100518,38,Female,Canada,Premium,653,15,5,Laptop,Credit Card,No,9.4,Documentary,3.5,0,19,No,No
CUST100519,47,Male,Mexico,Standard,500,20,1,Laptop,Credit Card,Yes,0.3,Documentary,3.6,1,33,No,No
CUST100520,62,Female,France,Premium,658,22,1,Laptop,Debit Card,Yes,8.2,Drama,3.0,1,35,No,Yes
CUST100521,37,Female,Brazil,Standard,490,34,4,Smart TV,Credit Card,No,1.0,Drama,5.0,0,20,Yes,No
CUST100522,36,Male,India,Standard,493,50,4,Smart TV,Net Banking,Yes,5.0,Comedy,2.5,0,55,No,No
CUST100523,25,Female,Germany,Standard,497,33,4,Smart TV,Credit Card,Yes,10.4,Anime,4.5,0,82,Yes,Yes
CUST100524,72,Female,USA,Basic,208,9,3,Mobile,UPI,Yes,9.7,Comedy,1.7,0,40,Yes,No
CUST100525,70,Male,UK,Basic,202,3,5,Smart TV,Credit Card,Yes,2.9,Drama,2.3,0,40,No,No
CUST100526,19,Female,India,Premium,656,2,5,Laptop,Credit Card,No,2.5,Romance,1.6,2,42,No,Yes
CUST100527,69,Male,India,Premium,646,4,2,Laptop,Credit Card,No,4.6,Thriller,3.4,0,71,Yes,Yes
CUST100528,48,Female,Australia,Basic,190,16,2,Smart TV,Net Banking,No,1.7,Thriller,3.6,0,85,Yes,Yes
CUST100529,57,Female,UK,Premium,647,54,5,Smart TV,PayPal,Yes,29.4,Documentary,2.8,0,37,No,No
CUST100530,32,Female,USA,Standard,495,33,1,Mobile,UPI,No,3.4,Romance,3.9,0,17,Yes,No
CUST100531,13,Female,USA,Standard,506,9,5,Smart TV,Net Banking,Yes,20.5,Thriller,4.5,0,7,No,No
CUST100532,20,Female,Mexico,Basic,204,57,3,Smart TV,Net Banking,Yes,19.1,Action,4.1,1,65,No,Yes
CUST100533,58,Male,Brazil,Premium,643,40,2,Laptop,UPI,Yes,3.6,Drama,2.0,0,19,No,No
CUST100534,28,Female,USA,Standard,503,38,2,Mobile,Debit Card,Yes,2.3,Comedy,2.3,2,68,No,Yes
CUST100535,26,Male,India,Standard,493,52,2,Tablet,Debit Card,No,11.8,Drama,2.5,1,56,Yes,No
CUST100536,24,Female,USA,Standard,499,18,5,Laptop,Credit Card,Yes,2.1,Horror,1.8,2,17,Yes,No
CUST100537,63,Male,France,Basic,202,16,2,Tablet,Debit Card,Yes,5.9,Action,2.4,1,59,No,No
CUST100538,35,Male,Canada,Standard,507,8,2,Smart TV,Debit Card,No,0.9,Thriller,2.0,2,86,No,Yes
CUST100539,27,Female,Canada,Basic,191,23,5,Smart TV,Credit Card,No,3.9,Drama,5.0,2,1,No,No
CUST100540,40,Male,Canada,Basic,198,60,1,Smart TV,Net Banking,Yes,0.7,Action,4.1,0,41,Yes,No
CUST100541,46,Female,USA,Standard,494,36,2,Smart TV,PayPal,Yes,2.7,Romance,4.4,2,63,No,Yes
CUST100542,14,Male,Australia,Premium,641,3,2,Mobile,Debit Card,Yes,8.8,Thriller,4.7,0,43,Yes,No
CUST100543,44,Male,Canada,Standard,490,15,2,Laptop,PayPal,Yes,38.0,Anime,3.7,1,50,No,Yes
CUST100544,35,Female,India,Basic,201,38,3,Gaming Console,PayPal,Yes,2.4,Documentary,1.7,0,64,No,No
CUST100545,34,Male,India,Standard,506,33,5,Tablet,Debit Card,Yes,5.1,Romance,4.0,1,64,No,No
CUST100546,63,Male,Canada,Premium,640,18,2,Mobile,UPI,Yes,4.8,Documentary,1.1,3,53,No,No
CUST100547,37,Female,France,Standard,503,23,3,Mobile,Debit Card,Yes,1.6,Documentary,1.5,1,38,No,No
CUST100548,70,Male,USA,Premium,643,43,1,Smart TV,Credit Card,Yes,7.5,Romance,1.1,0,7,No,No
CUST100549,74,Female,Mexico,Standard,503,3,1,Mobile,UPI,Yes,10.3,Action,1.5,0,66,No,No
CUST100550,73,Male,Brazil,Premium,655,30,3,Tablet,Debit Card,No,1.3,Action,4.0,1,75,No,Yes
CUST100551,34,Male,USA,Basic,190,45,1,Smart TV,Credit Card,No,11.3,Comedy,4.5,2,48,No,Yes
CUST100552,70,Female,India,Basic,206,17,4,Mobile,UPI,Yes,9.6,Comedy,2.1,1,88,No,No
CUST100553,70,Male,India,Standard,503,50,1,Tablet,Net Banking,Yes,1.8,Documentary,1.5,0,35,No,No
CUST100554,34,Male,Brazil,Standard,508,58,4,Smart TV,PayPal,Yes,8.4,Drama,2.1,0,6,Yes,No
CUST100555,61,Male,India,Premium,641,58,3,Gaming Console,PayPal,No,4.0,Thriller,3.6,0,14,No,No
CUST100556,64,Male,USA,Premium,643,32,4,Smart TV,PayPal,Yes,9.1,Comedy,2.4,0,84,No,No
CUST100557,54,Female,UK,Basic,199,46,1,Tablet,PayPal,Yes,5.5,Thriller,4.8,1,24,Yes,No
CUST100558,18,Male,Brazil,Basic,197,57,2,Mobile,Credit Card,Yes,0.4,Romance,1.5,1,56,No,No
CUST100559,27,Female,India,Standard,493,7,4,Smart TV,Net Banking,Yes,12.4,Horror,5.0,0,37,No,Yes
CUST100560,66,Female,USA,Basic,189,39,1,Smart TV,PayPal,Yes,6.5,Drama,1.0,0,36,No,No
CUST100561,55,Male,UK,Standard,502,14,2,Laptop,Debit Card,No,10.3,Documentary,2.8,1,15,No,No
CUST100562,72,Female,Canada,Premium,643,58,3,Tablet,UPI,Yes,1.1,Anime,2.0,0,0,No,No
CUST100563,49,Male,Australia,Premium,646,56,3,Mobile,UPI,No,10.2,Thriller,3.3,0,46,No,No
CUST100564,45,Other,India,Standard,502,15,5,Tablet,Credit Card,Yes,4.3,Romance,1.4,1,51,No,No
CUST100565,20,Male,Australia,Premium,654,44,3,Laptop,Debit Card,Yes,12.8,Horror,4.5,0,36,Yes,Yes
CUST100566,65,Female,Brazil,Standard,494,12,5,Smart TV,Credit Card,No,7.3,Documentary,1.5,0,44,No,No
CUST100567,72,Female,Canada,Basic,196,8,3,Laptop,Net Banking,Yes,3.5,Anime,3.3,0,13,No,No
CUST100568,56,Male,Brazil,Standard,490,16,3,Smart TV,Credit Card,Yes,1.8,Thriller,1.1,0,56,No,No
CUST100569,56,Female,USA,Standard,507,41,3,Mobile,Debit Card,Yes,13.5,Drama,2.2,1,33,No,No
CUST100570,17,Female,India,Standard,497,34,5,Smart TV,Credit Card,No,6.6,Comedy,1.6,0,65,No,No
CUST100571,51,Male,Germany,Basic,193,46,5,Smart TV,PayPal,Yes,35.0,Action,4.9,0,30,No,No
CUST100572,16,Male,Canada,Standard,493,24,4,Mobile,Net Banking,No,3.7,Documentary,1.0,2,82,Yes,Yes
CUST100573,18,Female,Germany,Standard,507,56,1,Smart TV,UPI,Yes,9.3,Comedy,2.4,1,82,Yes,No
CUST100574,57,Female,USA,Premium,642,29,1,Mobile,Credit Card,No,7.8,Thriller,2.2,1,43,No,No
CUST100575,44,Other,France,Standard,504,16,1,Tablet,UPI,No,8.1,Romance,3.6,0,22,No,No
CUST100576,64,Female,Canada,Premium,654,5,3,Smart TV,PayPal,Yes,10.7,Romance,1.2,2,80,No,No
CUST100577,42,Female,India,Premium,654,5,1,Laptop,PayPal,No,1.2,Comedy,4.2,1,65,No,No
CUST100578,59,Female,UK,Basic,195,52,5,Mobile,PayPal,Yes,6.4,Action,2.9,0,10,No,No
CUST100579,47,Male,Brazil,Standard,506,30,4,Smart TV,Debit Card,Yes,5.7,Documentary,2.8,1,48,No,No
CUST100580,67,Male,Australia,Premium,639,53,2,Laptop,Credit Card,No,3.4,Documentary,1.9,1,77,No,Yes
CUST100581,52,Female,UK,Standard,491,50,4,Smart TV,Credit Card,No,4.6,Comedy,3.0,0,57,No,No
CUST100582,64,Female,Mexico,Premium,646,50,1,Smart TV,Net Banking,Yes,5.9,Horror,2.5,1,28,No,No
CUST100583,28,Male,USA,Basic,189,5,1,Smart TV,UPI,Yes,3.1,Horror,2.0,0,82,Yes,No
CUST100584,25,Male,USA,Basic,195,43,5,Mobile,PayPal,No,2.8,Drama,1.7,1,50,No,No
CUST100585,62,Female,Mexico,Premium,645,13,4,Mobile,Net Banking,Yes,10.7,Thriller,3.9,1,0,No,No
CUST100586,72,Female,Mexico,Premium,646,35,5,Smart TV,Net Banking,No,0.6,Comedy,1.6,1,4,Yes,No
CUST100587,54,Male,Brazil,Premium,657,49,5,Smart TV,Credit Card,No,3.0,Drama,1.7,0,33,No,No
CUST100588,42,Male,Mexico,Standard,505,25,2,Laptop,Credit Card,Yes,8.5,Documentary,3.3,1,77,No,No
CUST100589,31,Male,India,Premium,649,50,5,Tablet,Net Banking,No,1.9,Thriller,1.9,0,18,No,No
CUST100590,29,Male,Mexico,Premium,653,14,5,Mobile,Net Banking,No,6.8,Documentary,2.8,0,87,No,Yes
CUST100591,68,Male,USA,Premium,647,44,2,Smart TV,UPI,Yes,2.9,Action,3.2,1,39,No,No
CUST100592,31,Male,India,Standard,505,46,3,Smart TV,Net Banking,Yes,14.8,Romance,2.1,0,80,No,No
CUST100593,40,Female,USA,Standard,499,26,3,Tablet,Credit Card,No,3.4,Anime,2.4,0,65,Yes,No
CUST100594,70,Male,USA,Premium,644,18,2,Smart TV,Credit Card,Yes,2.1,Drama,1.8,1,80,No,No
CUST100595,67,Female,USA,Standard,497,20,5,Smart TV,UPI,Yes,6.0,Horror,2.8,0,63,No,Yes
CUST100596,38,Female,USA,Standard,506,34,1,Mobile,PayPal,Yes,1.2,Action,5.0,0,71,Yes,Yes
CUST100597,49,Male,India,Standard,508,7,4,Laptop,UPI,Yes,12.8,Action,2.5,1,16,No,No
CUST100598,38,Female,USA,Standard,490,47,1,Mobile,UPI,Yes,9.1,Action,3.6,0,37,No,No
CUST100599,65,Male,Canada,Standard,492,60,1,Smart TV,Credit Card,Yes,11.8,Horror,3.5,0,89,Yes,No
CUST100600,74,Female,UK,Basic,206,10,5,Laptop,Debit Card,Yes,4.1,Horror,4.1,0,42,No,No
CUST100601,35,Male,USA,Premium,639,15,4,Mobile,Net Banking,Yes,14.4,Drama,3.8,2,39,No,No
CUST100602,21,Female,Brazil,Standard,499,17,4,Laptop,Credit Card,Yes,5.4,Thriller,1.0,1,44,No,No
CUST100603,24,Female,Mexico,Standard,491,11,3,Smart TV,PayPal,No,0.8,Anime,2.2,1,39,No,Yes
CUST100604,65,Male,Brazil,Basic,196,34,2,Laptop,PayPal,No,2.0,Documentary,4.5,0,70,No,No
CUST100605,13,Male,USA,Basic,193,27,5,Mobile,PayPal,Yes,9.9,Thriller,3.2,0,87,No,No
CUST100606,70,Female,Brazil,Basic,208,21,4,Mobile,Net Banking,Yes,18.1,Romance,1.4,0,89,No,Yes
CUST100607,70,Female,India,Standard,493,31,5,Mobile,Debit Card,Yes,0.8,Thriller,2.1,0,29,Yes,No
CUST100608,13,Male,India,Basic,199,50,3,Smart TV,UPI,Yes,16.0,Thriller,2.1,2,34,Yes,No
CUST100609,59,Female,USA,Premium,650,57,1,Smart TV,Credit Card,Yes,12.8,Documentary,4.5,2,65,No,No
CUST100610,46,Male,Australia,Basic,197,4,4,Smart TV,Debit Card,No,3.5,Documentary,3.2,0,43,No,No
CUST100611,44,Female,USA,Basic,201,41,3,Mobile,UPI,Yes,9.4,Drama,3.4,1,3,No,No
CUST100612,74,Male,India,Basic,208,59,5,Mobile,Credit Card,Yes,1.7,Romance,2.5,0,63,No,No
CUST100613,66,Female,India,Basic,191,60,3,Laptop,Net Banking,Yes,13.4,Comedy,1.2,0,4,No,No
CUST100614,60,Male,Mexico,Premium,651,49,3,Smart TV,PayPal,Yes,8.6,Horror,1.3,0,47,No,No
CUST100615,37,Male,Germany,Premium,649,17,3,Tablet,Debit Card,Yes,4.6,Horror,2.7,1,65,No,Yes
CUST100616,52,Male,USA,Standard,499,49,3,Smart TV,Credit Card,No,16.0,Documentary,1.7,1,26,Yes,No
CUST100617,57,Male,Canada,Basic,208,48,3,Mobile,Debit Card,Yes,1.2,Documentary,1.4,0,23,No,No
CUST100618,65,Female,Canada,Basic,195,20,3,Smart TV,UPI,Yes,15.0,Romance,2.0,1,55,No,No
CUST100619,13,Male,Germany,Standard,505,25,2,Laptop,PayPal,Yes,0.2,Comedy,4.0,1,44,Yes,No
CUST100620,28,Female,USA,Premium,654,40,5,Laptop,UPI,Yes,11.2,Documentary,1.3,1,67,No,No
CUST100621,73,Male,Mexico,Basic,202,23,1,Tablet,Credit Card,Yes,6.8,Thriller,2.8,0,27,Yes,No
CUST100622,51,Male,USA,Standard,489,15,5,Smart TV,Credit Card,No,9.5,Romance,4.3,1,4,No,No
CUST100623,17,Male,Brazil,Standard,499,33,4,Smart TV,Debit Card,Yes,4.3,Documentary,2.1,0,46,No,No
CUST100624,34,Male,India,Basic,201,19,4,Laptop,UPI,Yes,16.0,Drama,2.2,0,4,Yes,No
CUST100625,41,Male,USA,Standard,489,57,5,Laptop,Credit Card,Yes,3.0,Documentary,4.5,2,4,No,No
CUST100626,67,Male,USA,Basic,190,15,3,Tablet,Credit Card,Yes,2.6,Comedy,3.6,2,47,No,Yes
CUST100627,15,Female,Canada,Premium,647,41,2,Smart TV,Debit Card,No,2.9,Thriller,4.2,1,72,No,No
CUST100628,24,Male,India,Basic,201,5,1,Laptop,UPI,Yes,11.9,Comedy,2.2,0,46,Yes,No
CUST100629,38,Female,Australia,Standard,493,16,3,Smart TV,UPI,Yes,5.5,Horror,5.0,0,61,No,Yes
CUST100630,28,Female,India,Basic,197,60,5,Mobile,PayPal,Yes,6.2,Romance,1.6,3,26,No,No
CUST100631,63,Male,Germany,Premium,651,45,5,Smart TV,UPI,Yes,14.3,Documentary,4.8,1,3,No,No
CUST100632,49,Male,Australia,Basic,193,48,2,Laptop,UPI,No,14.3,Documentary,4.6,1,48,No,No
CUST100633,34,Other,Canada,Premium,653,32,2,Mobile,Credit Card,Yes,1.4,Anime,3.2,0,87,No,No
CUST100634,69,Female,Brazil,Premium,645,22,5,Smart TV,Credit Card,Yes,6.4,Drama,3.3,0,64,No,No
CUST100635,41,Female,Germany,Premium,652,43,3,Smart TV,UPI,Yes,1.1,Thriller,4.1,0,79,Yes,No
CUST100636,26,Male,USA,Standard,504,32,3,Mobile,Credit Card,Yes,16.2,Documentary,2.2,0,86,No,No
CUST100637,40,Female,Australia,Standard,494,13,3,Smart TV,Debit Card,Yes,14.5,Anime,3.1,0,60,Yes,No
CUST100638,17,Female,USA,Standard,490,38,1,Smart TV,Credit Card,Yes,15.1,Drama,4.6,0,19,No,No
CUST100639,59,Female,Canada,Basic,204,26,1,Smart TV,Credit Card,No,9.8,Drama,1.3,0,80,No,Yes
CUST100640,61,Other,Brazil,Standard,507,52,3,Laptop,Credit Card,Yes,5.0,Comedy,4.6,1,7,No,No
CUST100641,42,Male,USA,Basic,193,17,5,Mobile,PayPal,Yes,4.1,Thriller,3.9,0,81,No,No
CUST100642,58,Male,USA,Premium,642,5,2,Smart TV,Debit Card,Yes,4.0,Action,4.1,0,12,Yes,No
CUST100643,74,Female,UK,Basic,202,49,4,Tablet,Credit Card,No,0.5,Romance,1.3,1,72,No,Yes
CUST100644,64,Female,Australia,Standard,494,33,2,Smart TV,Debit Card,No,23.8,Anime,1.8,0,36,No,Yes
CUST100645,17,Male,France,Standard,496,27,2,Laptop,UPI,Yes,4.8,Drama,4.7,1,42,No,No
CUST100646,24,Male,Canada,Standard,491,5,4,Mobile,PayPal,Yes,21.3,Action,1.5,0,55,No,No
CUST100647,28,Male,Germany,Standard,492,37,3,Tablet,Credit Card,No,16.9,Comedy,3.5,0,49,No,No
CUST100648,38,Male,France,Basic,189,7,2,Mobile,PayPal,Yes,14.1,Drama,4.1,0,81,No,No
CUST100649,38,Female,India,Standard,490,48,4,Laptop,Debit Card,Yes,7.1,Romance,1.9,1,19,Yes,No
CUST100650,60,Female,USA,Basic,201,18,5,Smart TV,UPI,Yes,0.9,Horror,3.8,1,47,Yes,No
CUST100651,33,Male,Brazil,Premium,647,31,5,Tablet,UPI,Yes,3.1,Thriller,1.3,2,18,No,No
CUST100652,51,Male,Australia,Premium,650,6,5,Smart TV,PayPal,No,7.4,Horror,3.0,0,68,No,No
CUST100653,48,Male,Mexico,Premium,648,2,3,Mobile,UPI,No,0.1,Action,2.3,0,16,Yes,No
CUST100654,45,Male,USA,Basic,198,13,2,Smart TV,Credit Card,No,0.3,Thriller,3.6,0,27,No,No
CUST100655,74,Female,India,Basic,206,42,2,Tablet,UPI,Yes,9.1,Action,4.6,0,35,No,No
CUST100656,42,Other,UK,Basic,200,53,1,Laptop,Credit Card,Yes,17.5,Anime,1.5,2,37,No,No
CUST100657,49,Female,USA,Basic,204,52,5,Smart TV,Net Banking,Yes,15.5,Comedy,2.8,1,81,No,No
CUST100658,35,Male,USA,Basic,194,11,3,Smart TV,Debit Card,No,1.5,Drama,2.7,0,69,No,Yes
CUST100659,70,Female,Australia,Standard,498,26,4,Mobile,Debit Card,Yes,19.4,Drama,2.3,1,25,No,No
CUST100660,22,Female,India,Basic,203,21,3,Smart TV,Credit Card,No,9.5,Comedy,2.9,1,78,No,No
CUST100661,66,Female,Australia,Standard,497,2,2,Smart TV,Credit Card,No,10.1,Horror,4.5,0,0,No,No
CUST100662,17,Male,UK,Premium,640,40,5,Gaming Console,UPI,Yes,2.9,Romance,4.9,1,80,No,No
CUST100663,48,Male,Canada,Standard,506,56,1,Laptop,UPI,Yes,10.1,Romance,1.0,1,1,No,No
CUST100664,46,Male,India,Standard,500,54,3,Tablet,Debit Card,Yes,9.9,Documentary,4.0,0,35,No,Yes
CUST100665,64,Male,USA,Standard,491,51,1,Mobile,Credit Card,Yes,7.2,Action,3.5,0,55,No,No
CUST100666,43,Male,India,Standard,495,20,2,Laptop,PayPal,No,3.5,Romance,5.0,0,34,No,No
CUST100667,22,Male,Japan,Basic,197,17,4,Mobile,Credit Card,Yes,13.3,Romance,1.4,0,26,No,No
CUST100668,70,Female,Australia,Standard,496,16,3,Smart TV,UPI,No,22.2,Action,4.2,1,66,No,No
CUST100669,31,Female,UK,Standard,494,57,2,Mobile,UPI,Yes,16.3,Documentary,4.7,0,55,No,No
CUST100670,70,Male,USA,Premium,639,42,5,Mobile,Debit Card,Yes,2.2,Horror,4.6,1,45,No,No
CUST100671,44,Male,France,Premium,652,5,3,Gaming Console,Credit Card,No,4.7,Comedy,3.2,0,19,No,No
CUST100672,13,Female,USA,Standard,504,14,1,Mobile,PayPal,Yes,3.4,Thriller,2.3,0,7,No,No
CUST100673,68,Female,India,Standard,504,24,3,Laptop,Debit Card,Yes,9.8,Thriller,3.6,0,71,Yes,Yes
CUST100674,17,Female,Canada,Basic,192,51,2,Laptop,Credit Card,No,14.2,Comedy,2.2,0,25,No,No
CUST100675,57,Other,France,Premium,644,4,2,Mobile,UPI,No,1.9,Thriller,2.6,1,73,No,No
CUST100676,16,Female,India,Standard,503,52,1,Mobile,Credit Card,Yes,23.5,Comedy,2.8,1,61,No,No
CUST100677,28,Other,USA,Basic,196,48,2,Smart TV,Debit Card,Yes,9.0,Action,2.2,2,32,Yes,No
CUST100678,36,Male,France,Basic,189,24,3,Smart TV,PayPal,Yes,2.0,Anime,2.4,0,60,Yes,No
CUST100679,28,Male,India,Basic,201,47,1,Laptop,Net Banking,Yes,3.7,Action,1.0,2,19,Yes,No
CUST100680,67,Male,India,Premium,656,60,2,Tablet,UPI,Yes,0.9,Anime,2.2,0,67,No,No
CUST100681,14,Male,Canada,Basic,206,9,2,Smart TV,Credit Card,Yes,7.3,Documentary,2.9,1,86,No,Yes
CUST100682,61,Male,Mexico,Standard,501,3,3,Tablet,Credit Card,Yes,1.5,Anime,1.7,0,28,No,Yes
CUST100683,40,Female,UK,Standard,502,55,2,Smart TV,UPI,Yes,9.4,Romance,4.2,1,45,No,No
CUST100684,44,Female,Japan,Standard,499,9,3,Mobile,Debit Card,No,10.7,Comedy,3.2,0,36,No,No
CUST100685,39,Female,Germany,Premium,645,18,5,Smart TV,Credit Card,No,5.2,Romance,4.2,2,89,No,Yes
CUST100686,32,Male,India,Premium,656,36,3,Smart TV,PayPal,Yes,0.8,Thriller,1.5,2,52,No,No
CUST100687,36,Female,Japan,Standard,492,19,4,Smart TV,Credit Card,Yes,7.6,Comedy,4.3,0,4,Yes,No
CUST100688,24,Female,USA,Basic,205,24,2,Mobile,Debit Card,Yes,3.7,Drama,4.8,1,87,No,No
CUST100689,62,Male,USA,Standard,507,4,5,Smart TV,Credit Card,Yes,23.9,Documentary,2.4,0,65,No,No
CUST100690,47,Female,Canada,Standard,502,9,1,Smart TV,PayPal,No,5.8,Drama,2.1,1,14,No,No
CUST100691,72,Male,USA,Standard,498,33,4,Smart TV,Debit Card,Yes,0.6,Documentary,3.6,1,45,Yes,Yes
CUST100692,45,Male,India,Standard,494,1,1,Smart TV,Credit Card,Yes,8.1,Documentary,3.5,0,56,No,No
CUST100693,45,Female,India,Basic,206,52,4,Smart TV,Debit Card,Yes,12.1,Documentary,1.4,1,7,No,No
CUST100694,73,Male,UK,Standard,492,51,5,Mobile,Net Banking,Yes,1.4,Anime,4.7,0,36,No,No
CUST100695,63,Male,Mexico,Basic,199,35,5,Laptop,UPI,Yes,4.8,Drama,2.9,0,56,No,No
CUST100696,55,Female,Canada,Premium,651,10,5,Smart TV,Credit Card,No,10.9,Horror,4.1,0,13,No,No
CUST100697,49,Female,Japan,Basic,196,12,4,Smart TV,PayPal,Yes,0.2,Documentary,2.4,0,4,No,No
CUST100698,24,Male,USA,Standard,498,18,3,Laptop,Credit Card,Yes,0.2,Comedy,2.0,0,72,No,Yes
CUST100699,15,Male,USA,Basic,199,14,1,Smart TV,Debit Card,Yes,9.0,Comedy,1.4,1,85,No,No
CUST100700,13,Male,India,Standard,491,10,3,Laptop,UPI,Yes,10.3,Horror,2.1,0,42,No,No
CUST100701,45,Female,India,Standard,503,10,3,Smart TV,UPI,Yes,15.0,Drama,5.0,0,48,No,No
CUST100702,52,Male,USA,Basic,196,18,2,Smart TV,Credit Card,Yes,4.1,Anime,3.6,2,43,No,Yes
CUST100703,22,Male,Australia,Premium,658,24,1,Smart TV,PayPal,Yes,4.0,Anime,4.2,1,55,No,No
CUST100704,55,Female,France,Standard,506,1,4,Smart TV,UPI,Yes,6.4,Action,4.8,1,47,Yes,No
CUST100705,56,Female,Japan,Standard,489,30,2,Laptop,Net Banking,Yes,11.3,Action,1.3,0,29,Yes,No
CUST100706,41,Male,USA,Standard,496,15,2,Smart TV,PayPal,Yes,8.2,Drama,1.7,0,32,No,No
CUST100707,25,Female,Mexico,Standard,491,8,5,Gaming Console,Net Banking,Yes,3.2,Horror,4.7,1,36,No,No
CUST100708,24,Female,USA,Standard,489,58,4,Smart TV,UPI,Yes,3.4,Anime,3.3,0,49,No,No
CUST100709,43,Male,India,Standard,508,35,3,Tablet,Credit Card,Yes,11.5,Documentary,3.5,1,6,No,No
CUST100710,58,Male,Mexico,Standard,504,18,3,Smart TV,PayPal,No,6.1,Documentary,2.7,1,66,No,No
CUST100711,14,Female,Germany,Standard,497,41,3,Smart TV,PayPal,Yes,0.8,Documentary,4.3,0,42,No,No
CUST100712,73,Male,India,Basic,205,16,5,Mobile,Net Banking,Yes,1.3,Drama,3.1,2,39,No,Yes
CUST100713,63,Female,UK,Basic,204,21,3,Smart TV,Debit Card,Yes,15.2,Documentary,4.3,0,31,No,No
CUST100714,62,Male,USA,Basic,194,15,1,Laptop,UPI,No,53.8,Comedy,5.0,1,54,No,No
CUST100715,47,Male,Brazil,Basic,195,5,3,Mobile,Net Banking,No,3.3,Documentary,3.6,0,82,Yes,No
CUST100716,35,Male,UK,Standard,504,45,3,Laptop,Net Banking,Yes,3.9,Drama,3.1,1,88,Yes,No
CUST100717,29,Male,Japan,Premium,646,54,1,Smart TV,Credit Card,No,1.3,Documentary,2.5,1,76,No,No
CUST100718,38,Male,India,Basic,198,52,5,Mobile,UPI,Yes,2.2,Comedy,1.8,0,75,No,No
CUST100719,20,Male,USA,Premium,652,7,2,Mobile,UPI,No,4.4,Romance,3.6,0,8,No,No
CUST100720,41,Female,UK,Standard,499,48,4,Laptop,Credit Card,Yes,2.7,Horror,1.3,0,8,No,No
CUST100721,38,Other,UK,Premium,640,7,5,Smart TV,Net Banking,Yes,9.7,Horror,4.8,1,63,Yes,No
CUST100722,22,Female,USA,Standard,500,27,3,Tablet,Debit Card,Yes,6.2,Drama,3.6,0,44,No,No
CUST100723,38,Female,Brazil,Standard,508,25,2,Gaming Console,UPI,Yes,13.8,Action,4.8,0,60,No,Yes
CUST100724,74,Male,Mexico,Basic,208,22,4,Tablet,Net Banking,No,10.3,Drama,2.1,0,69,No,No
CUST100725,46,Other,France,Basic,201,48,4,Mobile,Credit Card,Yes,1.1,Thriller,4.8,1,37,No,Yes
CUST100726,63,Male,Australia,Basic,203,13,4,Mobile,Net Banking,Yes,1.1,Action,3.4,0,74,No,Yes
CUST100727,53,Female,Mexico,Standard,500,17,1,Smart TV,PayPal,Yes,18.1,Action,4.2,1,45,No,Yes
CUST100728,19,Other,Canada,Basic,201,41,1,Tablet,PayPal,Yes,13.7,Horror,1.7,1,69,No,Yes
CUST100729,16,Female,Australia,Premium,646,44,2,Gaming Console,UPI,No,5.0,Drama,3.0,1,63,No,No
CUST100730,70,Other,USA,Basic,204,13,3,Smart TV,Credit Card,No,1.1,Thriller,3.3,2,34,No,Yes
CUST100731,65,Female,USA,Premium,641,26,2,Mobile,UPI,Yes,18.3,Action,2.6,1,11,No,No
CUST100732,62,Male,USA,Basic,201,9,3,Tablet,Debit Card,No,2.1,Romance,2.0,0,47,No,No
CUST100733,57,Male,UK,Basic,200,5,5,Smart TV,Debit Card,Yes,0.3,Documentary,4.6,0,62,Yes,No
CUST100734,23,Female,USA,Basic,207,39,4,Smart TV,Debit Card,No,20.6,Thriller,1.3,1,44,No,No
CUST100735,41,Male,Japan,Standard,490,33,4,Gaming Console,UPI,Yes,13.2,Horror,1.6,0,5,Yes,No
CUST100736,68,Female,USA,Basic,189,4,1,Laptop,UPI,No,9.5,Thriller,2.3,0,44,No,Yes
CUST100737,48,Other,India,Premium,646,28,5,Tablet,PayPal,Yes,0.3,Romance,4.7,0,89,Yes,No
CUST100738,37,Male,Canada,Basic,197,26,5,Smart TV,PayPal,No,6.0,Romance,3.3,0,31,No,No
CUST100739,33,Female,India,Standard,496,4,3,Smart TV,UPI,Yes,8.5,Drama,2.5,2,67,No,No
CUST100740,73,Female,India,Premium,655,16,5,Mobile,PayPal,Yes,11.4,Drama,2.6,0,2,No,No
CUST100741,69,Female,India,Basic,197,37,1,Mobile,Credit Card,No,5.1,Drama,4.4,0,1,No,No
CUST100742,48,Other,UK,Premium,644,22,3,Smart TV,PayPal,Yes,24.5,Thriller,1.1,0,19,Yes,No
CUST100743,22,Female,UK,Premium,653,36,2,Tablet,Debit Card,No,2.2,Comedy,1.0,0,82,Yes,No
CUST100744,49,Other,Australia,Basic,201,38,3,Tablet,UPI,Yes,0.6,Drama,1.2,1,38,Yes,Yes
CUST100745,21,Female,Brazil,Basic,200,58,2,Smart TV,Debit Card,No,3.2,Comedy,2.9,0,11,No,No
CUST100746,36,Male,UK,Standard,501,55,3,Smart TV,UPI,Yes,8.7,Action,3.3,0,60,No,No
CUST100747,47,Male,USA,Premium,645,35,4,Smart TV,Debit Card,Yes,10.7,Documentary,3.5,2,35,No,No
CUST100748,61,Female,USA,Standard,506,25,2,Mobile,Credit Card,Yes,10.7,Romance,3.9,0,8,No,No
CUST100749,47,Male,Australia,Standard,502,8,1,Smart TV,Credit Card,No,0.9,Documentary,1.8,1,43,No,No
CUST100750,60,Female,India,Premium,649,17,2,Mobile,UPI,No,17.3,Comedy,2.0,1,74,Yes,Yes
CUST100751,48,Female,India,Basic,202,18,2,Mobile,Credit Card,No,2.6,Romance,2.0,1,52,Yes,No
CUST100752,30,Male,Australia,Premium,655,50,3,Tablet,Credit Card,No,1.9,Thriller,1.6,2,29,No,No
CUST100753,61,Female,UK,Standard,490,58,4,Smart TV,Credit Card,No,7.6,Anime,2.0,0,65,Yes,Yes
CUST100754,51,Female,India,Standard,507,57,3,Mobile,Credit Card,No,1.9,Documentary,3.5,0,37,No,Yes
CUST100755,44,Female,USA,Premium,654,12,3,Laptop,Net Banking,No,5.7,Comedy,2.5,1,37,No,No
CUST100756,36,Male,France,Standard,498,57,4,Mobile,UPI,No,4.2,Drama,4.1,0,32,No,No
CUST100757,35,Male,Mexico,Basic,196,57,3,Gaming Console,Net Banking,No,2.1,Comedy,3.1,0,70,Yes,No
CUST100758,74,Male,Brazil,Standard,493,33,4,Mobile,UPI,Yes,2.8,Action,1.8,1,84,No,No
CUST100759,44,Female,UK,Standard,495,23,1,Tablet,PayPal,Yes,4.5,Romance,2.9,1,54,No,Yes
CUST100760,49,Male,Canada,Basic,201,12,4,Smart TV,UPI,Yes,3.4,Comedy,3.4,1,75,No,Yes
CUST100761,24,Female,Japan,Premium,654,11,5,Mobile,UPI,Yes,3.8,Drama,4.5,0,84,Yes,Yes
CUST100762,61,Male,Japan,Basic,193,13,4,Mobile,UPI,Yes,10.6,Anime,4.3,0,22,No,No
CUST100763,67,Male,India,Standard,504,35,4,Gaming Console,Debit Card,No,1.5,Comedy,2.7,0,69,Yes,No
CUST100764,25,Female,Australia,Standard,503,27,5,Smart TV,UPI,Yes,7.9,Drama,3.6,0,13,No,No
CUST100765,35,Female,India,Basic,197,25,4,Smart TV,Net Banking,Yes,9.1,Romance,2.2,0,48,No,No
CUST100766,37,Male,India,Premium,650,40,2,Mobile,PayPal,Yes,13.0,Drama,3.5,0,44,Yes,No
CUST100767,47,Male,Germany,Premium,646,3,3,Smart TV,UPI,Yes,15.0,Action,4.7,0,76,Yes,No
CUST100768,53,Male,USA,Standard,501,49,3,Mobile,Net Banking,Yes,1.4,Horror,3.5,1,26,Yes,No
CUST100769,42,Female,France,Basic,193,25,1,Gaming Console,Net Banking,Yes,1.2,Action,2.2,1,74,Yes,Yes
CUST100770,29,Female,India,Basic,202,45,1,Tablet,UPI,Yes,7.6,Documentary,3.6,0,66,Yes,No
CUST100771,61,Male,UK,Standard,504,10,5,Smart TV,Net Banking,Yes,11.3,Anime,4.6,0,48,No,No
CUST100772,74,Male,France,Basic,199,17,2,Smart TV,Credit Card,Yes,2.5,Drama,1.5,1,1,Yes,No
CUST100773,32,Male,France,Standard,508,3,1,Mobile,Credit Card,Yes,6.0,Drama,2.9,0,59,Yes,No
CUST100774,60,Female,India,Premium,650,45,3,Mobile,Credit Card,Yes,11.8,Anime,2.3,0,65,No,No
CUST100775,37,Other,USA,Standard,503,22,1,Laptop,PayPal,Yes,11.7,Horror,2.0,0,58,No,No
CUST100776,34,Male,Germany,Premium,650,38,1,Laptop,Credit Card,Yes,8.5,Anime,2.6,1,59,Yes,No
CUST100777,25,Female,India,Standard,497,14,4,Mobile,Credit Card,Yes,0.7,Drama,2.6,1,21,No,No
CUST100778,71,Male,Japan,Standard,489,27,1,Smart TV,Credit Card,Yes,0.4,Horror,1.8,0,88,No,Yes
CUST100779,31,Male,France,Premium,641,42,5,Laptop,Debit Card,No,3.9,Documentary,2.6,1,45,No,Yes
CUST100780,61,Female,India,Standard,500,20,3,Smart TV,UPI,No,0.2,Thriller,3.5,0,52,No,Yes
CUST100781,48,Female,India,Premium,658,48,5,Smart TV,Credit Card,No,18.8,Action,1.1,0,18,No,No
CUST100782,24,Female,India,Basic,201,18,5,Laptop,UPI,No,0.2,Action,5.0,2,48,Yes,Yes
CUST100783,73,Female,France,Basic,194,13,2,Mobile,Credit Card,Yes,0.2,Drama,2.2,2,79,Yes,No
CUST100784,53,Male,India,Premium,648,42,4,Laptop,Debit Card,Yes,1.4,Horror,3.5,0,16,No,No
CUST100785,31,Female,USA,Standard,498,6,5,Mobile,PayPal,Yes,7.9,Documentary,2.1,0,26,No,No
CUST100786,24,Male,UK,Premium,654,10,2,Smart TV,Net Banking,No,6.2,Horror,2.6,1,18,Yes,No
CUST100787,21,Female,Canada,Premium,639,37,3,Smart TV,UPI,Yes,8.6,Drama,3.2,2,29,No,No
CUST100788,19,Male,India,Basic,204,29,3,Mobile,Debit Card,Yes,17.9,Action,3.4,1,77,No,No
CUST100789,40,Female,USA,Standard,492,6,2,Smart TV,Net Banking,Yes,4.9,Romance,4.1,1,45,No,Yes
CUST100790,26,Male,France,Standard,494,39,5,Laptop,UPI,Yes,0.4,Documentary,4.2,0,63,No,No
CUST100791,43,Male,France,Standard,507,11,5,Laptop,PayPal,Yes,11.5,Comedy,3.1,0,31,No,No
CUST100792,64,Female,Australia,Premium,640,48,4,Mobile,Debit Card,No,13.4,Action,1.3,0,52,Yes,No
CUST100793,31,Male,India,Basic,206,25,4,Tablet,Credit Card,No,0.4,Comedy,3.2,0,22,No,No
CUST100794,70,Female,USA,Standard,498,44,3,Tablet,UPI,Yes,2.2,Thriller,2.9,0,35,Yes,No
CUST100795,59,Male,Germany,Standard,492,44,4,Tablet,UPI,Yes,11.8,Comedy,1.9,1,9,No,Yes
CUST100796,28,Male,USA,Basic,189,30,2,Laptop,UPI,Yes,3.8,Documentary,1.0,2,58,No,No
CUST100797,65,Male,France,Premium,653,55,3,Smart TV,Debit Card,Yes,5.1,Comedy,2.3,0,28,No,No
CUST100798,17,Male,Germany,Standard,498,20,5,Mobile,PayPal,No,13.9,Thriller,2.0,0,10,Yes,No
CUST100799,47,Female,India,Premium,656,58,3,Laptop,Debit Card,Yes,0.8,Action,2.9,1,37,No,Yes
CUST100800,24,Male,France,Basic,204,37,1,Smart TV,UPI,Yes,9.0,Thriller,4.0,2,78,No,No
CUST100801,37,Female,Japan,Basic,201,16,3,Laptop,Debit Card,Yes,1.9,Documentary,2.8,0,31,No,No
CUST100802,64,Female,India,Standard,503,31,4,Mobile,UPI,Yes,0.5,Horror,4.8,0,51,No,Yes
CUST100803,71,Male,Canada,Basic,190,29,2,Smart TV,Credit Card,No,8.7,Romance,1.9,1,0,No,No
CUST100804,33,Female,USA,Premium,658,6,5,Mobile,UPI,No,1.0,Romance,1.9,0,13,No,No
CUST100805,48,Female,USA,Basic,192,29,5,Smart TV,Credit Card,Yes,11.0,Horror,3.4,0,2,No,No
CUST100806,65,Female,India,Premium,639,32,4,Smart TV,UPI,No,1.8,Comedy,4.6,1,29,No,No
CUST100807,35,Male,Canada,Standard,495,9,4,Tablet,Debit Card,Yes,0.4,Comedy,3.7,0,30,No,Yes
CUST100808,28,Male,Japan,Standard,499,37,4,Mobile,Net Banking,No,0.8,Documentary,3.7,0,0,Yes,No
CUST100809,69,Female,UK,Basic,198,53,1,Mobile,Net Banking,No,14.7,Drama,4.2,0,45,No,Yes
CUST100810,51,Female,India,Standard,489,23,2,Smart TV,PayPal,No,3.7,Documentary,3.7,1,13,No,No
CUST100811,57,Female,Germany,Standard,499,16,1,Mobile,Net Banking,No,2.9,Anime,4.0,0,35,No,No
CUST100812,65,Male,USA,Basic,198,18,4,Smart TV,Credit Card,No,5.4,Anime,4.5,2,45,No,No
CUST100813,54,Female,Mexico,Premium,652,19,2,Laptop,Net Banking,Yes,8.0,Documentary,1.0,0,54,No,No
CUST100814,70,Male,UK,Basic,202,44,4,Laptop,Credit Card,Yes,0.3,Horror,4.5,0,35,No,Yes
CUST100815,51,Female,India,Standard,495,2,2,Tablet,Debit Card,Yes,18.3,Thriller,1.9,0,42,Yes,No
CUST100816,26,Male,India,Standard,499,58,5,Smart TV,Credit Card,Yes,25.5,Thriller,4.6,1,42,No,No
CUST100817,43,Female,Brazil,Basic,192,10,1,Mobile,Net Banking,Yes,4.3,Documentary,2.1,1,14,No,No
CUST100818,70,Male,USA,Premium,640,12,4,Laptop,UPI,No,4.3,Action,2.8,0,37,No,No
CUST100819,17,Male,Brazil,Standard,495,46,4,Smart TV,UPI,Yes,16.9,Comedy,4.7,1,88,No,No
CUST100820,47,Female,India,Basic,207,18,3,Smart TV,Net Banking,Yes,4.5,Horror,1.4,0,43,Yes,Yes
CUST100821,35,Male,USA,Standard,502,19,5,Laptop,UPI,Yes,15.5,Documentary,4.0,3,54,No,Yes
CUST100822,41,Male,UK,Standard,507,38,4,Laptop,UPI,Yes,0.2,Drama,2.6,0,54,No,Yes
CUST100823,55,Male,France,Standard,495,37,1,Mobile,Credit Card,Yes,5.4,Comedy,1.1,1,77,Yes,No
CUST100824,23,Female,France,Standard,500,27,5,Smart TV,Net Banking,Yes,24.4,Anime,4.8,3,87,No,No
CUST100825,30,Female,India,Basic,191,48,4,Mobile,Net Banking,Yes,2.3,Action,1.5,2,57,No,No
CUST100826,59,Male,USA,Basic,203,14,1,Mobile,Net Banking,No,2.5,Documentary,4.1,1,56,No,No
CUST100827,24,Female,India,Premium,643,45,3,Mobile,Credit Card,No,8.0,Romance,2.5,0,55,No,No
CUST100828,21,Female,UK,Basic,196,53,3,Mobile,Credit Card,No,20.9,Action,4.2,1,1,Yes,No
CUST100829,22,Male,UK,Premium,652,34,1,Mobile,Debit Card,Yes,1.8,Romance,4.0,1,33,No,No
CUST100830,70,Female,France,Basic,192,2,5,Laptop,Debit Card,Yes,20.4,Comedy,3.5,0,48,No,Yes
CUST100831,56,Female,France,Premium,645,44,1,Laptop,Debit Card,No,8.7,Drama,4.8,0,63,Yes,No
CUST100832,29,Female,USA,Standard,495,33,1,Mobile,UPI,Yes,39.7,Comedy,1.4,0,86,No,Yes
CUST100833,73,Male,UK,Standard,506,19,3,Smart TV,PayPal,No,10.7,Romance,4.2,1,7,No,No
CUST100834,50,Female,Mexico,Basic,202,60,3,Mobile,Net Banking,No,8.8,Romance,3.7,0,68,No,No
CUST100835,19,Female,Australia,Basic,196,60,3,Smart TV,Credit Card,No,13.5,Horror,2.3,1,57,No,No
CUST100836,58,Male,India,Basic,200,27,4,Mobile,Debit Card,No,1.5,Comedy,3.2,1,42,No,Yes
CUST100837,25,Male,USA,Basic,198,48,4,Gaming Console,Debit Card,Yes,23.3,Romance,3.6,0,61,No,No
CUST100838,52,Male,UK,Basic,202,30,2,Mobile,Debit Card,Yes,1.4,Documentary,3.9,0,51,No,Yes
CUST100839,54,Male,USA,Standard,497,7,4,Smart TV,Debit Card,Yes,0.2,Anime,1.7,0,32,No,Yes
CUST100840,21,Female,India,Standard,494,27,5,Smart TV,Debit Card,No,9.6,Anime,1.4,3,19,No,No
CUST100841,62,Male,India,Premium,643,21,5,Smart TV,Net Banking,Yes,1.6,Comedy,1.4,0,79,No,No
CUST100842,39,Male,Germany,Standard,489,7,3,Smart TV,Debit Card,No,11.4,Documentary,2.2,1,58,No,Yes
CUST100843,70,Female,USA,Standard,489,48,1,Mobile,UPI,Yes,12.7,Documentary,1.6,1,59,No,No
CUST100844,14,Male,India,Standard,508,25,3,Smart TV,PayPal,No,2.2,Romance,3.1,0,62,No,Yes
CUST100845,17,Other,USA,Standard,505,38,1,Smart TV,PayPal,Yes,0.7,Romance,2.7,3,55,Yes,No
CUST100846,41,Male,Australia,Standard,499,18,3,Smart TV,UPI,Yes,5.6,Anime,4.6,1,36,No,No
CUST100847,49,Male,Mexico,Premium,650,33,3,Laptop,Net Banking,No,17.7,Anime,3.9,0,59,No,No
CUST100848,50,Male,UK,Basic,191,33,5,Mobile,UPI,Yes,15.0,Action,1.8,0,87,Yes,Yes
CUST100849,31,Male,USA,Basic,194,32,1,Laptop,Net Banking,Yes,1.0,Romance,1.2,1,50,No,Yes
CUST100850,20,Male,Japan,Standard,499,58,2,Smart TV,Debit Card,No,26.8,Anime,3.8,1,28,No,No
CUST100851,60,Female,India,Basic,201,25,2,Laptop,Credit Card,Yes,2.5,Drama,4.4,1,8,No,No
CUST100852,57,Other,India,Premium,649,14,3,Mobile,PayPal,Yes,3.4,Horror,3.8,0,85,No,No
CUST100853,13,Male,USA,Premium,646,38,3,Smart TV,Debit Card,No,1.3,Horror,3.6,1,83,Yes,Yes
CUST100854,34,Female,India,Basic,198,38,5,Smart TV,UPI,No,3.8,Horror,2.0,1,39,No,No
CUST100855,64,Female,USA,Basic,190,4,1,Mobile,PayPal,Yes,8.1,Documentary,3.0,0,67,No,No
CUST100856,29,Female,France,Standard,502,44,3,Mobile,Debit Card,No,5.6,Thriller,3.9,0,42,No,Yes
CUST100857,19,Male,Germany,Standard,504,18,2,Smart TV,UPI,Yes,14.1,Romance,1.8,0,75,No,Yes
CUST100858,37,Male,USA,Basic,205,10,1,Laptop,Net Banking,Yes,8.2,Romance,2.9,0,22,No,No
CUST100859,57,Male,France,Standard,499,35,3,Smart TV,Net Banking,Yes,2.4,Horror,1.5,0,7,Yes,No
CUST100860,16,Female,India,Standard,490,35,1,Mobile,PayPal,Yes,6.5,Horror,3.1,1,73,No,Yes
CUST100861,48,Female,India,Basic,193,40,5,Mobile,PayPal,Yes,0.5,Action,3.3,2,63,No,No
CUST100862,18,Male,Canada,Basic,204,54,2,Mobile,Net Banking,No,7.0,Documentary,3.1,0,22,Yes,No
CUST100863,72,Male,Germany,Premium,654,23,1,Tablet,PayPal,Yes,3.9,Anime,2.9,0,55,No,No
CUST100864,43,Female,India,Basic,190,25,2,Gaming Console,Debit Card,No,0.8,Documentary,3.3,0,13,No,Yes
CUST100865,31,Female,USA,Premium,654,1,3,Smart TV,Credit Card,Yes,2.9,Action,5.0,1,79,No,No
CUST100866,73,Other,Germany,Standard,493,18,4,Mobile,Debit Card,Yes,18.3,Comedy,3.5,0,16,Yes,No
CUST100867,56,Female,Brazil,Standard,496,15,1,Laptop,Credit Card,Yes,7.1,Documentary,4.0,0,19,Yes,No
CUST100868,66,Male,Germany,Premium,658,25,2,Smart TV,Credit Card,Yes,18.7,Horror,1.8,2,11,No,No
CUST100869,51,Female,USA,Premium,652,32,1,Mobile,Net Banking,No,4.2,Drama,3.1,0,72,No,Yes
CUST100870,39,Female,India,Standard,498,53,3,Gaming Console,UPI,No,30.9,Documentary,1.0,0,71,No,No
CUST100871,22,Male,UK,Basic,190,20,3,Mobile,Net Banking,Yes,3.6,Action,1.1,0,40,No,No
CUST100872,38,Female,India,Premium,641,17,2,Smart TV,UPI,Yes,11.3,Thriller,2.3,0,84,Yes,No
CUST100873,31,Female,France,Standard,506,57,5,Laptop,Debit Card,Yes,2.9,Action,2.9,0,31,No,No
CUST100874,51,Male,UK,Basic,190,11,1,Gaming Console,Credit Card,Yes,0.9,Horror,3.3,1,36,No,Yes
CUST100875,74,Female,USA,Premium,647,13,1,Laptop,Net Banking,Yes,14.3,Action,4.6,1,17,No,Yes
CUST100876,15,Female,Brazil,Basic,190,25,3,Mobile,Credit Card,No,11.5,Horror,4.1,3,28,No,No
CUST100877,57,Female,UK,Basic,195,20,1,Tablet,UPI,Yes,13.7,Drama,2.2,1,6,No,No
CUST100878,25,Male,USA,Basic,195,25,2,Gaming Console,Credit Card,Yes,2.8,Comedy,4.0,0,39,Yes,No
CUST100879,62,Male,Australia,Standard,502,42,4,Tablet,Debit Card,Yes,9.7,Horror,3.2,0,5,No,No
CUST100880,40,Female,Mexico,Standard,493,45,3,Mobile,Credit Card,Yes,2.0,Anime,4.1,0,19,No,No
CUST100881,74,Male,Germany,Basic,196,49,4,Laptop,UPI,No,0.1,Drama,2.6,0,54,No,Yes
CUST100882,70,Female,India,Basic,206,31,1,Laptop,Net Banking,No,16.1,Anime,1.4,0,55,No,No
CUST100883,32,Female,Canada,Basic,194,53,5,Smart TV,UPI,Yes,5.9,Drama,3.5,0,72,No,Yes
CUST100884,40,Male,Brazil,Standard,502,1,2,Mobile,UPI,No,32.9,Documentary,3.2,2,52,Yes,No
CUST100885,20,Female,India,Basic,206,52,1,Laptop,Net Banking,Yes,3.9,Thriller,4.8,0,72,No,No
CUST100886,73,Female,USA,Premium,655,16,2,Tablet,PayPal,Yes,25.1,Action,1.6,0,71,No,No
CUST100887,53,Male,Mexico,Basic,197,48,1,Tablet,Net Banking,No,7.6,Drama,3.6,0,80,No,No
CUST100888,51,Female,India,Premium,651,28,1,Smart TV,Debit Card,Yes,5.7,Anime,2.9,0,87,Yes,Yes
CUST100889,13,Female,Brazil,Basic,204,21,1,Mobile,Net Banking,Yes,2.9,Drama,2.5,1,86,No,No
CUST100890,15,Female,UK,Premium,648,30,3,Mobile,UPI,Yes,14.0,Horror,4.2,0,32,No,No
CUST100891,25,Female,UK,Basic,198,59,4,Tablet,Credit Card,Yes,14.1,Romance,4.2,1,21,No,No
CUST100892,40,Male,India,Basic,192,3,5,Smart TV,Credit Card,Yes,4.3,Comedy,3.9,1,49,No,No
CUST100893,74,Female,Australia,Premium,650,34,4,Laptop,Credit Card,No,10.4,Comedy,1.3,2,85,No,Yes
CUST100894,69,Female,USA,Premium,646,6,4,Mobile,Debit Card,No,4.7,Romance,2.4,0,26,Yes,No
CUST100895,72,Female,Canada,Standard,503,43,2,Tablet,PayPal,No,10.8,Horror,1.2,0,47,No,Yes
CUST100896,61,Female,Germany,Standard,507,29,3,Mobile,PayPal,Yes,41.2,Thriller,2.4,0,65,No,No
CUST100897,37,Male,Brazil,Standard,503,3,3,Laptop,Net Banking,Yes,2.4,Horror,3.6,2,12,Yes,No
CUST100898,68,Female,Japan,Premium,646,58,1,Gaming Console,UPI,Yes,8.0,Action,3.1,0,1,No,No
CUST100899,45,Male,Canada,Basic,196,33,4,Laptop,PayPal,No,3.8,Drama,3.8,0,45,No,Yes
CUST100900,50,Male,USA,Standard,507,11,5,Smart TV,Debit Card,No,6.4,Documentary,3.2,0,70,No,No
CUST100901,65,Male,Japan,Standard,497,45,2,Smart TV,UPI,Yes,16.6,Romance,3.2,0,10,No,No
CUST100902,18,Other,Germany,Standard,505,5,3,Laptop,PayPal,No,3.4,Comedy,3.0,0,25,Yes,No
CUST100903,70,Female,USA,Premium,646,50,1,Smart TV,PayPal,Yes,0.6,Drama,2.5,0,62,No,Yes
CUST100904,56,Female,India,Basic,200,32,5,Laptop,UPI,Yes,12.8,Documentary,2.8,0,48,Yes,No
CUST100905,57,Female,Mexico,Basic,203,47,4,Laptop,UPI,Yes,6.5,Drama,1.4,0,62,No,No
CUST100906,44,Female,USA,Standard,492,18,5,Gaming Console,Credit Card,No,4.8,Thriller,4.3,1,20,No,No
CUST100907,57,Female,Germany,Standard,494,47,3,Mobile,PayPal,Yes,1.6,Horror,4.6,0,48,No,No
CUST100908,73,Female,UK,Basic,204,20,2,Laptop,PayPal,No,0.8,Horror,4.1,1,78,No,No
CUST100909,59,Male,India,Standard,493,52,4,Smart TV,UPI,Yes,2.6,Romance,3.3,1,79,No,No
CUST100910,33,Male,Germany,Premium,651,52,2,Mobile,Credit Card,Yes,10.2,Thriller,3.3,0,8,Yes,No
CUST100911,28,Female,India,Basic,203,39,5,Smart TV,Debit Card,Yes,4.2,Documentary,2.9,4,20,No,No
CUST100912,66,Female,USA,Standard,505,49,5,Laptop,UPI,Yes,6.8,Comedy,1.9,2,52,No,Yes
CUST100913,33,Male,Canada,Standard,508,40,1,Laptop,UPI,Yes,0.7,Romance,2.5,1,54,Yes,No
CUST100914,23,Male,UK,Standard,493,28,4,Smart TV,Debit Card,Yes,1.1,Thriller,5.0,0,40,No,No
CUST100915,72,Female,Brazil,Premium,657,13,5,Smart TV,PayPal,Yes,0.1,Comedy,1.6,1,5,Yes,No
CUST100916,49,Male,Australia,Standard,495,26,3,Laptop,Debit Card,Yes,8.9,Documentary,3.2,0,0,Yes,No
CUST100917,48,Female,Australia,Standard,491,16,3,Laptop,Credit Card,Yes,2.5,Romance,4.5,1,63,No,No
CUST100918,47,Other,India,Standard,501,25,2,Laptop,PayPal,Yes,27.3,Anime,2.8,0,4,No,No
CUST100919,31,Male,India,Standard,502,10,3,Gaming Console,UPI,Yes,3.0,Documentary,3.4,1,25,Yes,No
CUST100920,32,Male,Canada,Standard,504,29,5,Tablet,PayPal,No,3.6,Drama,4.3,0,0,Yes,No
CUST100921,69,Female,France,Premium,651,46,3,Mobile,Debit Card,No,5.1,Horror,3.2,2,0,Yes,No
CUST100922,30,Female,Mexico,Standard,490,38,4,Smart TV,Credit Card,Yes,3.1,Documentary,3.9,1,85,No,No
CUST100923,59,Female,Mexico,Basic,202,20,2,Mobile,Credit Card,No,13.6,Drama,2.4,0,37,No,Yes
CUST100924,53,Other,USA,Basic,208,54,4,Laptop,Credit Card,No,16.7,Comedy,3.9,0,40,No,Yes
CUST100925,61,Male,UK,Basic,195,26,5,Mobile,PayPal,Yes,0.1,Anime,1.2,0,82,Yes,No
CUST100926,26,Female,UK,Basic,193,32,5,Laptop,Debit Card,Yes,8.5,Romance,1.6,0,27,Yes,No
CUST100927,27,Female,India,Premium,652,39,3,Smart TV,Net Banking,No,9.3,Anime,3.5,0,4,Yes,No
CUST100928,43,Female,India,Standard,497,38,1,Tablet,PayPal,Yes,26.0,Drama,2.8,0,20,No,No
CUST100929,13,Male,France,Standard,498,59,1,Laptop,UPI,Yes,3.7,Romance,4.3,1,62,No,No
CUST100930,65,Female,USA,Standard,495,49,5,Mobile,Net Banking,Yes,1.7,Comedy,2.4,0,85,No,No
CUST100931,66,Female,USA,Premium,652,53,5,Mobile,Debit Card,Yes,5.9,Thriller,4.1,0,83,No,No
CUST100932,66,Male,India,Standard,502,24,2,Smart TV,Credit Card,Yes,4.7,Comedy,1.6,0,11,No,No
CUST100933,15,Male,France,Premium,640,31,5,Laptop,PayPal,Yes,12.6,Anime,4.7,0,5,No,No
CUST100934,28,Female,Canada,Standard,505,40,5,Laptop,Debit Card,Yes,18.7,Action,2.7,0,28,No,No
CUST100935,35,Male,Germany,Premium,658,12,2,Mobile,Net Banking,Yes,0.7,Drama,1.9,1,60,No,No
CUST100936,69,Male,France,Standard,492,58,4,Smart TV,Net Banking,Yes,15.0,Horror,4.2,1,34,No,No
CUST100937,23,Male,USA,Basic,201,57,4,Smart TV,Net Banking,No,19.2,Thriller,4.8,1,74,No,No
CUST100938,24,Female,Germany,Standard,506,36,2,Mobile,Net Banking,No,20.6,Comedy,4.7,0,51,No,Yes
CUST100939,22,Female,India,Standard,491,10,2,Smart TV,UPI,Yes,11.6,Documentary,2.0,1,32,No,Yes
CUST100940,44,Female,India,Basic,207,6,4,Mobile,UPI,No,10.8,Anime,3.7,1,24,Yes,No
CUST100941,28,Male,Mexico,Standard,493,7,4,Smart TV,Credit Card,Yes,0.1,Horror,3.2,0,13,No,No
CUST100942,20,Female,Brazil,Basic,189,53,4,Smart TV,PayPal,No,20.2,Drama,3.9,1,52,No,Yes
CUST100943,50,Female,USA,Basic,197,31,4,Laptop,Credit Card,Yes,3.5,Comedy,2.9,0,60,No,No
CUST100944,24,Female,USA,Premium,646,27,3,Tablet,PayPal,No,0.3,Thriller,2.9,0,12,Yes,No
CUST100945,36,Female,Canada,Standard,491,8,2,Mobile,Net Banking,No,4.3,Romance,4.5,1,14,No,No
CUST100946,40,Male,India,Premium,640,3,1,Laptop,Credit Card,No,10.6,Anime,4.5,1,54,No,No
CUST100947,65,Female,USA,Standard,489,40,3,Smart TV,Credit Card,Yes,4.7,Anime,4.2,0,52,No,No
CUST100948,20,Male,India,Standard,500,47,1,Mobile,UPI,No,11.4,Documentary,3.8,3,71,No,No
CUST100949,70,Female,USA,Standard,501,21,1,Tablet,PayPal,Yes,5.7,Romance,3.7,3,46,No,No
CUST100950,40,Male,Australia,Standard,498,1,5,Smart TV,PayPal,Yes,2.8,Drama,1.2,0,44,No,No
CUST100951,48,Male,USA,Premium,655,45,2,Smart TV,UPI,No,1.8,Anime,4.0,0,74,Yes,Yes
CUST100952,38,Male,India,Basic,199,54,3,Smart TV,PayPal,No,4.4,Thriller,3.6,0,63,No,Yes
CUST100953,20,Female,UK,Premium,643,50,2,Mobile,Credit Card,Yes,0.3,Anime,2.2,0,14,No,No
CUST100954,70,Male,Mexico,Premium,647,15,4,Laptop,UPI,Yes,4.4,Documentary,4.3,1,20,No,No
CUST100955,72,Female,USA,Standard,501,7,2,Smart TV,UPI,No,0.6,Romance,4.3,1,35,No,Yes
CUST100956,62,Male,India,Premium,658,15,1,Smart TV,Credit Card,No,16.8,Action,4.7,0,69,Yes,No
CUST100957,40,Male,USA,Standard,499,25,4,Tablet,Debit Card,Yes,6.9,Documentary,2.7,0,24,No,No
CUST100958,40,Female,Brazil,Premium,642,3,2,Mobile,Net Banking,No,8.3,Romance,3.2,1,43,No,No
CUST100959,49,Male,Canada,Standard,499,30,2,Mobile,Net Banking,No,2.7,Drama,4.6,1,0,Yes,No
CUST100960,53,Male,Australia,Basic,197,58,1,Tablet,UPI,Yes,2.0,Action,2.3,0,41,Yes,No
CUST100961,48,Female,Japan,Premium,645,14,4,Smart TV,Net Banking,Yes,9.8,Comedy,4.2,0,58,Yes,No
CUST100962,39,Male,Australia,Standard,504,52,1,Tablet,Credit Card,No,8.9,Action,5.0,0,32,No,No
CUST100963,66,Male,Germany,Standard,493,4,2,Gaming Console,Net Banking,Yes,1.0,Action,3.6,0,31,Yes,No
CUST100964,29,Male,UK,Standard,494,36,3,Smart TV,Credit Card,Yes,2.2,Action,4.9,0,65,Yes,No
CUST100965,21,Female,India,Basic,207,3,3,Mobile,UPI,Yes,23.4,Anime,3.1,1,24,No,No
CUST100966,45,Female,Japan,Standard,489,5,5,Mobile,Debit Card,No,2.9,Anime,1.6,0,39,Yes,No
CUST100967,65,Female,USA,Premium,654,25,3,Tablet,PayPal,No,0.2,Documentary,1.7,0,57,No,No
CUST100968,32,Female,India,Basic,206,31,4,Smart TV,Credit Card,No,0.5,Horror,3.9,0,74,No,Yes
CUST100969,25,Male,Germany,Basic,201,11,5,Laptop,Credit Card,Yes,12.0,Horror,1.0,0,63,No,No
CUST100970,40,Male,USA,Basic,189,8,4,Gaming Console,Debit Card,Yes,11.3,Action,3.6,2,18,Yes,No
CUST100971,60,Female,Canada,Standard,498,26,3,Laptop,Credit Card,Yes,3.8,Action,1.6,1,88,No,No
CUST100972,41,Male,Canada,Standard,495,2,3,Tablet,Debit Card,Yes,1.3,Anime,4.9,0,27,No,No
CUST100973,25,Male,UK,Premium,643,28,2,Laptop,UPI,No,5.5,Comedy,1.7,0,73,Yes,No
CUST100974,58,Male,Mexico,Premium,651,48,4,Tablet,Debit Card,Yes,3.2,Action,3.2,0,79,No,No
CUST100975,47,Male,USA,Standard,504,57,1,Smart TV,Credit Card,Yes,3.7,Romance,3.7,0,41,No,No
CUST100976,73,Other,UK,Basic,208,60,2,Laptop,Credit Card,Yes,2.4,Documentary,4.3,1,81,No,No
CUST100977,18,Male,Canada,Premium,652,10,4,Laptop,Credit Card,No,0.5,Thriller,2.8,2,85,No,Yes
CUST100978,30,Female,Germany,Premium,649,50,5,Mobile,UPI,Yes,12.5,Anime,4.7,0,49,No,No
CUST100979,63,Male,Australia,Standard,507,39,4,Smart TV,UPI,Yes,7.7,Thriller,2.9,2,75,Yes,Yes
CUST100980,17,Other,USA,Standard,490,37,5,Mobile,UPI,Yes,14.4,Documentary,2.0,0,47,No,Yes
CUST100981,59,Male,Germany,Premium,646,39,5,Smart TV,Credit Card,Yes,5.6,Horror,3.4,0,56,No,No
CUST100982,37,Male,India,Standard,501,21,3,Mobile,UPI,Yes,33.6,Documentary,3.6,2,8,No,No
CUST100983,14,Female,France,Standard,495,28,1,Mobile,UPI,Yes,26.3,Action,3.0,1,29,Yes,No
CUST100984,22,Female,USA,Standard,500,38,4,Gaming Console,Debit Card,No,2.5,Documentary,3.9,0,17,No,No
CUST100985,68,Male,Brazil,Basic,196,56,1,Smart TV,Debit Card,Yes,3.9,Action,2.7,0,44,No,No
CUST100986,42,Male,India,Standard,504,33,5,Laptop,Credit Card,Yes,11.2,Horror,1.0,1,87,No,No
CUST100987,62,Male,India,Standard,506,11,3,Smart TV,Credit Card,No,12.0,Drama,2.1,0,82,Yes,No
CUST100988,71,Male,UK,Basic,207,45,1,Mobile,Debit Card,Yes,19.3,Comedy,4.8,1,77,No,No
CUST100989,57,Male,Mexico,Basic,192,44,2,Mobile,Credit Card,Yes,8.5,Comedy,4.1,0,65,No,No
CUST100990,17,Female,Canada,Basic,200,1,5,Mobile,Debit Card,Yes,5.2,Comedy,1.8,0,10,Yes,No
CUST100991,67,Male,France,Standard,504,53,2,Laptop,UPI,Yes,3.8,Anime,1.3,0,89,No,No
CUST100992,68,Male,UK,Premium,655,47,1,Laptop,Net Banking,Yes,4.3,Drama,2.4,0,71,No,No
CUST100993,45,Female,UK,Premium,642,33,1,Laptop,UPI,Yes,15.2,Comedy,4.3,0,66,No,No
CUST100994,66,Other,India,Basic,208,3,1,Mobile,UPI,Yes,31.3,Action,1.4,0,14,No,No
CUST100995,13,Female,Australia,Standard,497,26,4,Laptop,Debit Card,Yes,0.4,Romance,3.2,0,39,No,No
CUST100996,30,Male,USA,Premium,643,15,5,Mobile,Credit Card,No,6.9,Thriller,2.1,2,12,No,No
CUST100997,44,Male,Mexico,Basic,205,41,5,Smart TV,Debit Card,Yes,5.9,Horror,3.9,0,79,Yes,No
CUST100998,59,Female,France,Standard,505,14,5,Tablet,UPI,No,3.8,Horror,1.0,0,85,No,No
CUST100999,61,Male,France,Premium,640,23,4,Tablet,PayPal,Yes,15.3,Comedy,2.1,0,32,Yes,Yes
CUST101000,23,Male,Canada,Basic,190,60,1,Smart TV,PayPal,Yes,6.9,Anime,3.7,2,1,No,No
CUST101001,33,Female,Germany,Premium,645,54,1,Tablet,Debit Card,No,3.0,Comedy,3.2,2,33,No,Yes
CUST101002,38,Female,Australia,Premium,642,56,2,Laptop,Credit Card,No,4.7,Action,4.1,1,15,Yes,No
CUST101003,37,Female,India,Basic,201,8,4,Mobile,UPI,No,3.5,Romance,1.6,1,13,No,No
CUST101004,34,Male,Germany,Basic,208,54,3,Smart TV,UPI,Yes,4.5,Action,3.1,0,45,No,No
CUST101005,71,Male,India,Basic,199,36,4,Gaming Console,Credit Card,Yes,0.6,Comedy,1.8,0,49,Yes,No
CUST101006,39,Other,UK,Basic,191,20,2,Laptop,UPI,Yes,0.9,Documentary,3.6,0,4,Yes,No
CUST101007,61,Male,India,Standard,490,52,2,Mobile,Debit Card,No,7.8,Drama,1.5,2,42,Yes,Yes
CUST101008,25,Female,India,Standard,504,6,2,Mobile,UPI,Yes,9.2,Anime,1.6,0,17,No,No
CUST101009,45,Female,USA,Basic,191,33,1,Mobile,Debit Card,No,8.1,Horror,2.3,0,47,Yes,Yes
CUST101010,46,Female,UK,Premium,653,28,3,Mobile,UPI,Yes,11.5,Thriller,2.6,0,63,Yes,No
CUST101011,53,Male,Germany,Standard,505,50,2,Mobile,PayPal,No,23.0,Thriller,3.0,0,25,Yes,No
CUST101012,47,Male,India,Basic,204,38,5,Mobile,Net Banking,Yes,15.8,Anime,3.3,0,73,No,No
CUST101013,13,Female,UK,Basic,208,30,1,Laptop,Net Banking,Yes,4.3,Drama,2.9,0,69,No,Yes
CUST101014,33,Female,India,Standard,495,46,3,Tablet,UPI,Yes,2.0,Anime,1.2,2,13,Yes,No
CUST101015,60,Female,Canada,Standard,504,43,5,Gaming Console,UPI,Yes,3.0,Comedy,2.4,1,65,Yes,No
CUST101016,67,Male,Germany,Basic,193,17,3,Laptop,Debit Card,No,7.1,Comedy,1.2,1,60,No,No
CUST101017,18,Male,Canada,Basic,190,9,3,Tablet,Credit Card,Yes,15.5,Comedy,1.5,0,72,No,No
CUST101018,40,Female,Brazil,Premium,639,28,5,Tablet,Credit Card,Yes,9.7,Comedy,1.4,0,76,Yes,No
CUST101019,29,Female,USA,Premium,651,54,4,Smart TV,Credit Card,Yes,6.3,Comedy,1.6,1,20,No,No
CUST101020,17,Female,Brazil,Basic,204,7,3,Tablet,UPI,Yes,7.4,Romance,4.3,0,54,Yes,No
CUST101021,43,Male,UK,Standard,493,46,4,Smart TV,Debit Card,No,6.0,Horror,3.5,1,1,No,No
CUST101022,17,Female,UK,Standard,491,28,3,Smart TV,Credit Card,Yes,28.5,Thriller,3.0,0,2,No,No
CUST101023,50,Female,Germany,Standard,503,17,5,Mobile,UPI,Yes,13.5,Comedy,3.9,3,12,Yes,No
CUST101024,15,Female,India,Standard,504,40,3,Mobile,UPI,Yes,12.2,Action,4.8,0,20,No,No
CUST101025,65,Male,Germany,Premium,649,60,2,Mobile,PayPal,Yes,5.8,Documentary,2.7,1,32,Yes,No
CUST101026,35,Male,Germany,Standard,507,48,2,Laptop,UPI,No,3.2,Comedy,2.5,1,19,No,No
CUST101027,49,Female,USA,Standard,506,44,3,Smart TV,Credit Card,Yes,0.2,Romance,4.9,2,17,No,Yes
CUST101028,65,Male,India,Standard,497,44,5,Gaming Console,Credit Card,Yes,0.4,Action,4.1,0,88,No,No
CUST101029,49,Male,India,Premium,646,60,5,Mobile,PayPal,No,0.2,Thriller,4.1,0,37,No,Yes
CUST101030,22,Female,France,Premium,657,60,1,Tablet,Credit Card,Yes,31.5,Action,3.4,0,24,Yes,No
CUST101031,22,Male,Brazil,Basic,193,5,5,Mobile,UPI,Yes,1.0,Drama,3.0,0,37,No,No
CUST101032,31,Female,India,Basic,205,5,4,Mobile,UPI,No,1.2,Drama,3.2,1,14,Yes,No
CUST101033,29,Male,USA,Standard,493,14,3,Mobile,Net Banking,Yes,5.3,Action,3.6,1,80,No,No
CUST101034,33,Female,Canada,Basic,202,6,2,Laptop,UPI,Yes,5.3,Comedy,2.5,0,28,No,No
CUST101035,26,Other,Mexico,Standard,495,7,5,Smart TV,UPI,Yes,20.2,Horror,4.1,0,63,Yes,No
CUST101036,21,Male,India,Premium,647,55,2,Mobile,Debit Card,Yes,0.6,Comedy,4.6,1,31,No,No
CUST101037,58,Male,USA,Standard,505,53,1,Smart TV,Net Banking,Yes,25.2,Romance,3.3,0,71,No,No
CUST101038,13,Male,Mexico,Premium,641,17,3,Mobile,UPI,Yes,2.0,Comedy,2.5,0,42,Yes,No
CUST101039,63,Male,India,Basic,196,59,5,Gaming Console,Credit Card,Yes,28.1,Romance,3.8,0,12,Yes,No
CUST101040,57,Female,India,Premium,651,9,2,Smart TV,UPI,No,6.2,Horror,1.7,1,80,No,No
CUST101041,25,Female,Japan,Premium,654,31,5,Laptop,Debit Card,Yes,8.4,Action,4.9,1,84,No,No
CUST101042,16,Male,Germany,Standard,498,22,1,Laptop,Credit Card,Yes,3.0,Drama,3.6,0,77,No,No
CUST101043,74,Male,USA,Standard,506,45,2,Smart TV,Debit Card,Yes,7.6,Drama,1.3,0,24,No,No
CUST101044,13,Male,India,Basic,191,9,2,Smart TV,PayPal,Yes,9.9,Thriller,3.1,1,48,No,No
CUST101045,61,Female,India,Premium,650,59,3,Smart TV,UPI,No,0.1,Anime,4.0,2,87,Yes,Yes
CUST101046,52,Male,USA,Standard,504,16,3,Smart TV,UPI,No,0.3,Horror,2.1,0,7,No,No
CUST101047,44,Female,Mexico,Basic,206,36,2,Smart TV,UPI,Yes,34.4,Romance,1.2,1,27,No,No
CUST101048,46,Female,USA,Standard,505,34,3,Mobile,UPI,Yes,4.9,Horror,3.0,0,82,No,No
CUST101049,40,Female,Brazil,Standard,495,45,2,Mobile,Debit Card,No,22.0,Anime,4.3,1,10,Yes,No
CUST101050,43,Male,France,Basic,207,13,4,Laptop,Debit Card,No,10.5,Drama,2.0,0,54,Yes,Yes
CUST101051,20,Female,USA,Basic,196,19,5,Laptop,Credit Card,Yes,3.7,Horror,3.9,2,9,No,No
CUST101052,51,Male,India,Standard,505,12,4,Laptop,Credit Card,Yes,1.3,Drama,2.6,0,58,No,Yes
CUST101053,38,Male,UK,Standard,495,36,4,Mobile,Net Banking,Yes,30.6,Documentary,1.2,1,64,No,No
CUST101054,70,Female,France,Premium,639,10,5,Smart TV,PayPal,Yes,7.0,Drama,2.2,0,4,No,No
CUST101055,46,Female,Australia,Premium,646,16,2,Mobile,Debit Card,Yes,1.7,Action,2.3,0,79,Yes,Yes
CUST101056,66,Male,India,Standard,507,28,2,Smart TV,Debit Card,No,9.2,Romance,4.6,0,83,No,No
CUST101057,66,Male,Brazil,Premium,658,56,3,Mobile,Net Banking,Yes,0.8,Comedy,4.9,0,19,No,No
CUST101058,15,Male,Canada,Standard,508,19,1,Tablet,Debit Card,Yes,16.2,Action,1.8,2,4,Yes,No
CUST101059,71,Male,France,Standard,498,40,2,Smart TV,UPI,No,0.8,Romance,2.7,0,66,No,Yes
CUST101060,62,Male,India,Basic,200,6,5,Mobile,Credit Card,Yes,2.2,Comedy,4.9,2,29,Yes,Yes
CUST101061,24,Male,Canada,Standard,489,4,1,Laptop,UPI,Yes,0.8,Comedy,2.6,0,86,Yes,No
CUST101062,13,Male,Mexico,Standard,492,30,5,Laptop,Net Banking,Yes,0.9,Thriller,2.4,0,33,No,No
CUST101063,66,Female,USA,Basic,192,39,5,Smart TV,Net Banking,Yes,5.9,Romance,1.4,2,0,Yes,No
CUST101064,56,Female,UK,Standard,497,31,5,Smart TV,UPI,No,9.3,Horror,4.0,2,26,No,No
CUST101065,17,Female,India,Premium,653,46,1,Tablet,UPI,Yes,12.4,Drama,2.8,1,62,Yes,No
CUST101066,42,Male,USA,Standard,503,27,4,Smart TV,UPI,Yes,9.5,Thriller,3.6,1,33,No,No
CUST101067,42,Female,USA,Standard,495,45,5,Mobile,Credit Card,Yes,3.6,Comedy,3.0,1,31,No,No
CUST101068,71,Female,France,Premium,650,21,3,Tablet,Credit Card,No,6.5,Anime,1.7,0,70,No,No
CUST101069,69,Female,USA,Premium,641,37,2,Tablet,Net Banking,Yes,21.0,Documentary,1.7,0,45,No,No
CUST101070,29,Female,UK,Basic,208,9,2,Smart TV,Debit Card,No,3.9,Documentary,4.8,0,67,No,No
CUST101071,60,Female,Germany,Basic,197,35,2,Mobile,Debit Card,No,2.3,Horror,4.6,0,82,No,Yes
CUST101072,59,Female,India,Standard,502,42,1,Smart TV,UPI,Yes,5.9,Anime,3.4,0,56,No,No
CUST101073,35,Male,UK,Standard,501,47,3,Mobile,Net Banking,Yes,2.8,Romance,1.0,0,21,Yes,No
CUST101074,27,Female,Brazil,Basic,200,52,3,Mobile,UPI,Yes,2.4,Thriller,2.7,4,28,No,No
CUST101075,49,Female,Mexico,Basic,189,21,3,Gaming Console,UPI,No,12.1,Thriller,3.1,0,44,No,No
CUST101076,33,Female,Germany,Premium,657,17,3,Mobile,UPI,Yes,17.7,Drama,2.8,0,44,Yes,No
CUST101077,26,Female,Germany,Standard,504,55,3,Mobile,PayPal,Yes,5.6,Thriller,4.7,0,66,No,No
CUST101078,14,Male,India,Premium,650,24,4,Mobile,UPI,Yes,12.1,Anime,1.2,2,20,No,No
CUST101079,23,Male,France,Premium,648,31,3,Smart TV,Net Banking,No,1.7,Thriller,3.6,0,20,No,No
CUST101080,63,Female,India,Premium,640,6,3,Smart TV,UPI,Yes,6.3,Horror,2.3,0,59,No,No
CUST101081,51,Female,Australia,Basic,206,57,1,Smart TV,Debit Card,Yes,8.1,Action,3.2,0,80,No,No
CUST101082,50,Female,USA,Premium,651,35,1,Laptop,PayPal,No,5.4,Thriller,3.6,0,28,No,No
CUST101083,72,Male,France,Basic,194,50,3,Mobile,PayPal,Yes,1.0,Romance,2.8,3,32,No,Yes
CUST101084,46,Male,Brazil,Standard,500,37,4,Smart TV,Credit Card,Yes,10.6,Thriller,1.6,0,38,Yes,No
CUST101085,50,Female,Brazil,Standard,492,13,3,Mobile,Credit Card,Yes,14.6,Romance,3.1,2,61,No,No
CUST101086,62,Female,India,Basic,189,25,3,Smart TV,Net Banking,No,8.1,Anime,4.7,1,89,No,No
CUST101087,46,Female,UK,Premium,649,32,3,Smart TV,Debit Card,No,1.5,Romance,3.1,0,70,No,Yes
CUST101088,30,Male,Germany,Premium,646,59,5,Tablet,UPI,Yes,0.6,Action,1.5,1,44,No,No
CUST101089,42,Female,Brazil,Basic,190,1,4,Tablet,Debit Card,Yes,2.9,Comedy,4.3,1,57,No,No
CUST101090,27,Male,India,Standard,490,49,2,Smart TV,UPI,Yes,0.3,Romance,1.9,0,72,No,No
CUST101091,39,Female,Japan,Standard,504,58,3,Laptop,PayPal,No,14.6,Anime,2.5,0,81,No,No
CUST101092,63,Male,Mexico,Standard,489,35,2,Mobile,UPI,Yes,9.7,Anime,2.7,0,0,No,No
CUST101093,46,Male,USA,Premium,642,58,4,Mobile,Debit Card,No,6.6,Comedy,2.4,0,10,No,No
CUST101094,64,Female,Australia,Basic,194,19,3,Laptop,Credit Card,Yes,17.6,Action,2.6,0,85,No,No
CUST101095,69,Female,UK,Premium,658,53,2,Smart TV,Net Banking,Yes,0.9,Drama,4.2,2,31,No,No
CUST101096,50,Male,UK,Basic,202,52,2,Smart TV,Net Banking,Yes,10.0,Thriller,1.9,0,73,No,No
CUST101097,45,Female,USA,Standard,508,54,4,Smart TV,PayPal,Yes,1.3,Romance,2.9,1,48,No,Yes
CUST101098,36,Male,Canada,Standard,503,12,3,Smart TV,UPI,Yes,0.5,Drama,1.1,1,75,No,No
CUST101099,27,Male,Brazil,Basic,195,40,5,Smart TV,UPI,No,1.1,Documentary,3.0,0,29,Yes,No
CUST101100,72,Male,USA,Basic,195,40,4,Smart TV,Net Banking,Yes,24.1,Drama,1.4,1,59,No,No
CUST101101,42,Male,Germany,Premium,656,47,5,Mobile,PayPal,No,4.6,Anime,2.1,0,9,Yes,No
CUST101102,67,Female,Brazil,Premium,640,43,3,Laptop,PayPal,No,0.4,Thriller,2.3,0,75,No,Yes
CUST101103,54,Male,Brazil,Basic,208,20,2,Smart TV,Debit Card,Yes,7.0,Comedy,1.3,0,20,Yes,No
CUST101104,63,Female,India,Standard,503,33,4,Smart TV,Debit Card,Yes,1.8,Thriller,2.4,2,5,Yes,No
CUST101105,29,Female,Mexico,Basic,189,29,4,Smart TV,PayPal,No,0.1,Romance,3.0,2,37,No,No
CUST101106,17,Male,UK,Basic,205,16,4,Tablet,Debit Card,Yes,11.4,Thriller,2.7,0,57,Yes,No
CUST101107,41,Female,USA,Standard,508,14,1,Smart TV,UPI,Yes,1.3,Thriller,2.1,0,7,No,No
CUST101108,16,Male,USA,Basic,201,7,3,Tablet,UPI,Yes,22.8,Drama,2.2,0,69,No,Yes
CUST101109,22,Female,UK,Premium,650,6,1,Mobile,Debit Card,Yes,7.2,Anime,3.5,1,62,No,No
CUST101110,68,Male,Mexico,Standard,503,21,4,Tablet,PayPal,No,0.7,Comedy,3.9,0,33,No,No
CUST101111,29,Male,USA,Premium,643,36,4,Mobile,Credit Card,Yes,2.0,Comedy,3.3,0,48,No,No
CUST101112,22,Male,Brazil,Standard,495,22,5,Smart TV,PayPal,Yes,7.6,Romance,4.9,0,39,Yes,No
CUST101113,29,Male,India,Premium,646,40,1,Mobile,Credit Card,Yes,3.3,Drama,4.8,2,85,No,Yes
CUST101114,72,Male,UK,Standard,502,54,2,Mobile,Net Banking,Yes,6.1,Drama,1.4,1,28,No,No
CUST101115,32,Female,Japan,Standard,492,19,3,Mobile,Debit Card,Yes,12.9,Drama,2.0,0,8,Yes,No
CUST101116,36,Female,Australia,Premium,652,25,2,Mobile,PayPal,No,12.6,Documentary,4.5,0,20,No,No
CUST101117,17,Female,India,Standard,498,3,2,Smart TV,UPI,Yes,9.6,Documentary,1.1,0,31,No,Yes
CUST101118,46,Female,UK,Basic,204,36,3,Mobile,Credit Card,No,17.4,Thriller,3.4,1,71,No,No
CUST101119,18,Male,USA,Standard,499,45,4,Tablet,UPI,Yes,1.8,Romance,4.8,0,54,Yes,No
CUST101120,65,Male,USA,Premium,652,53,5,Gaming Console,Net Banking,Yes,1.6,Horror,3.7,0,42,No,Yes
CUST101121,14,Male,Australia,Premium,652,59,4,Mobile,Credit Card,Yes,12.8,Documentary,1.4,1,9,Yes,No
CUST101122,25,Male,Australia,Standard,490,34,4,Smart TV,Debit Card,Yes,3.1,Anime,4.0,1,48,No,Yes
CUST101123,74,Female,USA,Standard,501,11,1,Smart TV,Debit Card,Yes,5.7,Drama,2.5,1,86,No,No
CUST101124,55,Female,France,Premium,641,48,2,Laptop,Debit Card,No,10.9,Drama,4.7,0,83,No,No
CUST101125,55,Male,Canada,Basic,206,42,2,Laptop,Net Banking,Yes,4.0,Drama,2.1,1,12,No,No
CUST101126,60,Male,USA,Standard,492,47,2,Tablet,Debit Card,Yes,1.1,Comedy,2.9,4,85,No,Yes
CUST101127,23,Female,UK,Basic,207,27,5,Mobile,UPI,No,9.1,Romance,4.0,0,40,No,No
CUST101128,63,Female,Germany,Standard,504,42,5,Tablet,Credit Card,No,13.6,Anime,2.0,0,78,No,Yes
CUST101129,59,Male,Canada,Standard,492,2,5,Laptop,Credit Card,Yes,0.1,Comedy,1.7,1,30,Yes,No
CUST101130,69,Female,UK,Basic,207,6,3,Mobile,Credit Card,Yes,6.6,Documentary,1.0,0,31,No,No
CUST101131,35,Female,UK,Basic,203,46,5,Laptop,Debit Card,No,5.1,Anime,3.0,0,44,Yes,No
CUST101132,67,Male,India,Standard,489,2,1,Smart TV,UPI,No,2.4,Action,4.7,0,12,Yes,No
CUST101133,28,Male,Australia,Basic,204,42,1,Mobile,Credit Card,Yes,1.4,Action,2.1,1,24,No,No
CUST101134,43,Female,Canada,Basic,203,17,4,Gaming Console,PayPal,Yes,1.7,Drama,1.2,1,84,No,No
CUST101135,23,Female,India,Premium,654,40,4,Smart TV,UPI,Yes,10.3,Comedy,3.5,0,67,Yes,Yes
CUST101136,66,Female,Brazil,Basic,208,58,4,Laptop,Credit Card,Yes,6.1,Horror,1.2,0,14,No,No
CUST101137,28,Male,France,Standard,489,48,4,Smart TV,Credit Card,No,31.8,Romance,3.0,1,63,No,No
CUST101138,20,Male,France,Premium,655,14,1,Laptop,Credit Card,Yes,2.2,Thriller,2.5,0,84,No,No
CUST101139,16,Female,USA,Basic,193,10,4,Laptop,Debit Card,Yes,25.2,Documentary,2.9,1,59,No,No
CUST101140,52,Female,India,Standard,493,45,1,Tablet,UPI,Yes,5.8,Comedy,1.7,0,7,No,No
CUST101141,16,Male,UK,Standard,495,33,5,Laptop,Net Banking,Yes,1.3,Drama,1.4,0,73,No,No
CUST101142,68,Female,India,Premium,651,42,5,Mobile,Net Banking,No,1.3,Drama,4.0,0,84,No,No
CUST101143,37,Female,France,Premium,650,54,3,Smart TV,PayPal,Yes,7.5,Action,2.0,0,16,No,No
CUST101144,15,Female,India,Premium,642,12,4,Laptop,Debit Card,Yes,14.2,Romance,4.2,2,4,No,No
CUST101145,44,Female,USA,Premium,642,32,5,Mobile,Debit Card,No,11.0,Anime,4.0,1,12,No,No
CUST101146,15,Female,USA,Basic,194,49,5,Laptop,Net Banking,No,8.5,Romance,1.8,0,20,No,No
CUST101147,39,Male,USA,Basic,203,24,2,Smart TV,UPI,Yes,1.5,Drama,4.6,2,43,No,No
CUST101148,41,Female,Australia,Standard,507,14,2,Tablet,Debit Card,Yes,0.9,Anime,1.6,2,75,No,Yes
CUST101149,44,Male,UK,Basic,194,5,1,Mobile,Debit Card,Yes,0.0,Drama,4.2,1,88,No,No
CUST101150,62,Female,India,Standard,500,51,3,Tablet,Debit Card,No,0.9,Thriller,2.7,0,52,Yes,No
CUST101151,73,Male,USA,Standard,502,5,2,Laptop,UPI,Yes,11.6,Documentary,1.7,1,27,No,No
CUST101152,70,Female,UK,Basic,206,47,3,Smart TV,Net Banking,Yes,18.0,Horror,4.8,0,65,No,No
CUST101153,63,Male,India,Premium,650,32,5,Mobile,Credit Card,Yes,2.2,Thriller,4.9,0,20,No,No
CUST101154,31,Male,Germany,Basic,203,45,1,Tablet,Credit Card,No,12.7,Anime,3.0,1,85,Yes,No
CUST101155,33,Male,Canada,Standard,507,49,3,Laptop,Debit Card,No,1.8,Action,2.9,0,56,No,Yes
CUST101156,17,Male,Brazil,Standard,496,33,2,Mobile,Credit Card,No,2.3,Comedy,4.6,0,54,Yes,Yes
CUST101157,30,Female,France,Standard,497,60,5,Gaming Console,UPI,Yes,2.0,Romance,3.4,1,1,No,No
CUST101158,40,Female,France,Standard,493,46,4,Smart TV,UPI,Yes,0.4,Action,2.1,2,64,Yes,No
CUST101159,54,Female,France,Basic,193,4,5,Mobile,Debit Card,No,1.7,Romance,2.7,1,76,No,No
CUST101160,73,Male,USA,Standard,494,57,2,Laptop,UPI,Yes,3.7,Drama,4.3,0,2,No,No
CUST101161,34,Male,India,Premium,641,30,2,Smart TV,Debit Card,Yes,4.2,Documentary,4.4,2,58,No,No
CUST101162,33,Male,USA,Premium,643,41,4,Mobile,UPI,Yes,3.0,Drama,4.8,1,83,Yes,No
CUST101163,18,Male,Mexico,Standard,489,17,5,Laptop,UPI,No,5.8,Documentary,2.2,0,62,No,No
CUST101164,13,Female,Japan,Standard,499,3,3,Mobile,Debit Card,No,3.8,Documentary,3.7,1,4,No,No
CUST101165,17,Male,Mexico,Standard,508,13,3,Smart TV,UPI,Yes,28.2,Horror,1.3,1,65,No,No
CUST101166,53,Male,India,Premium,639,44,5,Mobile,Debit Card,Yes,13.2,Documentary,3.9,1,89,Yes,No
CUST101167,24,Male,France,Basic,195,48,3,Mobile,Debit Card,Yes,21.4,Comedy,3.3,1,17,No,No
CUST101168,38,Male,UK,Standard,503,36,5,Mobile,Debit Card,No,6.5,Action,2.0,0,8,No,No
CUST101169,58,Female,India,Premium,655,18,5,Laptop,Debit Card,Yes,9.1,Anime,3.6,2,21,No,No
CUST101170,46,Female,UK,Standard,496,23,2,Smart TV,PayPal,No,1.5,Romance,1.5,1,27,Yes,No
CUST101171,61,Male,India,Basic,190,35,1,Laptop,Credit Card,Yes,11.2,Romance,2.3,0,59,No,No
CUST101172,26,Male,Canada,Standard,501,49,2,Laptop,UPI,Yes,2.2,Comedy,2.6,0,11,No,No
CUST101173,38,Male,USA,Basic,200,33,3,Laptop,Net Banking,Yes,1.3,Anime,4.1,1,36,No,No
CUST101174,57,Male,UK,Standard,493,51,1,Mobile,Debit Card,Yes,0.3,Comedy,2.2,1,81,No,No
CUST101175,39,Male,Germany,Standard,501,54,5,Mobile,Credit Card,Yes,5.1,Comedy,1.2,0,41,Yes,No
CUST101176,21,Female,Mexico,Premium,644,36,3,Mobile,Credit Card,Yes,2.7,Thriller,1.7,1,53,Yes,Yes
CUST101177,38,Female,Germany,Standard,503,17,4,Laptop,Credit Card,Yes,34.6,Thriller,3.4,1,41,No,No
CUST101178,69,Female,UK,Basic,199,39,3,Mobile,Credit Card,No,2.3,Thriller,1.1,0,66,No,Yes
CUST101179,59,Male,Australia,Basic,192,34,1,Smart TV,PayPal,No,16.1,Anime,4.2,0,55,No,No
CUST101180,69,Male,France,Premium,639,12,1,Mobile,Debit Card,Yes,3.0,Comedy,4.6,0,45,No,No
CUST101181,34,Female,India,Basic,203,5,5,Laptop,UPI,Yes,11.1,Drama,3.0,1,4,No,No
CUST101182,59,Female,Canada,Standard,500,48,4,Smart TV,Credit Card,No,8.6,Anime,3.8,1,55,Yes,No
CUST101183,68,Female,USA,Basic,197,40,5,Gaming Console,Debit Card,Yes,6.6,Thriller,2.9,1,22,Yes,No
CUST101184,42,Male,India,Premium,649,55,4,Smart TV,Credit Card,No,4.3,Thriller,2.2,2,61,No,No
CUST101185,55,Female,Germany,Standard,493,27,4,Mobile,Debit Card,Yes,8.9,Anime,1.7,1,12,Yes,No
CUST101186,60,Male,Mexico,Standard,495,60,5,Mobile,Credit Card,No,4.2,Anime,3.1,0,58,Yes,No
CUST101187,73,Female,India,Standard,496,40,3,Smart TV,UPI,Yes,6.4,Comedy,4.7,0,87,No,No
CUST101188,29,Female,Australia,Premium,639,13,2,Tablet,UPI,No,7.1,Action,4.6,2,27,Yes,No
CUST101189,38,Female,Mexico,Standard,489,26,4,Mobile,Credit Card,Yes,2.5,Drama,4.7,0,80,No,No
CUST101190,48,Male,France,Standard,491,14,1,Smart TV,PayPal,Yes,3.3,Documentary,4.9,0,5,Yes,No
CUST101191,13,Female,USA,Premium,646,32,5,Laptop,Debit Card,No,0.1,Anime,1.7,2,60,No,Yes
CUST101192,20,Male,France,Premium,649,11,3,Laptop,Debit Card,No,15.3,Documentary,1.6,1,60,Yes,Yes
CUST101193,61,Male,USA,Basic,189,38,4,Gaming Console,PayPal,No,11.3,Romance,2.7,1,44,No,No
CUST101194,47,Male,Canada,Premium,652,16,3,Mobile,Net Banking,Yes,1.6,Anime,3.8,2,11,No,No
CUST101195,73,Female,India,Basic,189,55,5,Smart TV,PayPal,Yes,3.6,Drama,2.8,0,34,Yes,Yes
CUST101196,64,Male,India,Standard,494,57,1,Smart TV,Credit Card,Yes,4.4,Horror,4.6,1,61,Yes,No
CUST101197,27,Male,Brazil,Premium,644,22,4,Laptop,Net Banking,Yes,3.3,Comedy,3.9,0,4,No,No
CUST101198,59,Female,UK,Basic,191,57,4,Mobile,UPI,Yes,12.8,Anime,3.5,0,65,No,No
CUST101199,68,Male,USA,Basic,198,47,3,Gaming Console,UPI,Yes,10.3,Action,1.3,1,74,No,No
CUST101200,34,Female,India,Basic,200,16,5,Laptop,Net Banking,Yes,11.7,Action,1.7,0,67,No,Yes
CUST101201,26,Male,Germany,Standard,498,13,2,Tablet,PayPal,Yes,18.8,Horror,2.7,0,85,No,No
CUST101202,38,Male,India,Standard,490,12,4,Gaming Console,UPI,Yes,7.2,Documentary,4.9,0,64,No,No
CUST101203,40,Female,Australia,Standard,501,18,1,Mobile,PayPal,Yes,7.6,Action,2.3,1,79,No,No
CUST101204,35,Male,India,Premium,654,29,4,Smart TV,Debit Card,Yes,10.2,Documentary,3.5,1,65,Yes,No
CUST101205,26,Male,India,Standard,501,18,4,Smart TV,UPI,Yes,9.1,Romance,5.0,1,40,No,No
CUST101206,36,Female,USA,Basic,192,46,2,Smart TV,Credit Card,Yes,16.3,Thriller,2.1,0,26,No,No
CUST101207,14,Female,UK,Premium,642,2,2,Mobile,Net Banking,Yes,11.8,Horror,1.7,2,75,No,No
CUST101208,57,Female,USA,Basic,199,54,5,Smart TV,UPI,Yes,1.0,Romance,3.2,0,4,No,Yes
CUST101209,38,Male,USA,Basic,202,2,4,Smart TV,PayPal,Yes,21.1,Comedy,3.2,2,4,No,No
CUST101210,26,Male,Japan,Basic,191,3,4,Smart TV,Debit Card,Yes,9.2,Action,4.7,2,85,No,Yes
CUST101211,71,Female,Germany,Standard,507,29,3,Smart TV,PayPal,Yes,1.1,Comedy,1.1,0,12,Yes,No
CUST101212,68,Female,India,Basic,189,56,3,Mobile,Debit Card,Yes,11.8,Thriller,2.6,0,79,No,Yes
CUST101213,63,Female,UK,Basic,193,8,1,Smart TV,UPI,No,3.6,Drama,2.2,1,89,No,No
CUST101214,19,Female,Mexico,Basic,205,11,1,Mobile,PayPal,No,13.1,Drama,3.3,0,8,No,No
CUST101215,15,Female,USA,Basic,189,12,3,Smart TV,Credit Card,Yes,24.9,Drama,1.0,1,47,No,Yes
CUST101216,59,Female,India,Standard,507,32,1,Laptop,Debit Card,Yes,2.4,Documentary,3.8,0,31,No,No
CUST101217,35,Male,Brazil,Premium,657,4,4,Smart TV,UPI,Yes,15.6,Documentary,2.9,0,82,No,No
CUST101218,58,Female,Germany,Premium,642,9,2,Tablet,Debit Card,Yes,11.9,Drama,3.8,0,35,No,No
CUST101219,55,Male,Canada,Basic,207,24,4,Mobile,Debit Card,Yes,8.9,Thriller,2.8,0,14,No,No
CUST101220,59,Male,India,Basic,194,49,3,Mobile,Debit Card,Yes,3.9,Romance,2.9,2,8,No,No
CUST101221,72,Female,India,Premium,653,56,5,Mobile,Credit Card,Yes,0.9,Horror,4.6,1,15,No,No
CUST101222,57,Female,Germany,Basic,192,16,5,Mobile,PayPal,Yes,5.3,Anime,1.8,0,5,No,No
CUST101223,30,Male,India,Premium,639,17,3,Smart TV,Net Banking,No,0.9,Documentary,1.9,0,71,No,Yes
CUST101224,70,Male,UK,Basic,205,47,4,Laptop,PayPal,Yes,5.5,Romance,3.2,2,32,No,No
CUST101225,50,Male,Canada,Premium,649,52,1,Tablet,Credit Card,Yes,13.7,Romance,3.6,0,41,No,No
CUST101226,47,Female,USA,Basic,205,58,1,Gaming Console,PayPal,Yes,48.4,Drama,2.4,1,58,No,Yes
CUST101227,63,Female,France,Standard,489,22,5,Laptop,UPI,Yes,1.8,Comedy,3.1,0,35,No,No
CUST101228,27,Male,Mexico,Standard,497,7,3,Mobile,PayPal,Yes,1.9,Drama,1.9,0,33,No,No
CUST101229,37,Male,Brazil,Standard,502,10,3,Mobile,Debit Card,Yes,13.3,Anime,1.5,0,1,No,No
CUST101230,67,Female,India,Basic,203,29,2,Laptop,Credit Card,Yes,5.1,Drama,2.0,1,12,Yes,No
CUST101231,49,Male,India,Standard,489,36,5,Laptop,UPI,Yes,19.8,Anime,4.7,2,42,No,Yes
CUST101232,40,Female,UK,Standard,490,24,3,Mobile,Debit Card,No,11.7,Comedy,4.2,0,73,No,No
CUST101233,22,Other,India,Basic,206,56,2,Tablet,Net Banking,No,10.7,Horror,1.6,2,56,No,No
CUST101234,51,Male,Japan,Basic,206,46,1,Smart TV,PayPal,Yes,0.9,Romance,1.2,1,6,No,No
CUST101235,69,Female,India,Standard,494,14,5,Mobile,Debit Card,No,0.3,Horror,1.4,1,58,Yes,No
CUST101236,29,Male,UK,Basic,208,14,5,Gaming Console,PayPal,No,3.0,Documentary,2.2,0,58,No,No
CUST101237,51,Male,USA,Standard,496,25,3,Tablet,UPI,Yes,2.0,Romance,4.2,0,50,Yes,No
CUST101238,34,Female,Germany,Basic,189,46,3,Laptop,Credit Card,Yes,10.0,Comedy,2.3,0,2,No,No
CUST101239,38,Male,India,Standard,503,22,4,Smart TV,Debit Card,Yes,4.8,Anime,1.7,0,26,No,No
CUST101240,74,Other,UK,Basic,198,52,1,Smart TV,Credit Card,Yes,5.9,Documentary,2.6,2,77,No,Yes
CUST101241,56,Female,USA,Standard,492,50,1,Smart TV,Credit Card,Yes,13.4,Thriller,1.5,1,53,No,No
CUST101242,37,Male,Mexico,Basic,198,47,2,Laptop,Credit Card,Yes,5.2,Documentary,2.9,3,63,No,No
CUST101243,29,Male,India,Basic,199,23,2,Mobile,Credit Card,Yes,6.3,Anime,3.7,0,33,Yes,No
CUST101244,25,Male,France,Basic,193,32,4,Mobile,Credit Card,No,14.8,Anime,2.5,0,22,No,No
CUST101245,32,Male,Mexico,Premium,647,26,1,Mobile,PayPal,No,4.5,Action,1.7,0,47,No,No
CUST101246,37,Male,USA,Basic,193,51,2,Mobile,Credit Card,Yes,0.7,Documentary,2.8,1,54,Yes,No
CUST101247,16,Male,Australia,Standard,499,27,1,Mobile,Debit Card,Yes,5.9,Action,4.0,0,16,No,No
CUST101248,22,Male,India,Basic,191,45,1,Tablet,Debit Card,No,6.9,Documentary,1.3,1,78,Yes,Yes
CUST101249,15,Female,Japan,Basic,192,12,2,Smart TV,Credit Card,Yes,5.7,Anime,1.3,0,61,No,No
CUST101250,53,Female,Canada,Standard,498,19,3,Laptop,Net Banking,Yes,2.4,Comedy,2.3,1,60,No,No
CUST101251,57,Female,USA,Standard,495,19,3,Mobile,UPI,No,2.0,Horror,2.7,0,60,No,Yes
CUST101252,30,Male,USA,Premium,639,52,2,Laptop,PayPal,Yes,3.7,Documentary,1.9,1,43,No,No
CUST101253,59,Male,India,Premium,644,34,4,Tablet,UPI,No,1.5,Horror,1.1,2,70,Yes,Yes
CUST101254,48,Female,Japan,Premium,646,32,5,Smart TV,PayPal,Yes,8.8,Drama,1.9,0,2,No,No
CUST101255,59,Female,India,Standard,505,29,1,Smart TV,Net Banking,Yes,7.6,Documentary,2.7,0,72,No,No
CUST101256,34,Male,Germany,Standard,495,21,5,Smart TV,Debit Card,Yes,8.0,Comedy,1.3,1,66,No,No
CUST101257,46,Female,UK,Standard,489,35,2,Smart TV,UPI,Yes,2.0,Comedy,3.9,1,7,No,No
CUST101258,59,Female,France,Premium,647,42,1,Laptop,UPI,Yes,2.3,Documentary,3.2,1,25,Yes,No
CUST101259,20,Female,USA,Standard,499,5,5,Smart TV,Net Banking,Yes,12.4,Anime,2.7,1,14,Yes,No
CUST101260,52,Male,Canada,Standard,507,12,3,Smart TV,Credit Card,Yes,9.4,Documentary,3.1,2,4,Yes,No
CUST101261,61,Female,UK,Basic,190,7,4,Laptop,UPI,No,16.6,Documentary,3.6,0,12,Yes,No
CUST101262,56,Female,Brazil,Basic,199,41,5,Mobile,Credit Card,No,4.1,Romance,5.0,0,78,Yes,No
CUST101263,31,Female,India,Premium,641,2,4,Mobile,Net Banking,Yes,6.3,Romance,4.1,1,11,Yes,No
CUST101264,54,Female,India,Basic,205,25,3,Mobile,UPI,No,10.7,Thriller,3.2,0,62,No,Yes
CUST101265,53,Female,India,Standard,498,10,5,Laptop,Net Banking,No,29.2,Horror,4.1,0,7,Yes,No
CUST101266,49,Female,Brazil,Basic,191,38,2,Smart TV,Net Banking,No,36.6,Anime,2.9,0,73,No,No
CUST101267,18,Male,India,Premium,641,44,1,Mobile,UPI,Yes,56.8,Horror,2.2,0,33,No,No
CUST101268,64,Female,Canada,Basic,195,6,3,Laptop,UPI,Yes,17.7,Horror,2.0,0,71,No,Yes
CUST101269,38,Female,India,Premium,640,27,4,Mobile,UPI,Yes,8.2,Horror,2.6,1,21,Yes,No
CUST101270,46,Female,Mexico,Basic,189,35,4,Laptop,UPI,Yes,0.1,Action,1.0,1,49,Yes,No
CUST101271,71,Male,France,Premium,645,10,3,Laptop,Debit Card,No,9.6,Documentary,1.7,0,11,Yes,No
CUST101272,68,Male,UK,Standard,508,9,2,Laptop,Credit Card,Yes,2.2,Documentary,1.5,0,21,No,No
CUST101273,71,Female,USA,Basic,199,20,2,Laptop,Debit Card,Yes,0.5,Action,4.8,1,57,No,No
CUST101274,57,Female,USA,Standard,494,37,4,Laptop,Net Banking,Yes,9.6,Drama,1.3,1,81,No,Yes
CUST101275,18,Female,India,Basic,192,35,3,Laptop,Debit Card,Yes,11.3,Thriller,3.0,0,18,No,No
CUST101276,49,Female,USA,Basic,207,37,3,Laptop,PayPal,Yes,8.6,Thriller,4.7,0,4,No,No
CUST101277,69,Female,Germany,Premium,657,40,1,Mobile,Credit Card,Yes,3.6,Horror,3.4,1,15,Yes,No
CUST101278,45,Female,Canada,Standard,502,8,4,Smart TV,UPI,Yes,5.7,Horror,3.0,2,40,No,No
CUST101279,65,Female,France,Standard,491,46,2,Smart TV,Credit Card,Yes,21.9,Drama,4.0,1,73,No,Yes
CUST101280,34,Female,USA,Basic,192,56,5,Smart TV,UPI,No,10.5,Action,2.4,0,18,No,No
CUST101281,33,Female,Brazil,Standard,496,54,2,Mobile,Credit Card,No,5.6,Anime,1.8,0,64,Yes,No
CUST101282,18,Male,UK,Premium,656,31,2,Mobile,UPI,Yes,7.2,Action,4.4,0,21,No,No
CUST101283,18,Male,UK,Standard,492,49,5,Gaming Console,UPI,Yes,21.0,Comedy,1.2,0,16,No,No
CUST101284,67,Female,USA,Premium,649,43,4,Gaming Console,PayPal,Yes,4.0,Action,4.2,0,34,No,No
CUST101285,60,Male,UK,Premium,654,58,1,Laptop,UPI,No,0.9,Romance,1.4,0,38,No,No
CUST101286,16,Male,UK,Basic,191,16,2,Gaming Console,Net Banking,No,3.2,Anime,3.5,1,72,No,Yes
CUST101287,42,Male,Brazil,Basic,195,28,2,Gaming Console,PayPal,Yes,4.3,Thriller,2.9,0,54,No,No
CUST101288,23,Male,France,Premium,640,6,4,Tablet,Credit Card,No,2.6,Anime,5.0,1,4,No,No
CUST101289,74,Male,USA,Standard,489,32,4,Smart TV,Debit Card,No,6.0,Romance,2.6,2,72,No,No
CUST101290,74,Male,India,Basic,189,28,3,Mobile,Credit Card,Yes,2.9,Horror,4.8,1,10,Yes,No
CUST101291,42,Female,UK,Basic,194,11,4,Mobile,Debit Card,Yes,0.9,Comedy,2.6,0,77,No,Yes
CUST101292,43,Female,Canada,Standard,507,42,4,Smart TV,UPI,Yes,1.7,Documentary,3.7,0,39,Yes,Yes
CUST101293,36,Male,India,Premium,645,23,2,Laptop,Net Banking,Yes,20.0,Documentary,3.6,0,87,No,Yes
CUST101294,67,Male,Brazil,Basic,193,30,1,Smart TV,UPI,Yes,7.9,Documentary,1.3,2,83,No,Yes
CUST101295,21,Female,Japan,Basic,206,9,2,Mobile,PayPal,Yes,3.0,Horror,4.0,0,3,No,No
CUST101296,67,Male,France,Premium,651,28,4,Smart TV,Debit Card,No,3.7,Horror,1.8,0,79,Yes,No
CUST101297,15,Female,India,Premium,639,24,3,Mobile,Credit Card,No,5.4,Comedy,2.6,1,88,Yes,No
CUST101298,63,Female,Mexico,Standard,498,59,1,Mobile,PayPal,Yes,8.9,Thriller,4.1,0,57,Yes,Yes
CUST101299,43,Female,Brazil,Premium,647,28,3,Laptop,Credit Card,Yes,7.0,Action,4.8,3,64,No,Yes
CUST101300,52,Male,UK,Standard,505,24,5,Smart TV,Net Banking,No,21.6,Comedy,3.2,0,87,Yes,No
CUST101301,49,Female,Canada,Premium,639,15,3,Mobile,Credit Card,No,7.9,Anime,3.1,0,63,No,No
CUST101302,48,Male,Mexico,Standard,489,39,3,Laptop,Net Banking,Yes,19.3,Thriller,3.0,1,66,No,Yes
CUST101303,36,Female,UK,Basic,195,50,4,Laptop,PayPal,Yes,0.0,Anime,4.3,0,33,No,Yes
CUST101304,43,Female,USA,Standard,492,33,4,Smart TV,UPI,No,17.7,Horror,5.0,2,88,Yes,Yes
CUST101305,18,Male,UK,Standard,500,47,4,Smart TV,Net Banking,Yes,10.2,Horror,3.5,2,57,No,No
CUST101306,14,Male,Canada,Premium,654,34,4,Smart TV,Debit Card,Yes,1.5,Action,2.5,1,66,No,No
CUST101307,32,Male,India,Basic,202,22,4,Laptop,Credit Card,No,2.4,Drama,1.9,0,6,No,No
CUST101308,40,Female,France,Premium,648,29,3,Mobile,Credit Card,No,6.3,Thriller,1.8,0,34,No,No
CUST101309,23,Male,Germany,Premium,652,34,5,Smart TV,Debit Card,Yes,1.1,Romance,4.4,0,28,No,No
CUST101310,16,Female,Germany,Basic,195,42,4,Smart TV,Debit Card,No,12.3,Romance,5.0,2,24,No,No
CUST101311,27,Male,India,Premium,642,52,5,Laptop,Net Banking,Yes,12.5,Drama,3.8,0,27,No,No
CUST101312,18,Female,Germany,Standard,490,47,5,Mobile,Credit Card,Yes,2.9,Anime,4.8,0,87,No,No
CUST101313,66,Female,India,Premium,656,10,2,Mobile,Net Banking,Yes,0.6,Documentary,2.4,0,68,No,No
CUST101314,61,Female,India,Standard,504,51,2,Mobile,Net Banking,No,36.0,Anime,3.5,0,26,No,No
CUST101315,42,Female,Canada,Standard,497,54,1,Smart TV,PayPal,Yes,2.3,Documentary,3.0,1,73,Yes,No
CUST101316,68,Male,USA,Standard,493,60,2,Smart TV,Net Banking,Yes,0.6,Thriller,2.9,0,75,No,No
CUST101317,50,Male,Canada,Basic,197,60,4,Mobile,PayPal,Yes,3.2,Romance,3.5,2,81,Yes,No
CUST101318,63,Female,India,Basic,196,45,5,Smart TV,UPI,Yes,27.8,Drama,2.2,1,7,No,No
CUST101319,74,Male,UK,Standard,508,30,1,Tablet,UPI,Yes,12.6,Comedy,3.6,1,37,No,No
CUST101320,69,Male,India,Premium,654,56,2,Mobile,UPI,No,5.2,Action,3.7,0,8,Yes,No
CUST101321,14,Male,Japan,Standard,508,11,3,Laptop,Credit Card,Yes,2.9,Documentary,4.3,1,42,Yes,No
CUST101322,27,Male,Canada,Standard,506,54,1,Smart TV,Credit Card,Yes,4.4,Documentary,3.9,1,24,Yes,No
CUST101323,23,Male,Brazil,Basic,192,34,4,Smart TV,UPI,Yes,0.1,Documentary,2.3,1,65,No,No
CUST101324,20,Female,USA,Standard,504,21,5,Smart TV,Credit Card,Yes,10.1,Documentary,2.8,0,16,No,No
CUST101325,38,Male,India,Basic,192,59,4,Laptop,Net Banking,No,0.8,Romance,1.5,1,6,No,No
CUST101326,63,Female,Japan,Premium,644,13,4,Smart TV,UPI,No,5.9,Thriller,2.0,1,21,No,No
CUST101327,57,Male,USA,Premium,641,54,3,Mobile,Debit Card,Yes,6.7,Romance,3.1,1,9,No,No
CUST101328,56,Female,UK,Standard,506,25,3,Laptop,Credit Card,No,0.0,Thriller,1.4,2,89,Yes,No
CUST101329,17,Male,Germany,Basic,203,54,5,Gaming Console,Debit Card,Yes,31.2,Drama,3.3,2,12,Yes,No
CUST101330,18,Female,India,Basic,196,58,2,Smart TV,Debit Card,No,2.9,Horror,2.6,0,41,No,No
CUST101331,38,Female,Australia,Standard,506,21,4,Smart TV,Credit Card,No,0.6,Comedy,1.1,2,27,No,No
CUST101332,66,Male,Canada,Standard,491,1,2,Smart TV,Net Banking,Yes,15.4,Drama,2.7,0,58,No,No
CUST101333,16,Female,USA,Premium,644,58,5,Laptop,Debit Card,Yes,1.3,Romance,2.1,0,10,No,No
CUST101334,31,Other,India,Basic,203,5,4,Smart TV,UPI,No,0.2,Romance,1.3,0,8,Yes,No
CUST101335,32,Female,India,Premium,650,53,2,Mobile,Credit Card,Yes,5.5,Comedy,2.2,0,79,No,No
CUST101336,45,Female,Mexico,Standard,493,22,4,Mobile,Net Banking,Yes,1.1,Thriller,2.2,0,80,No,No
CUST101337,32,Male,Brazil,Basic,195,7,3,Smart TV,UPI,Yes,32.3,Documentary,2.4,1,54,Yes,Yes
CUST101338,61,Female,USA,Standard,503,13,3,Smart TV,UPI,Yes,0.1,Drama,2.5,1,4,Yes,No
CUST101339,24,Male,India,Basic,195,45,1,Mobile,PayPal,No,0.4,Comedy,2.7,1,68,Yes,No
CUST101340,59,Male,Brazil,Standard,501,52,5,Smart TV,UPI,Yes,14.3,Action,1.4,0,37,Yes,No
CUST101341,13,Other,Canada,Premium,641,23,2,Smart TV,Credit Card,No,2.2,Comedy,1.0,1,65,No,Yes
CUST101342,38,Male,USA,Standard,501,21,4,Mobile,Debit Card,Yes,19.4,Horror,3.9,0,82,Yes,No
CUST101343,26,Female,USA,Premium,641,6,1,Laptop,Debit Card,Yes,3.0,Horror,2.3,1,63,Yes,No
CUST101344,50,Female,India,Standard,490,20,5,Smart TV,UPI,No,0.6,Drama,3.5,2,24,No,No
CUST101345,49,Female,Germany,Basic,192,12,5,Mobile,Debit Card,Yes,0.1,Anime,2.2,0,51,Yes,No
CUST101346,74,Other,Japan,Standard,505,40,5,Smart TV,PayPal,Yes,2.7,Thriller,4.9,1,37,Yes,No
CUST101347,23,Male,India,Standard,494,9,2,Laptop,Credit Card,Yes,5.1,Documentary,2.3,1,76,No,Yes
CUST101348,48,Male,Canada,Standard,499,50,3,Laptop,Credit Card,Yes,0.0,Action,3.4,2,18,No,Yes
CUST101349,25,Male,UK,Basic,194,28,1,Laptop,Net Banking,Yes,7.0,Anime,1.9,1,24,No,No
CUST101350,55,Male,UK,Standard,490,11,2,Mobile,Net Banking,Yes,3.2,Drama,3.1,0,47,No,Yes
CUST101351,15,Male,USA,Basic,205,52,4,Mobile,Net Banking,No,4.0,Thriller,3.3,0,72,Yes,Yes
CUST101352,45,Male,Australia,Basic,191,32,2,Laptop,UPI,No,2.4,Comedy,1.7,0,60,No,Yes
CUST101353,18,Female,UK,Standard,500,11,4,Smart TV,Credit Card,Yes,6.0,Thriller,1.5,0,34,No,No
CUST101354,62,Female,Canada,Basic,202,24,4,Mobile,Net Banking,Yes,2.1,Thriller,4.9,0,50,No,No
CUST101355,68,Male,USA,Premium,640,56,5,Laptop,Credit Card,Yes,1.2,Horror,4.6,0,14,No,No
CUST101356,22,Female,India,Standard,493,15,2,Mobile,Credit Card,No,17.7,Documentary,3.6,0,85,No,Yes
CUST101357,17,Male,India,Premium,648,41,3,Mobile,Credit Card,Yes,4.0,Drama,4.4,0,76,No,No
CUST101358,35,Male,Brazil,Standard,498,35,4,Laptop,UPI,Yes,0.6,Romance,1.4,0,48,Yes,No
CUST101359,22,Female,India,Standard,497,17,5,Smart TV,Credit Card,Yes,2.1,Horror,3.9,3,29,No,No
CUST101360,56,Female,Brazil,Basic,201,25,3,Mobile,PayPal,Yes,3.0,Thriller,2.1,0,20,No,No
CUST101361,14,Female,USA,Premium,648,49,2,Smart TV,Credit Card,Yes,11.7,Comedy,3.2,0,88,Yes,No
CUST101362,25,Male,USA,Standard,494,35,3,Smart TV,Credit Card,Yes,0.2,Anime,4.1,0,88,No,No
CUST101363,52,Female,UK,Premium,649,19,2,Smart TV,Debit Card,No,5.2,Anime,1.1,2,85,Yes,Yes
CUST101364,14,Female,USA,Standard,492,41,4,Mobile,Debit Card,Yes,4.2,Comedy,3.8,0,40,Yes,No
CUST101365,32,Female,India,Basic,202,31,1,Smart TV,Net Banking,Yes,27.6,Horror,2.7,2,2,Yes,No
CUST101366,13,Female,USA,Standard,505,17,1,Mobile,Net Banking,No,1.6,Documentary,2.8,0,72,No,No
CUST101367,49,Female,Germany,Basic,208,55,4,Mobile,Credit Card,No,7.9,Thriller,4.6,0,23,No,No
CUST101368,21,Female,Germany,Standard,490,50,3,Smart TV,Net Banking,Yes,1.8,Comedy,4.4,0,16,Yes,No
CUST101369,29,Female,USA,Basic,198,23,2,Smart TV,UPI,No,6.4,Romance,1.2,1,87,No,No
CUST101370,21,Other,UK,Standard,491,47,1,Smart TV,Debit Card,Yes,6.5,Comedy,3.5,0,7,Yes,No
CUST101371,23,Female,India,Premium,645,1,2,Mobile,PayPal,No,0.6,Documentary,2.7,0,5,No,No
CUST101372,27,Male,India,Standard,495,58,4,Smart TV,Net Banking,No,4.9,Thriller,1.5,0,8,No,No
CUST101373,36,Female,India,Premium,639,10,3,Laptop,Credit Card,No,4.9,Documentary,4.4,1,14,No,No
CUST101374,50,Male,Mexico,Standard,496,8,2,Smart TV,Credit Card,Yes,3.1,Anime,1.3,0,63,No,Yes
CUST101375,67,Male,India,Standard,489,42,3,Mobile,Debit Card,Yes,2.6,Thriller,1.1,1,87,Yes,No
CUST101376,47,Female,USA,Premium,646,26,1,Laptop,Credit Card,Yes,2.0,Comedy,1.8,0,49,No,Yes
CUST101377,42,Female,USA,Premium,652,34,2,Mobile,Debit Card,Yes,0.0,Horror,2.2,0,10,No,No
CUST101378,43,Female,India,Premium,652,19,5,Mobile,UPI,Yes,0.0,Romance,1.2,0,45,No,No
CUST101379,61,Male,Germany,Basic,190,14,1,Laptop,PayPal,Yes,7.1,Drama,3.6,0,44,Yes,Yes
CUST101380,17,Female,India,Standard,496,8,3,Smart TV,Debit Card,Yes,2.8,Horror,2.7,0,76,No,No
CUST101381,74,Male,India,Basic,207,51,4,Gaming Console,Debit Card,No,1.5,Comedy,2.6,1,58,No,Yes
CUST101382,72,Other,Germany,Standard,498,1,5,Tablet,PayPal,No,9.2,Drama,1.6,2,24,No,No
CUST101383,56,Other,USA,Standard,495,48,2,Smart TV,Debit Card,Yes,6.0,Thriller,2.8,2,11,No,No
CUST101384,62,Female,Brazil,Premium,651,25,1,Tablet,PayPal,No,19.7,Thriller,2.6,1,84,No,No
CUST101385,26,Female,Canada,Premium,653,24,2,Laptop,Net Banking,Yes,14.2,Action,2.5,0,87,No,No
CUST101386,65,Female,USA,Standard,499,47,2,Tablet,Net Banking,Yes,10.4,Thriller,1.9,0,25,No,No
CUST101387,68,Female,Germany,Basic,202,20,5,Laptop,UPI,Yes,1.1,Anime,1.4,1,75,No,Yes
CUST101388,23,Male,India,Premium,649,56,5,Laptop,Debit Card,Yes,8.8,Thriller,2.0,1,36,No,Yes
CUST101389,21,Male,Canada,Basic,190,30,5,Smart TV,Credit Card,Yes,9.5,Action,3.7,0,84,No,No
CUST101390,46,Female,UK,Standard,490,5,5,Mobile,PayPal,Yes,11.5,Drama,1.3,0,22,Yes,No
CUST101391,24,Female,USA,Basic,200,3,4,Smart TV,Net Banking,Yes,2.4,Thriller,2.5,2,64,No,No
CUST101392,47,Male,Germany,Standard,503,32,3,Smart TV,Credit Card,No,8.2,Documentary,3.1,0,44,No,No
CUST101393,47,Female,Mexico,Premium,655,17,5,Gaming Console,Credit Card,Yes,7.7,Horror,4.9,0,73,No,No
CUST101394,13,Male,Japan,Basic,202,42,1,Smart TV,PayPal,Yes,3.9,Horror,4.4,0,34,Yes,No
CUST101395,52,Female,Germany,Standard,504,5,2,Laptop,Credit Card,Yes,8.7,Thriller,4.7,0,47,No,No
CUST101396,34,Female,USA,Basic,196,11,5,Smart TV,Credit Card,No,0.7,Thriller,4.3,0,27,Yes,No
CUST101397,72,Female,USA,Premium,655,38,1,Smart TV,Net Banking,Yes,8.3,Horror,3.4,0,0,No,No
CUST101398,41,Female,USA,Premium,643,4,4,Mobile,Credit Card,Yes,7.5,Horror,4.4,0,71,No,No
CUST101399,20,Male,UK,Basic,200,39,1,Smart TV,Credit Card,Yes,1.9,Comedy,3.3,0,40,No,Yes
CUST101400,23,Male,USA,Basic,194,19,1,Gaming Console,UPI,Yes,13.6,Thriller,2.4,2,22,No,No
CUST101401,53,Female,France,Standard,506,39,4,Smart TV,PayPal,Yes,16.6,Anime,2.5,0,83,No,No
CUST101402,49,Female,USA,Basic,193,46,4,Smart TV,Debit Card,Yes,1.9,Thriller,3.3,2,31,No,No
CUST101403,26,Male,USA,Standard,494,49,2,Smart TV,Debit Card,Yes,0.6,Documentary,4.2,1,86,No,No
CUST101404,72,Female,USA,Basic,197,23,5,Smart TV,UPI,Yes,7.4,Action,1.5,2,6,No,No
CUST101405,42,Male,Mexico,Basic,203,17,1,Smart TV,UPI,Yes,5.2,Action,1.2,1,74,Yes,No
CUST101406,47,Female,Germany,Standard,498,13,3,Mobile,Credit Card,No,4.5,Action,4.2,0,54,Yes,No
CUST101407,33,Female,Germany,Basic,205,27,3,Mobile,Credit Card,Yes,11.5,Comedy,3.6,0,71,Yes,No
CUST101408,49,Male,USA,Premium,657,1,2,Smart TV,UPI,Yes,28.0,Thriller,4.3,0,42,Yes,No
CUST101409,17,Male,Australia,Basic,200,2,3,Smart TV,PayPal,Yes,5.2,Drama,4.9,2,13,No,No
CUST101410,31,Female,India,Basic,197,18,2,Laptop,PayPal,Yes,0.0,Drama,2.0,0,13,No,No
CUST101411,71,Female,Mexico,Premium,653,36,5,Mobile,PayPal,Yes,7.3,Documentary,1.8,1,40,No,No
CUST101412,26,Female,UK,Standard,502,45,2,Mobile,PayPal,No,8.5,Comedy,2.4,0,83,Yes,Yes
CUST101413,38,Female,USA,Standard,489,33,4,Laptop,Credit Card,No,14.1,Romance,4.5,1,88,No,Yes
CUST101414,74,Female,UK,Basic,205,36,4,Laptop,Net Banking,Yes,1.8,Comedy,1.1,1,13,No,No
CUST101415,16,Other,Germany,Standard,489,2,4,Laptop,Net Banking,Yes,5.9,Thriller,1.0,0,27,No,No
CUST101416,37,Female,India,Standard,501,4,4,Laptop,UPI,Yes,4.7,Romance,1.9,1,29,No,No
CUST101417,57,Female,Mexico,Basic,196,16,4,Smart TV,Credit Card,Yes,8.7,Drama,2.5,0,78,Yes,No
CUST101418,54,Male,UK,Premium,651,4,4,Smart TV,UPI,Yes,0.5,Comedy,2.2,0,53,No,Yes
CUST101419,37,Male,USA,Standard,504,57,4,Mobile,UPI,No,17.2,Documentary,4.3,0,58,No,No
CUST101420,30,Female,India,Standard,490,9,4,Tablet,Credit Card,No,5.7,Anime,3.8,0,84,No,No
CUST101421,52,Male,UK,Standard,501,49,4,Smart TV,UPI,No,16.8,Drama,4.4,2,11,No,No
CUST101422,20,Female,UK,Standard,506,21,5,Mobile,PayPal,No,3.3,Anime,2.5,0,74,Yes,No
CUST101423,51,Female,USA,Basic,191,23,4,Laptop,PayPal,Yes,8.5,Horror,3.4,2,38,No,No
CUST101424,52,Female,Germany,Standard,501,52,2,Mobile,Credit Card,Yes,25.1,Comedy,3.1,3,69,No,Yes
CUST101425,26,Male,UK,Basic,207,60,5,Smart TV,Credit Card,Yes,23.0,Thriller,2.9,0,66,No,No
CUST101426,44,Male,Japan,Standard,501,53,3,Smart TV,UPI,No,23.1,Horror,2.2,0,14,Yes,No
CUST101427,63,Male,Canada,Premium,657,2,1,Smart TV,Net Banking,Yes,0.4,Thriller,3.8,1,3,No,No
CUST101428,73,Male,Australia,Standard,492,3,5,Smart TV,UPI,Yes,4.1,Anime,3.1,0,43,No,No
CUST101429,50,Male,India,Premium,657,23,4,Smart TV,PayPal,Yes,0.5,Romance,1.3,1,38,No,No
CUST101430,45,Female,USA,Basic,206,26,5,Laptop,Credit Card,Yes,3.0,Thriller,1.0,0,69,No,No
CUST101431,35,Female,USA,Standard,494,47,1,Tablet,UPI,Yes,1.5,Thriller,1.1,0,85,No,No
CUST101432,27,Female,Canada,Premium,657,7,1,Mobile,Net Banking,No,7.7,Drama,1.3,0,36,No,No
CUST101433,45,Female,Mexico,Standard,492,36,4,Laptop,UPI,Yes,12.1,Drama,2.5,2,57,No,Yes
CUST101434,37,Male,India,Standard,492,44,4,Mobile,Net Banking,Yes,5.8,Comedy,2.2,0,31,Yes,No
CUST101435,29,Female,India,Basic,195,33,2,Smart TV,UPI,No,12.7,Documentary,1.6,0,27,No,No
CUST101436,45,Female,Mexico,Standard,495,49,1,Smart TV,PayPal,Yes,0.1,Anime,3.1,0,89,No,No
CUST101437,59,Male,India,Basic,204,36,4,Smart TV,Credit Card,No,13.7,Action,4.9,0,3,Yes,No
CUST101438,67,Female,Germany,Premium,654,4,1,Laptop,Credit Card,Yes,1.6,Action,1.6,1,9,No,No
CUST101439,14,Male,Canada,Basic,193,54,2,Gaming Console,Credit Card,No,4.9,Thriller,2.0,0,26,No,No
CUST101440,26,Female,Mexico,Premium,653,23,3,Mobile,UPI,No,4.7,Comedy,2.8,0,83,No,Yes
CUST101441,65,Other,India,Standard,492,25,1,Mobile,Debit Card,No,16.5,Action,3.6,0,35,No,No
CUST101442,52,Male,India,Basic,201,41,2,Mobile,PayPal,Yes,27.0,Action,3.4,1,4,Yes,No
CUST101443,52,Female,Canada,Standard,507,26,2,Mobile,Net Banking,Yes,2.4,Action,3.1,0,80,Yes,No
CUST101444,63,Female,France,Premium,645,28,2,Mobile,UPI,Yes,0.6,Action,3.9,0,49,Yes,No
CUST101445,51,Other,USA,Premium,650,28,5,Laptop,Credit Card,No,8.4,Anime,4.4,0,31,No,Yes
CUST101446,63,Male,USA,Basic,197,21,4,Laptop,Net Banking,Yes,5.6,Anime,5.0,0,22,No,No
CUST101447,18,Female,Germany,Basic,205,10,1,Mobile,UPI,Yes,6.7,Romance,2.9,1,76,Yes,No
CUST101448,18,Male,France,Basic,190,27,5,Mobile,PayPal,No,0.4,Action,5.0,0,60,No,Yes
CUST101449,15,Male,Mexico,Basic,204,51,1,Gaming Console,Net Banking,Yes,11.9,Romance,3.9,0,0,No,No
CUST101450,19,Male,Japan,Standard,495,51,5,Laptop,Net Banking,No,2.1,Romance,3.6,2,30,No,No
CUST101451,63,Other,India,Premium,656,15,4,Mobile,UPI,Yes,3.3,Comedy,3.6,0,18,Yes,No
CUST101452,20,Female,India,Standard,495,54,2,Mobile,PayPal,Yes,2.1,Action,4.6,0,86,No,No
CUST101453,54,Female,Germany,Standard,489,17,1,Laptop,UPI,Yes,23.3,Action,4.8,2,53,No,No
CUST101454,64,Female,Australia,Standard,491,39,2,Mobile,UPI,No,1.5,Romance,1.7,0,33,Yes,Yes
CUST101455,27,Male,USA,Standard,499,35,4,Mobile,UPI,Yes,10.5,Comedy,3.0,2,3,No,No
CUST101456,59,Male,USA,Basic,203,5,1,Smart TV,UPI,Yes,2.3,Anime,4.8,2,47,No,No
CUST101457,41,Male,Australia,Standard,491,16,3,Laptop,Debit Card,No,4.4,Drama,2.5,0,47,Yes,Yes
CUST101458,45,Male,India,Premium,651,23,3,Mobile,PayPal,Yes,44.3,Drama,1.9,0,48,No,No
CUST101459,64,Male,USA,Standard,492,39,3,Mobile,Credit Card,Yes,0.8,Drama,1.4,1,59,Yes,No
CUST101460,42,Male,UK,Basic,196,48,4,Tablet,UPI,Yes,17.1,Action,3.4,0,43,No,No
CUST101461,51,Male,Canada,Basic,192,9,3,Tablet,PayPal,No,23.4,Comedy,3.8,0,33,Yes,No
CUST101462,39,Male,Brazil,Basic,206,33,1,Laptop,Net Banking,Yes,9.6,Drama,1.8,1,55,No,No
CUST101463,48,Male,USA,Standard,495,35,3,Smart TV,Debit Card,Yes,0.1,Thriller,3.7,0,73,No,No
CUST101464,41,Male,Germany,Premium,649,57,1,Mobile,Net Banking,Yes,13.8,Thriller,4.6,0,5,No,No
CUST101465,50,Other,Canada,Basic,192,40,4,Smart TV,Net Banking,Yes,17.1,Comedy,2.0,0,75,No,No
CUST101466,69,Female,Canada,Premium,651,50,2,Smart TV,UPI,Yes,31.7,Horror,1.5,1,75,Yes,No
CUST101467,45,Other,Germany,Standard,497,24,5,Tablet,PayPal,No,14.6,Action,4.3,0,81,No,Yes
CUST101468,73,Male,USA,Standard,497,24,3,Tablet,Debit Card,Yes,4.7,Horror,4.7,1,35,Yes,No
CUST101469,49,Male,India,Premium,657,50,5,Mobile,Net Banking,Yes,9.3,Romance,1.9,0,34,No,No
CUST101470,39,Female,India,Basic,191,24,2,Smart TV,UPI,Yes,5.3,Drama,3.9,0,24,No,No
CUST101471,67,Male,USA,Premium,650,19,4,Smart TV,Debit Card,No,3.5,Action,3.4,0,48,No,No
CUST101472,45,Male,UK,Basic,199,39,4,Mobile,Debit Card,Yes,7.9,Romance,2.0,2,54,No,No
CUST101473,74,Male,Mexico,Standard,508,25,2,Smart TV,UPI,No,11.8,Anime,4.3,0,40,No,No
CUST101474,16,Male,Brazil,Premium,649,52,5,Mobile,Credit Card,Yes,8.1,Drama,2.9,0,56,No,No
CUST101475,34,Male,Australia,Premium,655,31,3,Mobile,PayPal,Yes,14.0,Documentary,3.8,1,21,No,No
CUST101476,14,Male,USA,Standard,502,59,1,Tablet,Credit Card,Yes,1.6,Documentary,2.2,1,43,No,No
CUST101477,22,Female,USA,Standard,504,38,4,Smart TV,UPI,Yes,3.7,Action,4.3,0,28,Yes,No
CUST101478,17,Male,USA,Standard,498,25,2,Mobile,UPI,Yes,3.0,Thriller,2.1,1,70,No,No
CUST101479,71,Male,India,Premium,642,27,5,Tablet,Net Banking,Yes,1.7,Action,2.5,2,47,No,No
CUST101480,22,Female,India,Basic,198,32,3,Mobile,PayPal,No,4.7,Drama,2.6,0,2,No,No
CUST101481,45,Male,Canada,Premium,658,11,5,Smart TV,PayPal,Yes,23.6,Action,1.8,1,84,Yes,No
CUST101482,66,Male,Japan,Standard,500,5,3,Smart TV,Net Banking,Yes,6.2,Action,4.5,0,44,No,Yes
CUST101483,50,Female,India,Standard,497,44,1,Laptop,UPI,Yes,2.7,Horror,1.5,0,19,Yes,No
CUST101484,25,Male,India,Standard,503,33,1,Laptop,PayPal,Yes,3.5,Drama,3.3,1,72,No,No
CUST101485,43,Male,Australia,Standard,497,19,2,Tablet,Credit Card,Yes,7.6,Thriller,4.3,3,35,No,No
CUST101486,59,Female,USA,Premium,645,43,2,Smart TV,PayPal,Yes,3.5,Documentary,3.3,0,59,No,No
CUST101487,48,Male,Australia,Standard,500,47,3,Laptop,Credit Card,Yes,6.2,Romance,2.3,0,77,No,No
CUST101488,57,Female,Brazil,Premium,658,57,3,Laptop,Net Banking,Yes,2.6,Drama,4.1,1,17,No,No
CUST101489,36,Female,France,Basic,202,16,3,Smart TV,Debit Card,No,3.4,Action,3.0,2,65,Yes,Yes
CUST101490,64,Male,USA,Standard,504,35,3,Gaming Console,Credit Card,Yes,9.8,Comedy,1.7,0,30,Yes,No
CUST101491,68,Female,Germany,Premium,657,11,1,Mobile,Credit Card,Yes,7.0,Action,2.3,0,85,No,Yes
CUST101492,27,Female,UK,Standard,491,11,2,Tablet,Credit Card,No,0.8,Romance,3.4,1,8,No,No
CUST101493,41,Male,Germany,Standard,499,10,2,Tablet,Debit Card,Yes,28.9,Action,3.6,2,19,No,No
CUST101494,20,Female,UK,Standard,508,34,4,Smart TV,UPI,Yes,0.4,Comedy,3.2,1,19,No,No
CUST101495,17,Male,India,Premium,657,52,2,Mobile,Net Banking,Yes,0.7,Romance,2.1,0,46,No,No
CUST101496,41,Female,UK,Premium,646,5,2,Mobile,Debit Card,Yes,9.7,Action,3.4,0,0,Yes,No
CUST101497,59,Male,Canada,Basic,208,23,5,Laptop,Credit Card,Yes,9.8,Comedy,2.3,1,82,No,No
CUST101498,16,Male,Australia,Premium,646,55,5,Mobile,PayPal,Yes,0.2,Anime,1.9,0,13,No,No
CUST101499,24,Male,Brazil,Standard,491,25,4,Laptop,Credit Card,Yes,8.2,Horror,4.8,1,0,No,No
CUST101500,57,Female,Germany,Basic,198,29,3,Smart TV,Net Banking,Yes,0.3,Action,2.3,0,68,No,No
CUST101501,14,Male,India,Premium,651,40,4,Laptop,Debit Card,No,25.9,Thriller,2.3,1,9,Yes,No
CUST101502,39,Male,Brazil,Standard,497,13,4,Smart TV,UPI,Yes,9.5,Romance,4.6,0,72,Yes,No
CUST101503,43,Male,UK,Premium,644,47,1,Smart TV,Credit Card,No,1.7,Documentary,1.6,0,48,No,Yes
CUST101504,63,Female,Mexico,Basic,203,32,2,Laptop,Credit Card,No,1.4,Thriller,3.3,1,13,Yes,Yes
CUST101505,63,Female,France,Basic,204,34,1,Smart TV,PayPal,Yes,6.7,Drama,4.1,0,59,No,No
CUST101506,48,Female,India,Standard,493,12,2,Smart TV,Debit Card,Yes,8.0,Drama,2.1,1,81,No,No
CUST101507,48,Female,Australia,Basic,201,24,4,Smart TV,Net Banking,Yes,14.2,Action,4.4,2,41,No,No
CUST101508,38,Female,India,Premium,657,40,2,Mobile,UPI,Yes,18.7,Anime,4.1,0,58,No,No
CUST101509,55,Male,USA,Basic,190,21,3,Smart TV,PayPal,Yes,4.0,Drama,2.9,0,24,No,No
CUST101510,39,Female,Canada,Standard,494,29,3,Laptop,Net Banking,Yes,14.9,Anime,1.5,1,35,Yes,No
CUST101511,17,Female,India,Basic,189,51,4,Laptop,Debit Card,Yes,6.3,Drama,4.9,1,34,No,Yes
CUST101512,32,Other,Brazil,Basic,203,57,5,Smart TV,PayPal,Yes,5.1,Anime,3.5,0,85,No,No
CUST101513,23,Female,India,Premium,653,60,3,Mobile,Credit Card,No,9.6,Action,3.1,0,10,Yes,No
CUST101514,74,Male,India,Basic,202,23,4,Smart TV,UPI,Yes,0.9,Action,4.5,0,9,No,No
CUST101515,22,Male,Canada,Standard,495,33,1,Laptop,PayPal,Yes,2.5,Documentary,2.7,0,7,No,No
CUST101516,52,Female,Brazil,Premium,643,8,5,Mobile,UPI,Yes,13.6,Comedy,3.3,0,22,No,No
CUST101517,50,Female,France,Standard,508,42,3,Smart TV,Credit Card,Yes,5.6,Action,4.4,1,5,Yes,No
CUST101518,18,Female,Brazil,Premium,654,13,4,Smart TV,UPI,Yes,19.1,Anime,2.6,1,77,No,No
CUST101519,20,Female,Germany,Basic,205,5,4,Smart TV,Net Banking,No,0.7,Documentary,4.1,0,87,No,No
CUST101520,35,Female,USA,Basic,199,54,1,Laptop,Net Banking,Yes,3.0,Thriller,2.0,1,63,No,No
CUST101521,59,Male,India,Premium,653,41,1,Smart TV,PayPal,Yes,3.5,Drama,3.8,1,72,No,No
CUST101522,38,Female,India,Standard,508,10,5,Smart TV,Debit Card,Yes,4.4,Anime,3.0,0,45,No,Yes
CUST101523,58,Male,Canada,Standard,504,14,3,Smart TV,Net Banking,No,34.6,Anime,1.7,1,37,No,Yes
CUST101524,55,Male,Germany,Standard,491,24,4,Gaming Console,Net Banking,No,3.0,Comedy,1.5,1,24,No,No
CUST101525,24,Male,USA,Standard,494,11,5,Laptop,Debit Card,No,5.8,Anime,2.8,0,85,No,Yes
CUST101526,38,Female,Brazil,Basic,201,46,5,Smart TV,Credit Card,No,6.1,Horror,3.8,1,1,Yes,No
CUST101527,25,Male,Canada,Premium,639,3,1,Smart TV,Net Banking,Yes,11.8,Anime,3.4,0,88,No,No
CUST101528,52,Male,India,Standard,502,29,4,Tablet,Net Banking,No,5.8,Anime,4.4,1,23,No,No
CUST101529,74,Female,India,Standard,490,53,2,Smart TV,Credit Card,Yes,7.4,Romance,2.6,1,66,Yes,No
CUST101530,30,Male,Mexico,Premium,640,48,1,Gaming Console,Net Banking,Yes,11.2,Thriller,4.4,1,89,Yes,No
CUST101531,37,Female,Brazil,Basic,203,52,4,Smart TV,UPI,Yes,0.9,Horror,1.1,0,70,Yes,No
CUST101532,45,Female,Mexico,Basic,206,30,5,Smart TV,Net Banking,Yes,26.5,Action,2.5,2,60,No,No
CUST101533,59,Female,India,Premium,647,49,5,Laptop,Debit Card,No,15.0,Thriller,1.3,0,8,No,No
CUST101534,52,Female,Japan,Premium,641,37,3,Mobile,UPI,Yes,3.9,Romance,4.7,0,44,Yes,No
CUST101535,72,Male,India,Standard,492,58,2,Gaming Console,Debit Card,No,10.4,Documentary,2.9,0,15,No,No
CUST101536,55,Female,India,Basic,203,7,1,Laptop,Net Banking,No,11.5,Action,2.3,1,13,No,No
CUST101537,24,Male,Japan,Basic,193,17,3,Mobile,Debit Card,No,15.2,Anime,3.0,0,25,No,No
CUST101538,56,Female,USA,Standard,508,20,3,Laptop,PayPal,Yes,1.7,Horror,3.1,1,45,No,Yes
CUST101539,48,Male,Germany,Standard,508,54,2,Laptop,Credit Card,Yes,9.7,Anime,4.4,0,57,Yes,No
CUST101540,60,Female,India,Premium,643,11,1,Mobile,PayPal,No,0.3,Action,3.2,1,73,No,Yes
CUST101541,16,Male,Canada,Premium,648,44,1,Smart TV,UPI,Yes,1.0,Comedy,2.7,0,29,No,No
CUST101542,17,Male,France,Premium,654,25,5,Smart TV,Credit Card,No,12.0,Documentary,4.8,0,85,No,Yes
CUST101543,68,Male,USA,Standard,500,59,1,Smart TV,Credit Card,No,13.4,Drama,4.9,1,55,No,Yes
CUST101544,49,Male,Germany,Premium,652,24,3,Laptop,Credit Card,Yes,7.2,Thriller,1.2,2,31,No,No
CUST101545,20,Female,India,Standard,499,2,5,Mobile,PayPal,Yes,7.0,Romance,3.8,0,77,Yes,Yes
CUST101546,54,Male,Germany,Basic,207,27,1,Smart TV,UPI,Yes,11.1,Comedy,2.5,3,22,No,No
CUST101547,61,Female,USA,Basic,194,19,2,Laptop,Credit Card,No,18.9,Romance,3.7,0,16,No,No
CUST101548,40,Other,India,Standard,498,58,3,Smart TV,Debit Card,Yes,4.4,Comedy,3.5,0,23,Yes,No
CUST101549,43,Female,USA,Premium,658,29,4,Mobile,UPI,Yes,1.0,Anime,2.3,0,46,No,No
CUST101550,70,Male,India,Basic,191,37,2,Tablet,Credit Card,Yes,14.6,Horror,4.9,0,10,No,No
CUST101551,21,Male,France,Basic,203,11,2,Mobile,Debit Card,Yes,3.3,Horror,2.4,2,40,Yes,No
CUST101552,66,Female,USA,Premium,649,55,1,Smart TV,UPI,Yes,1.1,Action,3.5,0,14,No,No
CUST101553,63,Male,USA,Basic,190,19,5,Mobile,UPI,Yes,7.6,Thriller,4.3,0,85,No,No
CUST101554,41,Male,UK,Premium,644,28,5,Laptop,UPI,Yes,6.9,Comedy,1.6,1,51,No,No
CUST101555,26,Female,USA,Basic,205,39,3,Mobile,Debit Card,Yes,5.1,Action,2.2,0,33,No,No
CUST101556,52,Female,Brazil,Basic,206,21,1,Smart TV,Credit Card,Yes,15.7,Action,1.8,0,59,No,No
CUST101557,53,Female,Japan,Premium,642,26,5,Smart TV,PayPal,No,2.5,Documentary,4.1,1,56,No,Yes
CUST101558,34,Male,UK,Basic,197,22,4,Laptop,Net Banking,No,0.1,Action,4.2,0,32,No,No
CUST101559,23,Female,Mexico,Standard,498,6,1,Mobile,UPI,No,3.1,Drama,2.0,1,20,Yes,No
CUST101560,35,Male,Canada,Basic,190,11,1,Laptop,Debit Card,Yes,0.1,Anime,1.0,0,23,No,No
CUST101561,13,Male,India,Basic,199,59,5,Mobile,UPI,Yes,6.3,Horror,2.7,1,19,No,No
CUST101562,58,Female,Brazil,Basic,199,14,2,Mobile,Net Banking,Yes,3.8,Documentary,3.7,0,67,No,No
CUST101563,49,Male,UK,Basic,199,60,1,Tablet,UPI,No,13.5,Documentary,3.5,2,59,No,No
CUST101564,33,Male,Germany,Basic,189,36,2,Smart TV,Net Banking,Yes,12.8,Drama,2.8,1,45,Yes,No
CUST101565,38,Male,Mexico,Premium,652,60,3,Smart TV,Debit Card,Yes,4.6,Drama,2.2,1,32,No,No
CUST101566,58,Female,UK,Standard,489,40,3,Mobile,PayPal,No,2.0,Romance,2.9,0,30,No,No
CUST101567,48,Female,France,Basic,197,41,5,Smart TV,UPI,Yes,4.4,Anime,1.1,0,33,Yes,No
CUST101568,66,Female,Brazil,Standard,489,2,3,Mobile,UPI,Yes,8.2,Comedy,1.3,3,21,No,No
CUST101569,35,Female,UK,Premium,642,57,5,Gaming Console,UPI,Yes,1.7,Horror,1.7,0,29,Yes,No
CUST101570,69,Male,Germany,Premium,639,43,5,Tablet,UPI,Yes,11.9,Anime,3.5,0,4,No,No
CUST101571,13,Male,USA,Standard,507,60,2,Mobile,PayPal,No,3.2,Romance,1.9,0,40,No,No
CUST101572,66,Male,Japan,Premium,648,20,2,Tablet,Net Banking,No,21.5,Anime,2.7,0,44,Yes,No
CUST101573,67,Male,Germany,Basic,203,22,3,Smart TV,Credit Card,No,5.7,Comedy,3.5,2,86,No,No
CUST101574,63,Female,India,Standard,508,39,2,Mobile,UPI,Yes,15.0,Horror,4.3,2,60,No,No
CUST101575,52,Female,USA,Standard,492,4,1,Mobile,Net Banking,Yes,7.7,Romance,3.2,1,12,No,No
CUST101576,27,Male,Germany,Standard,508,56,4,Smart TV,Credit Card,Yes,6.5,Horror,1.7,1,8,Yes,No
CUST101577,33,Male,India,Standard,502,29,1,Smart TV,Debit Card,No,9.2,Drama,4.8,0,77,No,Yes
CUST101578,59,Male,India,Standard,493,46,1,Tablet,Credit Card,Yes,13.3,Comedy,1.4,0,80,No,No
CUST101579,21,Male,UK,Premium,653,58,5,Laptop,Credit Card,No,8.3,Drama,2.5,1,34,No,No
CUST101580,65,Female,USA,Premium,653,24,4,Laptop,Net Banking,Yes,12.8,Horror,4.7,0,17,Yes,No
CUST101581,21,Male,UK,Standard,504,1,5,Smart TV,Debit Card,Yes,1.7,Drama,3.4,1,11,Yes,Yes
CUST101582,22,Male,USA,Standard,504,24,2,Mobile,UPI,No,2.6,Romance,3.7,0,40,No,No
CUST101583,64,Female,India,Basic,192,58,2,Tablet,Credit Card,No,2.1,Action,2.2,0,15,Yes,No
CUST101584,69,Male,Brazil,Basic,197,30,4,Mobile,Credit Card,No,12.8,Comedy,1.3,0,12,No,No
CUST101585,65,Female,UK,Standard,489,12,3,Mobile,Net Banking,Yes,0.7,Documentary,2.5,2,17,No,No
CUST101586,38,Male,India,Standard,493,19,2,Tablet,UPI,Yes,12.7,Documentary,2.6,0,75,No,No
CUST101587,53,Female,USA,Basic,197,37,1,Mobile,Credit Card,No,3.9,Comedy,2.1,0,50,No,No
CUST101588,47,Other,Canada,Premium,658,58,4,Mobile,Net Banking,Yes,0.7,Comedy,1.9,0,32,No,No
CUST101589,64,Female,India,Standard,493,40,4,Smart TV,UPI,No,4.4,Comedy,2.4,0,69,No,Yes
CUST101590,37,Male,India,Standard,492,43,2,Mobile,UPI,Yes,2.9,Comedy,3.6,1,81,Yes,No
CUST101591,38,Female,India,Basic,204,54,2,Laptop,UPI,Yes,7.2,Horror,4.8,0,66,No,No
CUST101592,23,Male,Australia,Basic,190,4,5,Smart TV,Credit Card,No,5.1,Action,3.8,1,53,No,Yes
CUST101593,50,Male,Brazil,Premium,654,15,5,Mobile,UPI,Yes,2.8,Drama,4.1,1,5,Yes,No
CUST101594,14,Male,Brazil,Standard,506,20,1,Smart TV,UPI,Yes,15.9,Horror,2.2,2,35,Yes,No
CUST101595,19,Male,Brazil,Premium,640,44,4,Smart TV,Debit Card,Yes,4.2,Comedy,1.4,1,54,Yes,No
CUST101596,30,Female,Germany,Premium,654,20,3,Mobile,PayPal,Yes,5.1,Romance,2.2,0,49,No,No
CUST101597,39,Female,UK,Standard,489,54,3,Smart TV,Debit Card,Yes,15.0,Horror,2.6,0,85,No,No
CUST101598,46,Female,Germany,Basic,204,55,4,Tablet,PayPal,No,0.7,Comedy,3.8,1,70,No,Yes
CUST101599,39,Female,India,Premium,641,21,1,Smart TV,Credit Card,Yes,4.0,Drama,4.8,0,65,No,Yes
CUST101600,29,Female,Germany,Premium,653,10,5,Mobile,Net Banking,Yes,4.1,Drama,4.2,0,14,No,No
CUST101601,55,Male,Australia,Standard,499,30,5,Smart TV,Net Banking,Yes,5.5,Drama,2.1,0,21,No,No
CUST101602,71,Male,UK,Premium,648,24,5,Smart TV,Credit Card,No,0.9,Horror,4.3,1,48,No,No
CUST101603,56,Female,USA,Premium,655,48,3,Mobile,Net Banking,Yes,0.9,Romance,2.6,3,37,No,No
CUST101604,71,Male,USA,Standard,492,55,3,Tablet,UPI,Yes,4.3,Thriller,1.7,0,7,No,No
CUST101605,63,Female,Germany,Standard,505,40,1,Mobile,PayPal,No,0.3,Documentary,2.8,0,7,Yes,No
CUST101606,66,Male,Brazil,Premium,642,52,3,Laptop,PayPal,No,2.4,Horror,3.3,0,83,No,No
CUST101607,36,Male,Mexico,Standard,507,40,2,Smart TV,Credit Card,Yes,1.8,Romance,4.1,1,36,No,No
CUST101608,37,Male,USA,Basic,189,38,3,Smart TV,Credit Card,Yes,5.4,Comedy,2.4,0,71,No,No
CUST101609,19,Male,Brazil,Basic,202,3,5,Laptop,Debit Card,No,0.1,Action,1.6,0,77,No,No
CUST101610,64,Male,Canada,Basic,199,29,1,Mobile,UPI,Yes,9.0,Action,1.4,0,83,Yes,No
CUST101611,18,Female,Mexico,Basic,195,8,4,Mobile,Debit Card,Yes,15.5,Anime,1.4,0,24,No,No
CUST101612,65,Male,Canada,Premium,655,29,4,Smart TV,UPI,No,9.8,Drama,4.8,1,81,Yes,No
CUST101613,36,Female,UK,Basic,192,55,1,Smart TV,Credit Card,Yes,13.6,Action,4.8,2,53,Yes,Yes
CUST101614,45,Male,Canada,Basic,198,10,2,Mobile,UPI,No,8.2,Documentary,4.9,0,20,No,No
CUST101615,61,Male,Brazil,Basic,205,5,4,Tablet,Credit Card,Yes,5.7,Horror,2.2,2,58,Yes,Yes
CUST101616,41,Male,Japan,Standard,492,11,5,Smart TV,Debit Card,Yes,2.0,Comedy,1.8,0,30,No,No
CUST101617,55,Female,India,Standard,507,4,4,Tablet,Credit Card,Yes,2.6,Horror,4.9,1,5,Yes,No
CUST101618,34,Male,India,Basic,206,49,4,Smart TV,PayPal,Yes,3.1,Anime,5.0,0,41,Yes,Yes
CUST101619,38,Female,France,Basic,205,58,5,Mobile,Net Banking,No,0.3,Action,1.3,0,51,Yes,No
CUST101620,40,Male,Canada,Basic,194,35,3,Smart TV,Credit Card,No,19.5,Documentary,4.0,0,46,Yes,No
CUST101621,62,Female,Germany,Standard,495,50,2,Mobile,PayPal,Yes,18.4,Documentary,2.2,0,83,Yes,No
CUST101622,33,Male,UK,Basic,194,40,5,Smart TV,Net Banking,Yes,0.9,Thriller,4.6,1,27,No,No
CUST101623,61,Female,India,Premium,650,56,5,Smart TV,Net Banking,Yes,6.5,Thriller,1.4,1,35,Yes,No
CUST101624,19,Female,Brazil,Standard,497,12,1,Gaming Console,UPI,No,5.0,Action,4.6,0,39,No,No
CUST101625,29,Female,Brazil,Basic,206,21,2,Laptop,Debit Card,No,9.2,Documentary,1.0,0,89,No,No
CUST101626,32,Male,USA,Standard,490,16,3,Laptop,Debit Card,No,7.4,Drama,3.1,1,12,No,No
CUST101627,53,Male,USA,Basic,205,14,5,Smart TV,Debit Card,No,1.1,Thriller,2.3,1,48,No,Yes
CUST101628,61,Male,Mexico,Standard,489,21,3,Tablet,UPI,Yes,8.6,Documentary,2.7,1,3,No,No
CUST101629,32,Female,India,Basic,197,48,5,Mobile,UPI,Yes,7.5,Thriller,2.7,0,63,Yes,No
CUST101630,66,Female,Mexico,Standard,494,27,5,Tablet,UPI,Yes,6.1,Comedy,3.6,1,79,No,Yes
CUST101631,34,Female,USA,Premium,640,36,1,Smart TV,Credit Card,Yes,4.1,Anime,1.1,2,22,No,No
CUST101632,40,Male,Canada,Premium,644,1,4,Smart TV,Credit Card,Yes,24.8,Documentary,3.8,1,57,No,No
CUST101633,73,Male,France,Basic,197,1,2,Gaming Console,Net Banking,Yes,15.1,Documentary,1.1,0,86,No,No
CUST101634,52,Male,Germany,Basic,191,22,1,Mobile,Net Banking,Yes,7.0,Romance,1.7,0,14,No,No
CUST101635,61,Other,USA,Standard,504,15,3,Tablet,PayPal,Yes,0.1,Comedy,3.4,0,88,No,No
CUST101636,19,Female,Brazil,Premium,653,52,5,Smart TV,Debit Card,Yes,4.5,Romance,1.3,0,78,No,No
CUST101637,13,Female,USA,Premium,650,20,5,Mobile,Net Banking,No,9.6,Thriller,5.0,1,45,Yes,Yes
CUST101638,44,Male,USA,Basic,196,3,2,Tablet,Credit Card,No,1.0,Horror,4.1,1,38,Yes,Yes
CUST101639,25,Female,Japan,Basic,194,14,1,Mobile,PayPal,Yes,4.2,Comedy,3.8,1,46,No,No
CUST101640,42,Female,Brazil,Standard,491,9,1,Laptop,Credit Card,Yes,1.7,Anime,2.1,0,36,No,No
CUST101641,35,Male,Germany,Basic,192,19,3,Smart TV,UPI,Yes,3.3,Action,1.2,1,40,Yes,No
CUST101642,63,Female,USA,Basic,198,40,1,Smart TV,PayPal,No,0.2,Drama,4.9,0,44,Yes,No
CUST101643,71,Female,India,Basic,202,34,1,Smart TV,Net Banking,Yes,1.1,Thriller,1.6,0,29,Yes,Yes
CUST101644,68,Female,India,Standard,503,4,4,Mobile,PayPal,Yes,4.9,Anime,4.3,0,70,No,No
CUST101645,31,Female,Canada,Premium,645,33,2,Laptop,Net Banking,Yes,18.3,Documentary,1.8,2,67,No,No
CUST101646,74,Male,Brazil,Premium,645,43,1,Mobile,UPI,No,5.4,Action,2.5,1,6,Yes,No
CUST101647,44,Male,Canada,Standard,496,37,3,Mobile,UPI,Yes,4.8,Thriller,3.8,1,46,No,No
CUST101648,42,Other,Mexico,Standard,498,2,5,Laptop,Debit Card,Yes,12.4,Anime,4.8,0,46,Yes,Yes
CUST101649,41,Male,India,Premium,657,27,1,Smart TV,Credit Card,Yes,2.5,Anime,1.1,0,81,No,No
CUST101650,61,Female,USA,Basic,207,45,1,Tablet,PayPal,Yes,0.8,Horror,2.0,1,78,No,Yes
CUST101651,57,Female,USA,Standard,490,17,5,Gaming Console,Net Banking,Yes,1.9,Drama,4.1,1,59,No,Yes
CUST101652,41,Female,UK,Standard,503,49,4,Smart TV,Credit Card,No,12.5,Documentary,1.7,0,4,No,No
CUST101653,42,Other,India,Basic,189,50,2,Smart TV,Credit Card,No,9.0,Comedy,1.4,1,47,Yes,No
CUST101654,28,Male,Japan,Standard,498,53,4,Smart TV,Credit Card,Yes,0.8,Drama,1.2,0,86,Yes,Yes
CUST101655,52,Male,USA,Basic,194,60,3,Laptop,Net Banking,No,8.8,Romance,3.0,1,73,No,Yes
CUST101656,31,Male,France,Standard,501,31,1,Smart TV,Debit Card,Yes,21.5,Thriller,4.1,0,88,No,No
CUST101657,30,Male,UK,Basic,198,41,4,Laptop,Credit Card,Yes,0.4,Documentary,4.8,0,21,No,No
CUST101658,13,Male,Japan,Basic,200,6,2,Mobile,Credit Card,No,7.7,Thriller,2.1,1,22,Yes,No
CUST101659,26,Male,Canada,Basic,194,60,3,Laptop,Debit Card,Yes,3.8,Drama,1.5,1,44,No,No
CUST101660,63,Female,France,Premium,644,52,4,Laptop,PayPal,Yes,5.6,Anime,2.6,0,78,Yes,No
CUST101661,59,Female,India,Standard,489,31,1,Gaming Console,Net Banking,Yes,6.0,Documentary,1.2,0,51,Yes,No
CUST101662,62,Male,Brazil,Standard,500,3,2,Smart TV,Debit Card,Yes,11.8,Anime,2.3,0,70,No,Yes
CUST101663,14,Male,France,Standard,498,40,1,Smart TV,Credit Card,No,6.5,Drama,3.6,0,45,No,No
CUST101664,66,Female,India,Standard,502,3,1,Smart TV,Net Banking,No,7.2,Thriller,1.7,1,37,Yes,No
CUST101665,40,Male,India,Basic,203,33,3,Mobile,Net Banking,Yes,3.2,Romance,3.5,0,39,No,No
CUST101666,61,Male,UK,Standard,492,52,2,Mobile,Debit Card,Yes,1.1,Documentary,4.9,1,14,Yes,No
CUST101667,62,Male,France,Basic,189,59,5,Gaming Console,Credit Card,No,9.2,Horror,4.5,0,68,Yes,No
CUST101668,42,Female,Canada,Basic,196,13,1,Laptop,Net Banking,Yes,0.0,Anime,2.4,0,11,Yes,No
CUST101669,50,Male,Canada,Standard,491,21,2,Smart TV,UPI,Yes,3.2,Anime,2.7,0,76,No,No
CUST101670,63,Other,India,Basic,202,37,1,Laptop,Net Banking,No,2.0,Anime,2.7,0,66,No,Yes
CUST101671,16,Male,India,Basic,205,16,4,Smart TV,Debit Card,No,3.9,Anime,4.4,0,56,No,Yes
CUST101672,13,Female,Australia,Standard,490,21,4,Smart TV,UPI,Yes,3.0,Horror,5.0,0,18,Yes,No
CUST101673,20,Male,India,Standard,503,56,2,Laptop,UPI,Yes,9.7,Documentary,4.3,0,89,No,No
CUST101674,41,Male,Germany,Standard,494,48,3,Gaming Console,Net Banking,Yes,2.4,Anime,3.2,0,29,No,No
CUST101675,67,Female,France,Standard,493,56,5,Smart TV,Net Banking,No,6.6,Anime,1.4,0,78,Yes,No
CUST101676,51,Female,India,Standard,502,44,4,Laptop,Credit Card,No,4.9,Documentary,4.8,2,17,No,Yes
CUST101677,15,Female,Germany,Standard,507,13,3,Tablet,UPI,No,12.9,Thriller,4.4,0,62,Yes,No
CUST101678,44,Female,India,Basic,197,4,5,Smart TV,Debit Card,Yes,4.5,Action,4.4,1,6,Yes,No
CUST101679,22,Female,Germany,Basic,196,31,4,Smart TV,PayPal,No,16.0,Romance,2.6,1,59,No,Yes
CUST101680,22,Female,India,Standard,491,9,5,Laptop,PayPal,Yes,0.0,Thriller,2.8,0,77,Yes,No
CUST101681,31,Female,Brazil,Basic,206,48,1,Laptop,Net Banking,No,7.4,Comedy,1.5,2,87,Yes,No
CUST101682,58,Male,USA,Premium,646,33,2,Mobile,Debit Card,Yes,0.1,Horror,4.8,1,62,No,No
CUST101683,46,Male,UK,Premium,654,37,4,Smart TV,Credit Card,No,10.0,Action,4.8,1,56,No,No
CUST101684,72,Male,Canada,Basic,203,53,4,Mobile,Credit Card,Yes,2.1,Horror,2.0,1,87,No,No
CUST101685,45,Female,India,Basic,203,37,1,Laptop,Debit Card,No,3.8,Thriller,3.8,0,74,Yes,No
CUST101686,35,Male,Brazil,Basic,204,24,4,Mobile,Debit Card,Yes,3.8,Comedy,1.8,0,38,Yes,No
CUST101687,67,Male,USA,Basic,189,25,4,Smart TV,Net Banking,Yes,15.0,Horror,2.6,0,42,No,No
CUST101688,40,Female,Germany,Basic,198,51,4,Laptop,UPI,Yes,0.9,Horror,2.2,0,55,No,No
CUST101689,44,Female,India,Standard,507,41,4,Mobile,UPI,Yes,8.8,Anime,2.6,1,9,Yes,No
CUST101690,62,Female,Brazil,Premium,643,29,4,Tablet,Net Banking,Yes,31.8,Drama,2.2,0,19,Yes,No
CUST101691,19,Male,India,Standard,506,59,3,Tablet,Net Banking,Yes,0.2,Comedy,2.4,1,63,Yes,No
CUST101692,41,Female,UK,Basic,191,40,4,Laptop,UPI,Yes,27.0,Romance,4.2,0,38,No,No
CUST101693,20,Male,USA,Standard,492,51,1,Gaming Console,Credit Card,Yes,0.1,Documentary,2.2,1,85,No,No
CUST101694,13,Male,Brazil,Standard,492,50,4,Gaming Console,Debit Card,Yes,14.7,Romance,4.3,0,27,No,No
CUST101695,69,Male,USA,Premium,649,47,5,Mobile,UPI,Yes,26.0,Action,3.3,0,29,No,No
CUST101696,67,Male,Mexico,Premium,647,36,5,Laptop,PayPal,Yes,39.7,Thriller,4.1,1,57,No,No
CUST101697,15,Male,Mexico,Premium,639,15,1,Laptop,PayPal,No,4.9,Horror,4.7,2,69,No,No
CUST101698,36,Female,India,Standard,504,45,3,Mobile,UPI,Yes,16.1,Anime,1.6,1,61,No,No
CUST101699,35,Male,Germany,Standard,497,60,1,Smart TV,Net Banking,Yes,1.0,Romance,2.4,0,0,No,No
CUST101700,71,Female,India,Basic,199,18,3,Mobile,PayPal,Yes,4.4,Thriller,1.2,0,67,No,No
CUST101701,73,Female,USA,Standard,494,20,2,Smart TV,Net Banking,No,2.9,Documentary,2.6,0,24,No,No
CUST101702,20,Male,Brazil,Basic,205,5,5,Smart TV,Net Banking,Yes,4.0,Horror,1.9,1,38,No,No
CUST101703,66,Female,Germany,Standard,500,18,5,Smart TV,Credit Card,No,9.7,Action,3.3,0,10,No,No
CUST101704,69,Male,Germany,Standard,496,60,5,Tablet,Credit Card,Yes,0.7,Horror,4.1,0,58,No,No
CUST101705,59,Female,USA,Basic,204,40,3,Mobile,Debit Card,No,50.4,Action,2.9,1,36,No,No
CUST101706,49,Male,USA,Basic,193,1,1,Smart TV,UPI,No,8.1,Romance,2.3,0,75,No,No
CUST101707,15,Male,India,Basic,189,19,3,Mobile,UPI,Yes,16.5,Documentary,1.6,0,28,No,No
CUST101708,63,Male,Brazil,Basic,205,23,5,Smart TV,Debit Card,Yes,14.2,Action,1.1,1,81,No,No
CUST101709,45,Female,UK,Basic,196,26,5,Laptop,Net Banking,No,11.6,Documentary,3.7,0,8,Yes,No
CUST101710,40,Female,Brazil,Basic,198,49,5,Smart TV,Debit Card,No,0.3,Comedy,1.1,0,45,No,No
CUST101711,59,Male,USA,Basic,206,29,5,Smart TV,Net Banking,Yes,5.8,Romance,4.7,1,75,No,Yes
CUST101712,20,Female,USA,Basic,203,59,2,Tablet,UPI,No,3.2,Anime,3.4,1,8,Yes,No
CUST101713,46,Female,USA,Premium,658,34,5,Mobile,Credit Card,No,1.0,Horror,2.4,1,64,Yes,No
CUST101714,47,Female,India,Basic,201,19,3,Tablet,Credit Card,Yes,3.4,Documentary,1.2,1,70,Yes,No
CUST101715,44,Female,USA,Basic,198,48,5,Mobile,Credit Card,Yes,8.3,Thriller,2.7,0,41,No,No
CUST101716,36,Female,Australia,Standard,497,18,4,Smart TV,Credit Card,Yes,2.1,Drama,4.5,1,33,No,Yes
CUST101717,26,Female,Mexico,Premium,651,2,2,Mobile,PayPal,Yes,4.7,Comedy,4.9,0,27,No,No
CUST101718,44,Female,UK,Standard,491,60,5,Smart TV,Credit Card,Yes,4.1,Romance,1.3,0,89,Yes,No
CUST101719,68,Male,UK,Basic,191,27,4,Smart TV,PayPal,No,0.4,Romance,4.1,1,60,No,No
CUST101720,58,Male,India,Standard,489,6,3,Smart TV,Debit Card,No,7.9,Horror,2.0,0,39,Yes,No
CUST101721,55,Male,Mexico,Standard,490,39,2,Laptop,Credit Card,Yes,7.7,Romance,2.5,1,53,No,No
CUST101722,28,Female,India,Standard,499,6,5,Laptop,PayPal,Yes,27.1,Thriller,3.2,0,58,No,No
CUST101723,16,Female,France,Standard,502,59,3,Smart TV,UPI,No,2.8,Comedy,5.0,2,77,No,Yes
CUST101724,64,Male,UK,Premium,648,6,4,Smart TV,UPI,No,4.3,Thriller,1.8,1,44,No,Yes
CUST101725,49,Female,USA,Premium,645,31,2,Tablet,Debit Card,Yes,4.1,Anime,1.5,0,79,Yes,Yes
CUST101726,66,Male,France,Standard,489,41,5,Smart TV,Credit Card,Yes,20.2,Action,3.4,3,38,Yes,No
CUST101727,33,Male,India,Standard,495,40,3,Mobile,Debit Card,No,4.2,Documentary,4.4,1,41,No,No
CUST101728,26,Other,Canada,Standard,503,30,2,Mobile,UPI,Yes,4.7,Thriller,3.6,0,10,No,No
CUST101729,43,Male,Canada,Premium,649,56,4,Laptop,Credit Card,Yes,2.3,Thriller,2.4,1,74,Yes,No
CUST101730,67,Male,India,Basic,194,54,5,Smart TV,UPI,No,0.0,Anime,4.9,0,37,No,Yes
CUST101731,60,Female,UK,Premium,645,21,2,Tablet,Net Banking,Yes,0.9,Action,5.0,1,56,No,Yes
CUST101732,30,Female,Germany,Basic,195,41,4,Mobile,Credit Card,No,9.7,Anime,4.1,2,11,Yes,No
CUST101733,19,Male,Brazil,Standard,489,44,4,Smart TV,Net Banking,No,9.2,Drama,4.2,0,41,No,No
CUST101734,22,Female,India,Premium,648,18,3,Smart TV,Credit Card,Yes,3.1,Anime,4.0,1,62,Yes,No
CUST101735,19,Female,France,Basic,203,23,4,Smart TV,PayPal,Yes,5.1,Drama,2.0,1,8,No,No
CUST101736,45,Male,India,Standard,496,38,4,Smart TV,PayPal,Yes,2.8,Documentary,1.6,2,21,Yes,No
CUST101737,35,Male,USA,Basic,207,23,1,Tablet,Debit Card,Yes,10.5,Action,3.2,2,37,No,Yes
CUST101738,33,Female,USA,Standard,491,28,4,Smart TV,Net Banking,Yes,14.8,Anime,4.8,2,72,No,No
CUST101739,31,Male,India,Basic,203,36,5,Tablet,Debit Card,No,18.3,Anime,4.5,1,56,No,No
CUST101740,60,Female,India,Standard,492,25,2,Mobile,Credit Card,No,1.5,Horror,1.4,2,66,Yes,Yes
CUST101741,73,Female,Japan,Standard,494,7,5,Smart TV,UPI,Yes,9.5,Comedy,1.2,0,29,No,No
CUST101742,31,Other,USA,Premium,648,18,5,Smart TV,Net Banking,No,26.4,Thriller,4.5,0,25,No,No
CUST101743,48,Male,India,Premium,656,20,3,Mobile,Net Banking,No,8.4,Documentary,3.5,0,71,No,No
CUST101744,41,Other,India,Basic,204,5,1,Laptop,Debit Card,No,3.5,Drama,2.2,0,53,No,No
CUST101745,72,Male,Brazil,Standard,506,18,1,Tablet,UPI,No,8.1,Comedy,3.2,0,31,Yes,No
CUST101746,30,Male,Mexico,Basic,194,42,5,Laptop,Credit Card,Yes,9.3,Romance,1.9,2,21,Yes,No
CUST101747,14,Male,USA,Basic,207,40,2,Mobile,UPI,Yes,4.0,Action,4.8,1,7,No,No
CUST101748,13,Male,India,Basic,205,33,1,Smart TV,UPI,Yes,0.9,Horror,4.3,0,65,No,No
CUST101749,59,Female,USA,Premium,656,15,1,Tablet,Debit Card,No,7.5,Horror,4.8,1,13,Yes,No
CUST101750,17,Male,India,Premium,651,35,5,Tablet,UPI,Yes,13.0,Horror,1.7,2,4,No,No
CUST101751,32,Male,India,Basic,195,47,1,Mobile,Net Banking,No,48.2,Romance,4.4,1,12,Yes,No
CUST101752,23,Female,UK,Basic,208,46,3,Smart TV,UPI,No,2.0,Thriller,3.2,1,86,No,No
CUST101753,54,Male,USA,Basic,200,1,5,Laptop,PayPal,Yes,9.6,Romance,2.3,2,76,Yes,No
CUST101754,14,Female,UK,Standard,490,21,1,Laptop,Debit Card,No,0.2,Horror,2.9,1,82,No,Yes
CUST101755,15,Male,USA,Standard,500,8,1,Mobile,Net Banking,No,28.0,Romance,4.8,2,23,No,No
CUST101756,35,Female,France,Basic,200,7,1,Mobile,Credit Card,Yes,0.1,Thriller,3.8,1,34,No,No
CUST101757,67,Female,France,Premium,642,41,5,Tablet,UPI,Yes,3.6,Drama,2.4,0,77,No,No
CUST101758,24,Male,Canada,Basic,192,50,2,Smart TV,PayPal,Yes,0.6,Romance,5.0,1,67,Yes,No
CUST101759,32,Male,USA,Premium,656,44,4,Mobile,PayPal,No,7.8,Anime,2.4,0,25,No,No
CUST101760,17,Male,USA,Standard,504,40,1,Smart TV,Credit Card,No,3.3,Drama,4.3,1,73,No,No
CUST101761,49,Female,USA,Standard,502,40,4,Smart TV,Debit Card,Yes,10.6,Documentary,4.1,0,37,No,No
CUST101762,50,Male,Brazil,Premium,655,30,4,Tablet,UPI,Yes,5.3,Romance,3.9,0,33,No,No
CUST101763,42,Male,UK,Premium,655,38,1,Mobile,Debit Card,Yes,4.3,Horror,3.7,0,33,No,No
CUST101764,21,Male,Mexico,Basic,191,35,1,Laptop,UPI,Yes,3.4,Horror,1.4,0,18,No,No
CUST101765,46,Male,France,Basic,194,2,4,Mobile,Debit Card,Yes,0.7,Romance,5.0,1,2,No,No
CUST101766,65,Female,USA,Premium,651,46,2,Laptop,Debit Card,Yes,1.8,Horror,1.6,0,35,Yes,No
CUST101767,56,Female,Canada,Basic,197,8,4,Mobile,Credit Card,Yes,8.2,Thriller,3.4,2,3,No,No
CUST101768,47,Male,India,Basic,197,38,2,Smart TV,Credit Card,Yes,5.5,Thriller,2.0,0,25,No,No
CUST101769,64,Male,India,Standard,496,4,3,Tablet,PayPal,No,0.6,Romance,1.7,1,74,Yes,No
CUST101770,70,Female,USA,Premium,655,37,2,Smart TV,UPI,Yes,6.3,Romance,3.2,0,2,No,No
CUST101771,34,Female,India,Premium,654,21,5,Mobile,UPI,No,0.4,Anime,4.3,0,48,No,Yes
CUST101772,56,Male,Mexico,Premium,654,13,1,Mobile,Debit Card,Yes,5.7,Thriller,2.5,1,8,No,No
CUST101773,36,Male,India,Standard,507,9,3,Smart TV,Credit Card,Yes,26.8,Thriller,1.3,1,45,No,No
CUST101774,29,Male,UK,Basic,204,45,4,Smart TV,Debit Card,No,2.9,Comedy,3.5,0,65,Yes,Yes
CUST101775,22,Female,Germany,Standard,502,29,2,Laptop,Credit Card,No,10.3,Action,4.1,0,13,No,No
CUST101776,42,Male,Brazil,Premium,658,41,3,Smart TV,PayPal,Yes,10.9,Comedy,2.2,0,2,No,No
CUST101777,68,Female,USA,Basic,202,56,5,Mobile,Net Banking,Yes,4.2,Romance,3.8,1,1,No,No
CUST101778,71,Female,Mexico,Basic,202,24,2,Mobile,Net Banking,Yes,7.2,Action,1.3,0,85,No,No
CUST101779,58,Female,Canada,Basic,202,16,4,Mobile,UPI,Yes,5.1,Comedy,2.4,1,32,No,No
CUST101780,35,Male,UK,Standard,500,12,4,Laptop,UPI,No,2.7,Documentary,2.9,0,9,No,No
CUST101781,44,Male,India,Premium,644,2,2,Tablet,Net Banking,Yes,11.2,Action,4.1,0,52,No,No
CUST101782,29,Male,UK,Standard,508,19,5,Smart TV,UPI,Yes,9.7,Thriller,2.4,1,43,No,Yes
CUST101783,62,Male,Australia,Premium,651,30,1,Mobile,UPI,Yes,18.5,Horror,2.8,2,37,No,No
CUST101784,63,Female,Germany,Basic,204,16,1,Smart TV,UPI,No,7.7,Action,3.5,0,20,No,No
CUST101785,29,Other,Mexico,Premium,647,24,4,Mobile,PayPal,Yes,3.9,Thriller,3.5,1,34,Yes,No
CUST101786,26,Female,UK,Premium,640,13,5,Mobile,UPI,Yes,10.0,Documentary,3.1,0,66,Yes,No
CUST101787,21,Female,India,Basic,191,5,4,Smart TV,UPI,Yes,7.7,Horror,2.3,0,82,No,No
CUST101788,52,Male,India,Premium,648,23,1,Smart TV,PayPal,Yes,7.7,Anime,3.7,0,21,Yes,No
CUST101789,14,Male,USA,Basic,208,56,4,Mobile,PayPal,Yes,15.2,Romance,4.3,1,19,No,No
CUST101790,57,Male,Brazil,Premium,640,38,2,Smart TV,Debit Card,No,19.3,Anime,1.6,2,82,Yes,Yes
CUST101791,37,Female,Australia,Premium,648,31,2,Smart TV,PayPal,Yes,1.6,Action,2.4,0,67,No,Yes
CUST101792,51,Female,USA,Premium,646,53,5,Gaming Console,Credit Card,No,3.0,Drama,3.7,1,7,Yes,Yes
CUST101793,21,Female,UK,Standard,505,56,1,Smart TV,Net Banking,No,8.4,Thriller,4.0,2,50,No,No
CUST101794,66,Male,UK,Basic,189,17,5,Mobile,Debit Card,Yes,6.5,Action,4.1,0,25,No,No
CUST101795,34,Male,USA,Standard,494,49,5,Smart TV,Debit Card,Yes,8.5,Horror,3.6,0,50,No,Yes
CUST101796,55,Female,USA,Standard,495,49,1,Tablet,PayPal,No,4.5,Comedy,2.9,0,64,No,Yes
CUST101797,58,Male,India,Premium,653,3,3,Smart TV,UPI,Yes,4.3,Anime,3.6,1,25,Yes,No
CUST101798,16,Female,India,Premium,656,26,3,Mobile,Debit Card,No,1.0,Action,1.5,0,46,No,No
CUST101799,38,Female,India,Premium,647,13,4,Mobile,Credit Card,Yes,7.8,Thriller,1.8,1,42,No,No
CUST101800,70,Female,India,Basic,196,44,3,Tablet,Net Banking,Yes,1.5,Drama,4.7,0,8,No,No
CUST101801,41,Male,India,Premium,648,38,2,Laptop,Credit Card,Yes,8.9,Drama,4.7,0,34,No,No
CUST101802,57,Male,Germany,Premium,642,22,5,Smart TV,Credit Card,No,27.3,Horror,3.9,1,81,Yes,No
CUST101803,46,Male,USA,Premium,658,21,4,Laptop,UPI,No,2.4,Anime,2.3,0,18,Yes,No
CUST101804,35,Male,Japan,Basic,196,29,5,Laptop,UPI,No,1.2,Comedy,3.6,1,47,No,No
CUST101805,49,Male,India,Basic,189,45,1,Gaming Console,PayPal,No,0.2,Documentary,3.8,0,79,No,Yes
CUST101806,23,Female,USA,Basic,196,46,3,Tablet,PayPal,No,3.8,Drama,3.1,1,27,No,No
CUST101807,18,Female,USA,Standard,500,39,1,Mobile,Net Banking,Yes,1.9,Romance,4.0,0,2,No,No
CUST101808,30,Male,India,Standard,503,5,4,Laptop,Net Banking,No,5.4,Documentary,1.1,0,17,No,No
CUST101809,33,Male,Mexico,Premium,651,14,2,Mobile,PayPal,No,5.9,Thriller,2.0,0,12,No,No
CUST101810,54,Male,India,Standard,504,18,3,Mobile,Credit Card,Yes,3.4,Action,4.2,3,26,No,No
CUST101811,48,Male,France,Basic,206,4,1,Smart TV,UPI,Yes,11.1,Documentary,4.8,1,39,No,No
CUST101812,53,Female,Mexico,Standard,489,33,3,Smart TV,UPI,No,18.8,Romance,4.5,2,38,Yes,No
CUST101813,50,Male,Canada,Premium,655,39,5,Smart TV,UPI,Yes,1.9,Horror,3.9,0,57,No,No
CUST101814,46,Male,Canada,Premium,654,20,2,Gaming Console,Credit Card,Yes,14.5,Horror,1.7,1,56,No,No
CUST101815,29,Male,Germany,Premium,643,13,3,Smart TV,UPI,Yes,1.1,Thriller,2.5,0,23,No,No
CUST101816,49,Female,USA,Standard,508,36,2,Smart TV,Net Banking,Yes,2.1,Thriller,1.2,0,21,Yes,No
CUST101817,37,Female,Germany,Standard,498,45,5,Smart TV,Debit Card,Yes,6.6,Anime,3.6,1,50,No,Yes
CUST101818,50,Male,India,Premium,644,4,5,Mobile,UPI,Yes,2.9,Thriller,2.8,1,89,No,No
CUST101819,70,Female,India,Standard,500,35,1,Tablet,UPI,Yes,0.3,Horror,3.3,1,83,Yes,Yes
CUST101820,24,Female,UK,Basic,198,8,4,Laptop,Debit Card,Yes,2.8,Horror,4.9,2,87,No,No
CUST101821,35,Female,Canada,Basic,205,52,1,Smart TV,UPI,Yes,18.8,Romance,2.6,1,75,No,Yes
CUST101822,65,Male,Mexico,Basic,190,40,2,Tablet,Credit Card,No,1.5,Comedy,2.2,1,81,No,No
CUST101823,54,Female,India,Standard,507,57,1,Smart TV,UPI,No,11.5,Romance,1.6,0,75,No,No
CUST101824,34,Female,Australia,Basic,208,49,3,Gaming Console,PayPal,Yes,10.2,Comedy,1.6,1,37,Yes,No
CUST101825,33,Female,India,Basic,194,47,1,Smart TV,PayPal,Yes,0.9,Documentary,3.1,1,60,No,No
CUST101826,39,Female,USA,Basic,201,36,4,Laptop,Debit Card,No,3.2,Thriller,4.0,2,48,No,No
CUST101827,69,Female,USA,Standard,497,6,4,Smart TV,Credit Card,No,1.7,Documentary,3.3,0,22,No,No
CUST101828,43,Male,USA,Standard,500,56,2,Tablet,PayPal,Yes,0.2,Drama,4.5,5,3,No,No
CUST101829,18,Female,India,Standard,506,22,5,Smart TV,Debit Card,No,1.5,Documentary,2.3,0,75,Yes,Yes
CUST101830,39,Female,UK,Basic,196,60,4,Smart TV,Credit Card,No,1.8,Action,3.4,0,80,No,Yes
CUST101831,52,Female,Australia,Basic,206,6,2,Tablet,Debit Card,Yes,1.5,Thriller,3.6,1,84,Yes,Yes
CUST101832,46,Male,UK,Standard,490,42,4,Smart TV,PayPal,Yes,0.8,Horror,2.1,3,36,No,Yes
CUST101833,24,Female,UK,Basic,196,36,4,Laptop,PayPal,No,6.0,Documentary,2.6,0,5,No,No
CUST101834,57,Female,Mexico,Basic,198,9,5,Laptop,Net Banking,Yes,3.1,Comedy,3.4,0,27,No,No
CUST101835,69,Male,Brazil,Basic,197,16,3,Mobile,Credit Card,Yes,19.1,Action,1.1,4,7,Yes,No
CUST101836,65,Female,UK,Premium,656,39,2,Mobile,Debit Card,No,1.7,Documentary,4.5,1,19,No,No
CUST101837,19,Female,USA,Standard,496,46,4,Tablet,UPI,Yes,7.4,Documentary,1.4,1,15,No,No
CUST101838,22,Female,Mexico,Basic,207,59,4,Tablet,PayPal,Yes,18.5,Anime,1.2,0,12,No,No
CUST101839,57,Male,Canada,Basic,191,38,1,Mobile,Credit Card,Yes,0.4,Documentary,1.9,3,78,No,No
CUST101840,29,Male,USA,Premium,647,33,3,Smart TV,Debit Card,Yes,5.8,Horror,3.0,0,61,No,No
CUST101841,38,Female,USA,Standard,501,18,5,Smart TV,Debit Card,Yes,4.8,Romance,2.3,0,76,No,No
CUST101842,33,Male,Australia,Standard,497,12,2,Smart TV,PayPal,Yes,21.1,Romance,2.8,2,65,No,No
CUST101843,40,Female,India,Standard,508,54,4,Mobile,Credit Card,Yes,8.7,Romance,1.3,0,52,No,No
CUST101844,74,Female,Japan,Premium,650,27,2,Tablet,Net Banking,Yes,3.4,Comedy,1.9,0,83,No,Yes
CUST101845,70,Female,India,Premium,651,47,5,Laptop,UPI,Yes,9.9,Documentary,1.4,1,27,No,No
CUST101846,58,Male,Australia,Standard,496,1,3,Laptop,Debit Card,Yes,7.0,Romance,1.9,0,17,No,No
CUST101847,14,Female,USA,Standard,503,15,1,Mobile,Debit Card,No,3.4,Drama,3.8,0,6,No,No
CUST101848,72,Male,UK,Basic,201,47,3,Smart TV,Credit Card,No,12.3,Horror,3.3,1,20,No,No
CUST101849,66,Male,Mexico,Premium,651,27,1,Laptop,UPI,No,8.8,Drama,2.3,2,40,No,Yes
CUST101850,55,Male,USA,Standard,505,16,2,Laptop,PayPal,Yes,0.0,Drama,2.0,0,38,No,No
CUST101851,13,Male,Canada,Basic,203,21,3,Laptop,Credit Card,Yes,16.0,Documentary,5.0,0,72,No,No
CUST101852,63,Other,India,Premium,657,1,3,Smart TV,UPI,Yes,4.0,Action,4.1,0,9,Yes,No
CUST101853,65,Other,India,Premium,641,29,3,Mobile,PayPal,Yes,8.3,Anime,4.3,0,30,No,No
CUST101854,48,Male,USA,Premium,652,3,5,Smart TV,Debit Card,Yes,4.0,Anime,1.1,1,41,No,Yes
CUST101855,63,Female,Brazil,Premium,648,12,2,Smart TV,Debit Card,No,17.1,Horror,1.2,0,76,Yes,No
CUST101856,38,Male,India,Premium,655,60,1,Laptop,Debit Card,Yes,8.4,Comedy,3.9,2,68,No,No
CUST101857,41,Female,India,Basic,196,28,3,Smart TV,Debit Card,Yes,6.9,Drama,1.8,1,58,No,No
CUST101858,33,Female,USA,Premium,656,39,2,Tablet,UPI,No,31.4,Drama,2.7,0,37,No,No
CUST101859,23,Female,Germany,Premium,650,37,5,Smart TV,Credit Card,Yes,2.6,Romance,1.7,1,42,No,No
CUST101860,52,Male,Brazil,Basic,205,31,5,Mobile,Debit Card,Yes,0.5,Action,1.7,1,1,Yes,No
CUST101861,23,Female,India,Basic,199,60,2,Laptop,Net Banking,No,5.8,Horror,1.4,1,5,Yes,No
CUST101862,48,Male,India,Premium,647,31,1,Mobile,Credit Card,No,4.4,Drama,3.4,0,76,No,Yes
CUST101863,61,Other,France,Basic,203,58,2,Laptop,Credit Card,Yes,4.8,Comedy,4.0,1,28,No,No
CUST101864,71,Male,USA,Premium,647,33,2,Laptop,PayPal,Yes,7.7,Action,1.2,0,77,No,No
CUST101865,51,Female,Mexico,Basic,200,33,4,Tablet,Credit Card,Yes,7.6,Thriller,2.1,0,29,No,No
CUST101866,52,Female,Mexico,Basic,199,47,5,Smart TV,Debit Card,Yes,4.0,Comedy,3.6,1,88,No,No
CUST101867,47,Female,Australia,Standard,505,40,1,Smart TV,UPI,Yes,15.9,Comedy,2.6,3,39,No,Yes
CUST101868,66,Male,India,Basic,194,11,4,Mobile,Net Banking,Yes,8.4,Documentary,3.8,1,36,No,No
CUST101869,46,Female,Australia,Standard,496,46,2,Laptop,Credit Card,Yes,17.7,Thriller,4.0,2,6,Yes,No
CUST101870,67,Male,Brazil,Standard,498,29,5,Mobile,Net Banking,Yes,19.5,Thriller,1.1,2,49,No,No
CUST101871,59,Female,Canada,Basic,203,25,4,Smart TV,PayPal,Yes,1.5,Anime,2.5,2,17,No,Yes
CUST101872,36,Male,USA,Basic,192,55,4,Smart TV,UPI,No,9.1,Action,3.9,0,7,No,No
CUST101873,66,Male,USA,Standard,506,13,1,Smart TV,PayPal,No,3.1,Drama,2.5,2,70,No,Yes
CUST101874,34,Female,India,Basic,199,51,2,Laptop,Credit Card,Yes,14.5,Thriller,1.0,1,54,No,Yes
CUST101875,17,Male,UK,Premium,647,44,1,Smart TV,Credit Card,No,10.6,Action,2.3,0,47,Yes,No
CUST101876,68,Male,Canada,Standard,497,54,4,Smart TV,Debit Card,No,1.8,Thriller,4.5,3,73,No,No
CUST101877,45,Male,USA,Basic,196,19,4,Smart TV,Credit Card,Yes,22.3,Romance,4.8,0,57,No,No
CUST101878,70,Male,UK,Standard,491,58,1,Laptop,Net Banking,Yes,9.2,Comedy,3.2,3,15,No,No
CUST101879,48,Female,USA,Basic,206,36,4,Tablet,UPI,Yes,23.8,Romance,2.2,2,24,No,No
CUST101880,59,Female,Germany,Basic,202,28,3,Mobile,UPI,Yes,1.8,Thriller,2.9,0,28,No,No
CUST101881,32,Male,France,Basic,191,4,5,Smart TV,PayPal,No,16.3,Drama,1.9,1,7,No,No
CUST101882,31,Male,India,Premium,655,3,2,Smart TV,Net Banking,Yes,8.8,Action,1.7,0,83,No,Yes
CUST101883,47,Male,USA,Premium,642,58,5,Mobile,Net Banking,Yes,6.4,Drama,3.0,0,54,Yes,No
CUST101884,64,Male,India,Premium,656,38,2,Mobile,PayPal,Yes,13.7,Documentary,3.9,0,51,No,Yes
CUST101885,55,Female,Germany,Basic,203,37,4,Mobile,Debit Card,Yes,8.0,Drama,1.9,0,76,No,Yes
CUST101886,29,Female,Brazil,Basic,207,43,1,Tablet,Credit Card,No,8.9,Drama,4.6,0,25,No,No
CUST101887,74,Male,France,Standard,494,25,1,Tablet,Credit Card,Yes,2.3,Action,1.7,0,24,No,No
CUST101888,71,Male,USA,Standard,503,41,4,Smart TV,Credit Card,No,13.6,Romance,3.2,1,72,No,Yes
CUST101889,57,Male,Japan,Premium,645,35,2,Smart TV,Credit Card,Yes,8.4,Comedy,4.1,0,25,Yes,No
CUST101890,55,Female,India,Basic,200,29,4,Mobile,Net Banking,No,14.9,Romance,1.9,0,75,No,No
CUST101891,46,Other,Germany,Basic,204,41,2,Mobile,Net Banking,No,3.5,Thriller,2.2,1,89,No,No
CUST101892,21,Male,India,Standard,497,29,4,Mobile,UPI,No,3.2,Thriller,1.2,0,46,Yes,No
CUST101893,38,Male,Mexico,Premium,658,12,4,Laptop,PayPal,Yes,0.2,Anime,4.8,0,85,Yes,No
CUST101894,14,Female,Canada,Premium,643,35,4,Smart TV,UPI,No,11.7,Action,2.9,2,0,No,No
CUST101895,65,Female,Germany,Standard,499,20,1,Laptop,Credit Card,Yes,3.2,Action,1.3,1,63,No,No
CUST101896,21,Male,Mexico,Premium,640,17,2,Mobile,Net Banking,Yes,3.2,Romance,4.3,0,11,No,No
CUST101897,21,Male,India,Standard,504,53,4,Gaming Console,Debit Card,Yes,9.3,Anime,3.3,1,23,Yes,No
CUST101898,52,Male,India,Premium,642,12,5,Laptop,PayPal,No,2.3,Comedy,1.2,1,29,No,No
CUST101899,29,Female,Mexico,Premium,643,57,5,Laptop,Credit Card,Yes,19.2,Comedy,2.8,1,13,No,No
CUST101900,13,Male,USA,Premium,645,50,1,Smart TV,Net Banking,No,6.2,Documentary,2.7,0,22,No,No
CUST101901,37,Male,India,Basic,194,36,3,Laptop,UPI,Yes,27.9,Thriller,1.6,2,1,No,No
CUST101902,73,Female,UK,Basic,198,10,1,Smart TV,UPI,Yes,0.6,Thriller,2.7,1,2,Yes,No
CUST101903,55,Male,Canada,Standard,502,18,3,Laptop,Credit Card,Yes,3.3,Anime,2.1,1,5,No,No
CUST101904,52,Female,India,Standard,496,30,1,Smart TV,Debit Card,Yes,3.8,Documentary,3.8,1,82,No,No
CUST101905,54,Male,USA,Premium,652,8,5,Smart TV,UPI,Yes,10.5,Action,1.0,0,20,No,No
CUST101906,37,Male,India,Basic,202,41,4,Smart TV,Debit Card,Yes,1.9,Anime,1.4,0,19,No,No
CUST101907,51,Female,UK,Basic,208,51,2,Smart TV,Net Banking,Yes,3.8,Thriller,4.7,0,20,Yes,No
CUST101908,47,Male,Mexico,Premium,641,13,4,Smart TV,PayPal,No,19.3,Drama,2.7,2,39,Yes,Yes
CUST101909,15,Other,Japan,Basic,189,31,5,Gaming Console,UPI,Yes,1.0,Action,1.7,0,67,Yes,No
CUST101910,62,Female,Germany,Basic,197,57,2,Smart TV,Debit Card,Yes,10.9,Anime,4.2,1,24,Yes,No
CUST101911,49,Male,India,Standard,497,6,3,Laptop,PayPal,Yes,9.7,Action,4.4,0,70,No,No
CUST101912,56,Female,France,Standard,490,54,3,Smart TV,Credit Card,Yes,1.1,Comedy,1.8,0,70,No,No
CUST101913,56,Male,UK,Basic,204,7,5,Mobile,Credit Card,No,9.3,Horror,3.9,1,32,Yes,No
CUST101914,63,Female,India,Premium,646,60,2,Smart TV,Credit Card,No,6.7,Romance,3.5,0,50,No,Yes
CUST101915,42,Male,France,Standard,494,21,4,Smart TV,Credit Card,Yes,2.7,Anime,4.0,1,89,No,No
CUST101916,50,Female,Brazil,Premium,651,38,5,Smart TV,UPI,Yes,3.0,Documentary,4.2,1,80,Yes,No
CUST101917,46,Male,Brazil,Standard,489,43,3,Mobile,Debit Card,Yes,14.3,Romance,3.6,1,71,No,No
CUST101918,24,Male,Brazil,Basic,207,49,5,Smart TV,UPI,Yes,2.1,Romance,4.8,0,89,No,No
CUST101919,31,Female,India,Basic,203,51,4,Tablet,UPI,Yes,5.8,Action,4.5,0,78,No,No
CUST101920,49,Female,India,Basic,189,28,1,Mobile,UPI,Yes,9.1,Comedy,1.9,0,19,Yes,No
CUST101921,56,Male,Brazil,Standard,498,57,1,Laptop,Debit Card,Yes,1.1,Drama,4.7,1,18,No,No
CUST101922,71,Male,India,Basic,189,44,4,Gaming Console,Net Banking,No,21.5,Drama,2.4,0,70,No,Yes
CUST101923,71,Female,UK,Standard,500,21,2,Laptop,PayPal,No,2.4,Thriller,3.9,0,55,No,Yes
CUST101924,61,Female,Australia,Standard,499,21,5,Tablet,Debit Card,Yes,3.1,Horror,4.4,2,55,Yes,No
CUST101925,73,Male,Australia,Basic,205,24,4,Smart TV,UPI,Yes,8.8,Documentary,2.7,2,0,No,No
CUST101926,29,Male,UK,Basic,192,27,1,Laptop,Credit Card,No,0.7,Documentary,1.2,1,38,No,No
CUST101927,22,Male,Australia,Premium,645,27,3,Smart TV,Debit Card,Yes,7.9,Comedy,4.8,3,36,Yes,No
CUST101928,69,Female,Mexico,Premium,650,13,4,Mobile,Net Banking,No,19.8,Thriller,1.3,1,17,Yes,No
CUST101929,67,Male,Germany,Basic,201,50,4,Mobile,Credit Card,Yes,2.3,Romance,2.4,0,71,Yes,No
CUST101930,61,Male,USA,Basic,193,29,4,Tablet,UPI,Yes,3.6,Documentary,3.4,0,78,No,No
CUST101931,59,Female,USA,Premium,644,39,1,Tablet,Credit Card,Yes,2.1,Thriller,1.5,0,5,Yes,No
CUST101932,24,Male,USA,Basic,190,57,1,Smart TV,Net Banking,No,13.7,Comedy,4.4,3,21,Yes,No
CUST101933,74,Female,India,Premium,645,55,4,Mobile,Debit Card,No,1.5,Thriller,1.8,1,10,No,No
CUST101934,28,Male,USA,Basic,202,28,4,Laptop,Debit Card,Yes,3.4,Anime,4.9,0,89,No,No
CUST101935,36,Male,India,Premium,652,37,2,Laptop,UPI,Yes,7.4,Action,4.7,0,71,No,No
CUST101936,31,Male,UK,Basic,198,29,3,Smart TV,UPI,Yes,4.1,Action,3.4,0,8,No,No
CUST101937,20,Female,France,Premium,642,48,5,Mobile,UPI,Yes,0.5,Action,3.6,3,12,No,No
CUST101938,43,Male,India,Basic,191,22,5,Laptop,UPI,No,23.6,Action,3.1,0,2,Yes,No
CUST101939,33,Female,Brazil,Standard,502,36,5,Laptop,Debit Card,Yes,3.3,Horror,2.6,1,66,No,No
CUST101940,29,Female,Brazil,Basic,194,30,1,Mobile,Debit Card,No,4.7,Drama,2.4,0,6,No,Yes
CUST101941,35,Female,India,Basic,203,28,1,Laptop,UPI,No,1.5,Romance,4.6,0,66,Yes,Yes
CUST101942,49,Male,France,Premium,646,23,2,Mobile,UPI,Yes,16.0,Drama,3.3,1,74,Yes,No
CUST101943,66,Male,Canada,Standard,493,33,1,Tablet,Debit Card,No,2.8,Documentary,4.3,0,45,No,No
CUST101944,28,Male,USA,Premium,641,4,4,Mobile,PayPal,Yes,0.2,Drama,3.1,1,57,No,No
CUST101945,18,Male,Brazil,Standard,491,3,3,Mobile,Net Banking,Yes,3.0,Romance,2.2,1,27,No,No
CUST101946,20,Male,USA,Premium,651,32,3,Tablet,PayPal,Yes,33.1,Anime,1.4,2,30,No,No
CUST101947,37,Female,Brazil,Standard,490,4,3,Smart TV,Credit Card,No,1.3,Thriller,2.3,1,51,Yes,Yes
CUST101948,30,Male,India,Premium,639,1,3,Tablet,UPI,Yes,0.3,Thriller,4.5,0,8,Yes,Yes
CUST101949,37,Male,Mexico,Premium,650,12,5,Laptop,Debit Card,No,6.9,Drama,3.8,0,75,No,No
CUST101950,24,Male,UK,Basic,196,13,5,Tablet,Debit Card,No,3.7,Thriller,4.1,0,7,Yes,No
CUST101951,27,Female,Germany,Premium,657,34,4,Smart TV,UPI,Yes,12.7,Romance,4.1,1,85,No,Yes
CUST101952,71,Male,USA,Premium,647,60,2,Laptop,Debit Card,Yes,10.5,Documentary,1.5,0,17,No,No
CUST101953,38,Female,Germany,Basic,202,59,1,Laptop,Credit Card,Yes,1.6,Comedy,1.6,0,48,Yes,No
CUST101954,53,Male,Australia,Standard,506,29,1,Laptop,Credit Card,No,6.7,Drama,2.3,1,10,Yes,No
CUST101955,57,Female,UK,Basic,198,9,5,Smart TV,Credit Card,Yes,0.3,Action,2.2,1,1,No,No
CUST101956,38,Female,Germany,Premium,647,31,3,Smart TV,Debit Card,Yes,4.6,Thriller,1.3,2,28,No,No
CUST101957,59,Male,UK,Basic,194,7,4,Mobile,Credit Card,No,10.0,Thriller,1.6,2,54,No,No
CUST101958,44,Male,Mexico,Basic,189,13,2,Mobile,Credit Card,Yes,4.3,Comedy,4.4,0,52,Yes,No
CUST101959,22,Male,UK,Standard,493,54,5,Laptop,Credit Card,Yes,1.0,Horror,3.4,0,25,No,No
CUST101960,28,Male,Mexico,Standard,498,2,4,Mobile,Net Banking,Yes,0.5,Documentary,2.4,2,50,No,No
CUST101961,19,Female,Australia,Premium,651,33,4,Tablet,PayPal,No,15.4,Anime,3.1,2,77,No,No
CUST101962,29,Female,USA,Premium,642,50,5,Mobile,Debit Card,Yes,17.8,Thriller,2.0,0,5,Yes,No
CUST101963,35,Female,USA,Standard,489,7,4,Smart TV,Net Banking,Yes,3.4,Action,3.3,1,11,No,No
CUST101964,38,Female,USA,Basic,190,18,3,Smart TV,Credit Card,Yes,1.4,Comedy,1.3,0,33,No,No
CUST101965,33,Male,Australia,Standard,492,51,4,Mobile,UPI,Yes,30.8,Anime,4.6,1,69,Yes,No
CUST101966,34,Male,USA,Standard,505,8,2,Mobile,Credit Card,Yes,6.3,Horror,2.0,0,63,No,No
CUST101967,70,Female,Canada,Standard,498,55,4,Mobile,PayPal,No,5.2,Thriller,4.3,0,36,No,No
CUST101968,19,Male,Australia,Basic,200,12,1,Laptop,Credit Card,Yes,10.8,Romance,3.6,0,36,No,Yes
CUST101969,26,Female,USA,Standard,490,43,4,Mobile,Credit Card,No,1.5,Romance,3.1,1,7,No,No
CUST101970,27,Male,Germany,Basic,191,59,5,Gaming Console,Debit Card,No,6.9,Action,4.7,0,36,No,No
CUST101971,65,Male,USA,Premium,652,30,1,Tablet,Net Banking,No,17.7,Anime,1.6,1,45,Yes,No
CUST101972,19,Other,India,Standard,503,59,5,Smart TV,Credit Card,Yes,0.2,Romance,1.5,2,30,Yes,No
CUST101973,21,Male,Australia,Premium,651,9,2,Tablet,Debit Card,No,8.9,Thriller,2.3,0,10,No,No
CUST101974,63,Other,India,Standard,497,28,3,Laptop,Debit Card,Yes,6.4,Action,4.3,0,35,No,No
CUST101975,60,Other,USA,Basic,190,4,2,Mobile,PayPal,Yes,24.1,Romance,1.1,0,67,Yes,Yes
CUST101976,20,Female,Mexico,Premium,657,39,1,Mobile,Debit Card,Yes,2.4,Anime,2.0,3,16,No,No
CUST101977,62,Female,USA,Standard,504,17,3,Laptop,UPI,Yes,15.7,Comedy,2.7,0,15,No,No
CUST101978,71,Female,Japan,Basic,199,11,4,Gaming Console,Debit Card,Yes,3.0,Horror,3.9,0,29,Yes,No
CUST101979,35,Female,Japan,Standard,500,59,1,Mobile,UPI,No,4.5,Anime,2.2,0,38,No,No
CUST101980,41,Male,USA,Standard,489,2,3,Smart TV,Credit Card,Yes,1.9,Anime,2.8,0,43,No,Yes
CUST101981,30,Male,India,Premium,640,23,5,Mobile,Debit Card,Yes,15.9,Documentary,2.3,0,68,No,No
CUST101982,43,Female,Brazil,Standard,504,50,3,Smart TV,Net Banking,Yes,1.7,Drama,1.4,0,36,No,No
CUST101983,42,Male,UK,Standard,490,22,5,Mobile,UPI,Yes,15.7,Horror,4.0,1,25,Yes,No
CUST101984,64,Male,India,Basic,207,26,5,Laptop,Net Banking,No,4.9,Romance,2.8,1,82,No,Yes
CUST101985,51,Male,Brazil,Standard,498,12,3,Mobile,PayPal,Yes,14.4,Drama,4.3,0,20,No,No
CUST101986,47,Female,India,Premium,657,32,2,Smart TV,UPI,Yes,2.5,Documentary,3.8,0,18,Yes,No
CUST101987,30,Female,Mexico,Premium,648,9,2,Laptop,UPI,Yes,1.1,Thriller,1.2,0,10,No,No
CUST101988,71,Male,India,Basic,204,43,5,Smart TV,PayPal,Yes,6.5,Comedy,3.0,0,18,No,No
CUST101989,54,Female,India,Basic,201,5,1,Smart TV,Debit Card,Yes,5.7,Horror,5.0,0,68,No,No
CUST101990,51,Female,India,Basic,204,26,3,Laptop,Credit Card,Yes,3.5,Action,2.2,0,1,No,No
CUST101991,29,Female,Japan,Standard,506,7,1,Gaming Console,Debit Card,No,8.7,Anime,3.0,0,24,Yes,No
CUST101992,26,Female,Brazil,Premium,646,29,2,Laptop,Credit Card,No,0.8,Comedy,3.6,1,89,No,Yes
CUST101993,43,Female,Australia,Standard,506,33,1,Mobile,Debit Card,Yes,7.8,Documentary,1.8,1,29,Yes,No
CUST101994,36,Male,USA,Standard,501,24,4,Mobile,Net Banking,Yes,1.9,Thriller,3.8,0,16,Yes,No
CUST101995,47,Female,USA,Premium,645,25,4,Smart TV,PayPal,Yes,1.1,Thriller,3.6,1,84,No,No
CUST101996,56,Male,USA,Standard,506,31,2,Laptop,UPI,Yes,19.2,Anime,2.5,0,83,Yes,No
CUST101997,72,Female,UK,Basic,194,29,1,Mobile,Debit Card,Yes,4.9,Horror,2.1,0,17,No,No
CUST101998,57,Other,Canada,Standard,497,5,3,Gaming Console,Debit Card,Yes,11.5,Documentary,4.7,1,79,No,No
CUST101999,46,Male,Germany,Premium,644,38,2,Gaming Console,UPI,Yes,0.7,Comedy,1.5,2,75,No,No
CUST102000,15,Male,USA,Premium,656,45,4,Mobile,UPI,No,0.5,Horror,2.7,0,39,No,No
CUST102001,49,Female,France,Standard,505,11,2,Gaming Console,PayPal,Yes,5.5,Drama,4.1,0,5,No,No
CUST102002,55,Male,India,Standard,500,32,1,Gaming Console,Net Banking,Yes,3.0,Comedy,1.6,0,87,Yes,No
CUST102003,52,Female,Japan,Premium,641,8,1,Mobile,Debit Card,Yes,0.0,Horror,4.7,1,42,Yes,Yes
CUST102004,38,Male,India,Standard,493,20,1,Smart TV,Credit Card,Yes,1.6,Horror,3.1,0,69,No,Yes
CUST102005,67,Male,UK,Basic,195,34,5,Laptop,Debit Card,No,2.0,Romance,3.0,0,16,No,No
CUST102006,35,Other,USA,Premium,648,47,1,Smart TV,Debit Card,Yes,2.7,Thriller,2.7,0,41,No,No
CUST102007,56,Female,UK,Premium,648,42,4,Mobile,Credit Card,Yes,16.8,Horror,4.5,1,18,Yes,No
CUST102008,51,Female,Canada,Basic,207,8,4,Smart TV,Net Banking,Yes,4.4,Thriller,4.8,0,54,No,No
CUST102009,27,Male,UK,Standard,492,2,5,Mobile,Net Banking,Yes,9.1,Anime,2.5,0,28,No,No
CUST102010,68,Female,USA,Standard,498,21,4,Gaming Console,Net Banking,Yes,0.1,Romance,3.2,0,53,No,No
CUST102011,61,Female,Brazil,Basic,206,15,4,Smart TV,Net Banking,Yes,13.5,Anime,2.3,1,70,No,No
CUST102012,16,Female,Brazil,Premium,641,6,2,Laptop,Net Banking,Yes,2.2,Romance,2.5,1,82,No,No
CUST102013,41,Female,Mexico,Standard,491,5,1,Smart TV,Net Banking,No,3.0,Anime,1.1,1,7,Yes,No
CUST102014,34,Female,USA,Premium,643,54,2,Laptop,UPI,Yes,0.4,Horror,4.1,0,7,No,No
CUST102015,37,Male,Germany,Basic,204,54,2,Laptop,Credit Card,Yes,4.2,Documentary,4.9,0,68,Yes,No
CUST102016,25,Male,Canada,Standard,508,3,4,Smart TV,Credit Card,Yes,15.3,Comedy,4.1,0,42,No,No
CUST102017,30,Female,USA,Basic,201,43,3,Mobile,Credit Card,No,3.8,Drama,3.1,0,49,No,Yes
CUST102018,45,Male,UK,Premium,649,43,1,Tablet,Debit Card,No,19.1,Comedy,4.3,0,84,No,No
CUST102019,28,Female,USA,Standard,501,16,3,Mobile,PayPal,Yes,16.2,Romance,4.4,1,3,No,No
CUST102020,57,Male,India,Standard,507,35,4,Laptop,UPI,No,0.5,Thriller,3.2,1,35,Yes,Yes
CUST102021,54,Female,India,Basic,194,9,5,Laptop,Debit Card,No,2.9,Comedy,4.7,0,4,No,No
CUST102022,56,Female,India,Basic,201,35,2,Smart TV,Credit Card,No,19.3,Thriller,1.1,2,86,No,Yes
CUST102023,74,Male,Brazil,Basic,192,19,4,Tablet,Credit Card,No,0.2,Thriller,1.0,0,18,Yes,No
CUST102024,14,Male,Germany,Basic,193,43,4,Mobile,Debit Card,Yes,11.6,Horror,1.3,1,41,No,No
CUST102025,67,Male,Japan,Standard,507,46,3,Mobile,Credit Card,No,19.0,Action,1.2,1,14,No,No
CUST102026,47,Female,Brazil,Standard,493,34,5,Smart TV,Credit Card,No,11.8,Anime,2.7,1,57,No,No
CUST102027,54,Female,India,Standard,502,39,2,Mobile,Debit Card,Yes,10.9,Horror,4.8,0,13,No,No
CUST102028,46,Male,Mexico,Standard,492,10,5,Laptop,UPI,No,14.8,Drama,3.7,0,47,No,No
CUST102029,42,Female,Mexico,Basic,200,10,5,Mobile,Credit Card,Yes,8.8,Documentary,3.6,0,71,No,No
CUST102030,71,Male,UK,Basic,194,20,5,Laptop,UPI,No,4.4,Romance,2.5,1,72,No,No
CUST102031,67,Male,Canada,Basic,207,1,1,Laptop,Debit Card,Yes,0.5,Drama,3.1,0,74,No,No
CUST102032,25,Female,Japan,Premium,648,6,5,Mobile,Credit Card,Yes,12.4,Comedy,2.2,1,81,No,No
CUST102033,25,Male,Canada,Standard,489,53,4,Mobile,UPI,No,18.9,Romance,3.1,0,62,No,No
CUST102034,30,Male,France,Basic,204,46,1,Gaming Console,Debit Card,Yes,5.7,Romance,4.0,0,54,Yes,Yes
CUST102035,44,Male,India,Basic,192,59,1,Gaming Console,Credit Card,Yes,6.1,Action,3.2,0,31,No,No
CUST102036,44,Male,India,Premium,647,2,5,Mobile,Net Banking,Yes,4.1,Thriller,2.7,0,35,No,No
CUST102037,47,Male,UK,Standard,506,38,4,Laptop,UPI,No,15.6,Drama,4.4,1,84,Yes,No
CUST102038,71,Male,Canada,Standard,505,33,2,Smart TV,UPI,Yes,0.1,Thriller,2.1,1,84,Yes,Yes
CUST102039,51,Female,Australia,Standard,503,3,5,Smart TV,Net Banking,No,7.8,Thriller,2.9,1,74,Yes,No
CUST102040,58,Male,Japan,Basic,207,36,1,Laptop,Net Banking,No,19.0,Action,4.9,0,56,Yes,No
CUST102041,64,Female,USA,Premium,645,13,2,Mobile,Credit Card,Yes,0.9,Romance,4.9,1,43,No,No
CUST102042,41,Male,India,Premium,656,35,2,Smart TV,PayPal,Yes,25.6,Horror,1.0,1,33,No,No
CUST102043,74,Male,Australia,Basic,194,15,1,Laptop,PayPal,Yes,27.5,Romance,3.1,2,50,Yes,No
CUST102044,61,Female,Germany,Premium,657,45,2,Tablet,Credit Card,Yes,21.2,Anime,2.3,0,68,No,No
CUST102045,41,Other,India,Premium,650,22,4,Tablet,PayPal,Yes,5.0,Horror,2.2,1,9,Yes,No
CUST102046,74,Male,UK,Basic,191,43,4,Mobile,Credit Card,Yes,3.9,Drama,3.4,1,11,No,No
CUST102047,65,Female,Brazil,Standard,489,4,5,Mobile,UPI,No,9.8,Horror,2.8,1,40,No,No
CUST102048,56,Female,Australia,Basic,193,17,5,Smart TV,UPI,No,3.1,Action,3.9,3,2,No,No
CUST102049,69,Female,UK,Basic,189,5,2,Laptop,Debit Card,Yes,0.6,Anime,1.1,0,64,No,No
CUST102050,28,Female,USA,Standard,496,21,1,Tablet,Net Banking,Yes,18.5,Thriller,4.7,1,39,No,Yes
CUST102051,68,Male,Japan,Basic,195,57,4,Tablet,PayPal,Yes,8.1,Drama,3.3,0,64,No,Yes
CUST102052,56,Male,Germany,Premium,653,24,3,Laptop,Net Banking,No,1.9,Romance,3.7,1,76,Yes,Yes
CUST102053,59,Female,USA,Premium,649,31,5,Smart TV,Debit Card,Yes,0.1,Thriller,3.4,1,78,Yes,Yes
CUST102054,69,Male,USA,Basic,206,40,4,Mobile,Credit Card,Yes,10.3,Thriller,5.0,0,70,Yes,Yes
CUST102055,22,Female,Brazil,Standard,502,53,2,Mobile,PayPal,Yes,15.3,Drama,4.9,1,29,No,No
CUST102056,42,Male,USA,Premium,647,56,4,Tablet,Credit Card,Yes,4.2,Documentary,3.4,0,87,No,No
CUST102057,37,Male,India,Premium,643,30,4,Smart TV,UPI,Yes,0.7,Action,3.7,0,71,No,No
CUST102058,51,Female,Canada,Premium,642,42,2,Mobile,PayPal,Yes,8.4,Comedy,3.5,0,66,Yes,No
CUST102059,32,Male,USA,Basic,200,7,5,Smart TV,Credit Card,Yes,2.8,Romance,2.2,1,78,No,No
CUST102060,17,Female,Germany,Standard,489,49,5,Laptop,Debit Card,Yes,1.2,Thriller,1.8,1,42,Yes,No
CUST102061,13,Female,India,Standard,501,60,3,Laptop,Debit Card,Yes,5.7,Romance,2.6,2,52,No,No
CUST102062,42,Female,Germany,Premium,639,7,3,Mobile,Debit Card,Yes,5.3,Action,3.7,0,77,No,No
CUST102063,61,Female,USA,Basic,191,27,5,Laptop,UPI,No,5.8,Action,1.2,3,29,Yes,No
CUST102064,15,Female,India,Premium,646,24,5,Mobile,Credit Card,Yes,13.9,Drama,3.1,0,40,No,Yes
CUST102065,57,Female,India,Basic,206,19,5,Smart TV,Credit Card,Yes,5.3,Drama,2.6,0,43,Yes,No
CUST102066,26,Female,France,Premium,654,41,5,Mobile,PayPal,Yes,18.5,Anime,3.1,0,36,Yes,No
CUST102067,68,Male,Mexico,Standard,508,56,4,Gaming Console,Debit Card,Yes,14.8,Drama,4.4,0,5,Yes,No
CUST102068,42,Male,USA,Standard,508,34,3,Smart TV,UPI,Yes,8.4,Action,1.2,0,82,Yes,Yes
CUST102069,62,Male,Australia,Standard,504,22,2,Smart TV,Credit Card,Yes,0.5,Drama,4.1,1,36,Yes,No
CUST102070,16,Male,Germany,Basic,190,52,1,Mobile,UPI,Yes,16.0,Horror,3.7,0,0,No,No
CUST102071,30,Female,Japan,Basic,205,51,2,Mobile,Net Banking,Yes,18.9,Comedy,1.8,0,88,No,No
CUST102072,74,Female,USA,Basic,198,27,1,Mobile,UPI,No,3.8,Action,3.9,0,9,Yes,No
CUST102073,49,Female,Brazil,Basic,195,6,4,Mobile,UPI,Yes,6.0,Drama,3.0,2,25,Yes,Yes
CUST102074,37,Male,India,Basic,198,10,3,Gaming Console,Credit Card,Yes,2.6,Anime,2.9,0,86,Yes,Yes
CUST102075,60,Female,USA,Premium,657,45,1,Laptop,Debit Card,Yes,0.1,Thriller,2.9,0,16,No,No
CUST102076,13,Male,Japan,Standard,508,31,5,Smart TV,Net Banking,Yes,5.2,Action,4.8,0,63,Yes,No
CUST102077,65,Female,Canada,Basic,197,25,4,Laptop,PayPal,Yes,1.1,Documentary,4.8,0,26,Yes,No
CUST102078,58,Female,USA,Premium,655,2,1,Laptop,UPI,Yes,1.6,Documentary,4.7,0,74,Yes,Yes
CUST102079,27,Male,India,Standard,497,10,5,Tablet,Net Banking,Yes,5.2,Action,4.5,0,67,Yes,No
CUST102080,21,Male,Brazil,Premium,647,10,4,Mobile,Credit Card,Yes,16.1,Action,1.2,1,17,No,No
CUST102081,27,Male,Germany,Standard,493,26,1,Smart TV,UPI,No,14.9,Documentary,2.6,0,82,Yes,No
CUST102082,61,Female,USA,Basic,195,5,5,Laptop,Credit Card,No,26.8,Thriller,4.6,1,49,Yes,No
CUST102083,69,Female,Japan,Standard,499,22,3,Laptop,UPI,Yes,5.3,Thriller,4.0,0,89,No,No
CUST102084,36,Female,India,Standard,496,4,4,Mobile,Credit Card,Yes,6.4,Thriller,2.8,0,64,No,No
CUST102085,16,Male,USA,Basic,202,55,1,Smart TV,Net Banking,No,13.8,Comedy,4.1,1,19,No,No
CUST102086,24,Male,France,Basic,190,34,5,Laptop,PayPal,No,9.6,Romance,1.8,0,61,No,Yes
CUST102087,71,Female,USA,Basic,198,7,3,Smart TV,Credit Card,Yes,1.6,Romance,3.4,0,74,No,No
CUST102088,70,Female,USA,Basic,204,50,5,Smart TV,UPI,Yes,4.1,Anime,3.1,1,58,No,Yes
CUST102089,49,Male,Canada,Standard,504,17,3,Smart TV,PayPal,No,21.2,Comedy,3.3,1,24,No,No
CUST102090,73,Male,Australia,Standard,507,11,1,Mobile,Credit Card,No,1.3,Anime,3.9,0,82,No,No
CUST102091,49,Female,India,Basic,199,53,5,Mobile,Credit Card,Yes,1.9,Thriller,4.8,1,64,No,No
CUST102092,55,Male,France,Standard,494,50,5,Smart TV,Debit Card,Yes,4.1,Documentary,2.1,0,64,No,Yes
CUST102093,72,Male,Australia,Standard,494,8,2,Smart TV,Credit Card,Yes,22.5,Comedy,4.0,0,66,No,No
CUST102094,18,Male,India,Basic,195,28,4,Smart TV,UPI,Yes,1.0,Drama,3.6,0,57,Yes,Yes
CUST102095,51,Female,Brazil,Basic,204,60,5,Smart TV,Debit Card,No,8.9,Romance,3.8,0,39,No,Yes
CUST102096,68,Female,USA,Basic,201,44,3,Mobile,UPI,No,1.1,Comedy,2.7,0,46,No,Yes
CUST102097,58,Female,USA,Standard,491,56,4,Smart TV,UPI,Yes,5.9,Documentary,4.8,2,42,No,No
CUST102098,36,Female,Australia,Basic,197,33,1,Smart TV,Net Banking,Yes,6.2,Horror,2.9,0,7,No,No
CUST102099,23,Female,Japan,Standard,491,52,4,Mobile,PayPal,Yes,0.3,Horror,1.5,0,61,No,No
CUST102100,74,Male,India,Standard,494,25,2,Smart TV,UPI,No,24.7,Horror,3.7,2,33,No,Yes
CUST102101,25,Female,UK,Standard,505,21,1,Smart TV,Debit Card,No,13.1,Documentary,1.5,5,7,Yes,Yes
CUST102102,46,Male,UK,Basic,191,12,5,Laptop,Credit Card,Yes,2.9,Action,2.3,0,24,Yes,No
CUST102103,37,Female,USA,Basic,190,59,1,Mobile,Credit Card,No,1.1,Documentary,1.9,1,25,No,No
CUST102104,19,Male,USA,Standard,500,26,1,Tablet,PayPal,Yes,3.4,Anime,3.2,0,53,No,No
CUST102105,64,Male,India,Premium,644,29,2,Mobile,Debit Card,No,18.0,Thriller,2.4,0,82,Yes,No
CUST102106,16,Male,Brazil,Premium,648,38,3,Tablet,Debit Card,Yes,1.1,Anime,1.6,1,86,Yes,Yes
CUST102107,71,Male,UK,Standard,499,35,1,Smart TV,Net Banking,Yes,3.4,Horror,4.2,0,40,No,No
CUST102108,20,Male,India,Standard,504,37,3,Mobile,UPI,Yes,5.5,Horror,2.9,2,79,No,No
CUST102109,32,Male,Australia,Standard,504,46,4,Mobile,Net Banking,Yes,0.3,Horror,2.8,1,71,Yes,No
CUST102110,41,Other,Australia,Premium,656,44,2,Tablet,Net Banking,Yes,2.5,Horror,4.5,0,62,No,No
CUST102111,66,Male,UK,Basic,197,45,5,Mobile,Credit Card,No,7.2,Documentary,3.2,0,71,No,No
CUST102112,65,Female,USA,Premium,657,45,1,Tablet,Net Banking,Yes,3.1,Comedy,3.8,2,74,No,No
CUST102113,63,Female,Germany,Standard,490,29,3,Mobile,Credit Card,Yes,16.4,Comedy,2.3,0,6,No,No
CUST102114,57,Other,USA,Standard,489,49,1,Laptop,Net Banking,Yes,22.1,Comedy,3.2,1,84,Yes,No
CUST102115,58,Female,USA,Basic,204,24,2,Tablet,UPI,Yes,4.7,Documentary,3.9,0,84,No,No
CUST102116,22,Female,Brazil,Standard,506,59,5,Gaming Console,PayPal,Yes,6.1,Horror,2.2,2,68,No,No
CUST102117,55,Male,India,Standard,491,15,4,Laptop,PayPal,Yes,8.0,Horror,3.8,1,49,No,No
CUST102118,46,Male,India,Basic,189,6,4,Smart TV,UPI,No,8.7,Thriller,3.3,0,42,Yes,No
CUST102119,69,Male,India,Basic,194,32,3,Smart TV,UPI,No,0.5,Romance,2.7,0,16,No,No
CUST102120,38,Female,India,Premium,657,44,4,Smart TV,Net Banking,Yes,0.4,Thriller,3.9,1,20,Yes,No
CUST102121,53,Female,India,Standard,507,34,3,Smart TV,Net Banking,Yes,16.1,Action,2.3,0,5,No,No
CUST102122,61,Male,Japan,Standard,499,36,5,Smart TV,UPI,No,2.0,Drama,3.9,2,70,No,No
CUST102123,70,Male,USA,Basic,196,20,1,Mobile,UPI,Yes,7.0,Horror,3.2,0,74,No,No
CUST102124,15,Female,India,Standard,493,57,2,Laptop,Credit Card,No,7.8,Horror,2.0,2,81,No,No
CUST102125,68,Male,USA,Standard,508,57,5,Smart TV,PayPal,No,1.4,Thriller,3.7,1,37,No,Yes
CUST102126,18,Female,France,Standard,497,53,5,Mobile,UPI,Yes,11.5,Anime,4.5,1,62,Yes,No
CUST102127,17,Female,Canada,Standard,503,12,4,Mobile,PayPal,Yes,16.1,Horror,2.2,0,11,No,No
CUST102128,17,Female,USA,Standard,502,35,4,Tablet,UPI,Yes,2.7,Romance,4.2,0,21,No,No
CUST102129,66,Female,Mexico,Standard,492,49,2,Smart TV,Debit Card,Yes,16.8,Horror,2.3,0,2,No,No
CUST102130,59,Female,USA,Basic,196,38,1,Mobile,Credit Card,Yes,0.7,Romance,4.3,0,18,Yes,Yes
CUST102131,35,Female,USA,Premium,658,56,5,Gaming Console,Credit Card,Yes,12.9,Comedy,1.2,0,42,No,No
CUST102132,61,Female,India,Standard,505,17,4,Smart TV,UPI,No,8.2,Horror,1.0,0,86,Yes,No
CUST102133,21,Female,USA,Basic,190,27,5,Laptop,Debit Card,No,7.0,Action,1.5,0,66,No,Yes
CUST102134,47,Male,USA,Standard,508,17,1,Tablet,UPI,Yes,2.1,Romance,4.5,0,86,Yes,No
CUST102135,32,Male,Germany,Premium,654,11,3,Smart TV,Credit Card,Yes,3.6,Thriller,3.1,1,4,Yes,No
CUST102136,70,Male,USA,Basic,198,55,1,Gaming Console,Debit Card,Yes,19.3,Thriller,3.4,1,28,No,No
CUST102137,61,Male,Canada,Basic,190,39,5,Laptop,Debit Card,No,5.0,Anime,4.4,1,4,No,Yes
CUST102138,73,Female,India,Standard,499,2,5,Smart TV,Debit Card,No,7.2,Horror,1.2,1,44,No,No
CUST102139,71,Female,India,Basic,198,51,2,Smart TV,Credit Card,Yes,22.0,Drama,2.5,0,53,No,No
CUST102140,54,Male,USA,Premium,657,2,5,Mobile,PayPal,Yes,5.0,Drama,3.6,2,23,No,No
CUST102141,47,Male,France,Basic,202,54,4,Tablet,Credit Card,No,3.9,Drama,2.6,4,20,No,No
CUST102142,62,Other,USA,Premium,649,29,2,Smart TV,Credit Card,Yes,17.9,Thriller,1.1,0,31,No,Yes
CUST102143,30,Male,Germany,Basic,197,45,5,Laptop,Net Banking,Yes,19.3,Romance,3.6,0,4,No,No
CUST102144,74,Male,USA,Basic,195,24,1,Smart TV,Credit Card,Yes,3.5,Anime,2.6,0,61,No,No
CUST102145,29,Female,India,Premium,653,24,5,Laptop,PayPal,Yes,7.2,Thriller,1.1,0,17,Yes,No
CUST102146,36,Female,India,Standard,508,16,1,Laptop,Net Banking,Yes,26.5,Comedy,1.7,2,34,No,Yes
CUST102147,15,Male,USA,Standard,505,31,1,Mobile,UPI,Yes,0.5,Horror,1.9,0,79,No,Yes
CUST102148,44,Male,India,Basic,191,49,5,Mobile,UPI,No,0.3,Documentary,3.0,0,87,No,Yes
CUST102149,47,Male,India,Standard,503,43,1,Tablet,Debit Card,Yes,5.8,Drama,1.7,1,4,No,No
CUST102150,50,Female,Brazil,Standard,502,9,3,Mobile,Debit Card,Yes,2.8,Comedy,2.4,1,8,Yes,No
CUST102151,25,Female,India,Premium,646,27,2,Laptop,UPI,Yes,7.0,Comedy,4.0,0,3,No,No
CUST102152,68,Male,Canada,Premium,642,56,5,Smart TV,Credit Card,No,10.3,Romance,4.2,0,32,No,No
CUST102153,73,Female,USA,Standard,498,41,3,Laptop,Debit Card,No,0.6,Action,4.2,0,21,No,No
CUST102154,59,Female,UK,Standard,490,14,1,Laptop,PayPal,No,17.1,Comedy,3.8,1,58,No,No
CUST102155,37,Male,Canada,Standard,502,45,1,Mobile,Credit Card,Yes,2.6,Drama,3.2,2,10,No,No
CUST102156,21,Female,USA,Standard,496,25,2,Laptop,PayPal,No,3.8,Documentary,3.2,0,68,No,Yes
CUST102157,16,Female,USA,Basic,198,43,3,Mobile,UPI,Yes,3.3,Anime,4.8,0,9,No,No
CUST102158,26,Male,Brazil,Basic,206,44,3,Tablet,Credit Card,Yes,14.7,Horror,4.5,0,2,Yes,No
CUST102159,49,Male,Mexico,Basic,203,22,5,Smart TV,Credit Card,Yes,1.5,Comedy,3.6,1,14,No,No
CUST102160,46,Female,India,Basic,193,35,1,Smart TV,Debit Card,Yes,0.2,Anime,2.9,0,36,No,Yes
CUST102161,23,Female,India,Basic,201,33,4,Laptop,UPI,Yes,28.5,Thriller,3.9,0,39,No,Yes
CUST102162,53,Female,Mexico,Standard,506,27,5,Laptop,Debit Card,Yes,31.6,Thriller,1.3,1,16,No,No
CUST102163,68,Female,USA,Premium,640,40,5,Mobile,UPI,Yes,2.4,Comedy,4.8,0,19,No,No
CUST102164,15,Female,Canada,Standard,501,26,5,Gaming Console,UPI,No,0.1,Drama,3.2,2,3,No,Yes
CUST102165,71,Male,USA,Basic,202,19,2,Laptop,PayPal,Yes,8.3,Romance,3.0,0,33,Yes,Yes
CUST102166,40,Female,India,Basic,198,45,2,Gaming Console,Credit Card,Yes,8.4,Romance,2.2,0,33,No,Yes
CUST102167,41,Male,Canada,Standard,492,39,5,Mobile,UPI,No,22.6,Documentary,1.0,2,66,No,No
CUST102168,21,Male,Canada,Basic,203,45,4,Smart TV,Credit Card,Yes,2.8,Documentary,1.2,0,27,No,No
CUST102169,15,Female,India,Standard,496,26,3,Mobile,Credit Card,Yes,1.7,Drama,2.1,2,78,Yes,No
CUST102170,37,Female,UK,Premium,653,6,3,Gaming Console,Debit Card,Yes,7.7,Thriller,3.2,0,35,No,No
CUST102171,46,Male,Australia,Basic,202,3,1,Mobile,PayPal,Yes,6.6,Thriller,1.3,2,34,No,No
CUST102172,24,Female,Canada,Basic,197,6,3,Gaming Console,Net Banking,Yes,10.1,Romance,4.9,1,40,No,No
CUST102173,54,Male,India,Standard,508,28,3,Laptop,Debit Card,No,17.3,Anime,2.6,1,58,Yes,No
CUST102174,21,Male,Canada,Premium,641,3,4,Mobile,UPI,Yes,6.6,Romance,2.3,0,73,Yes,No
CUST102175,27,Male,Brazil,Premium,653,13,3,Mobile,Debit Card,No,1.3,Action,3.1,0,16,Yes,Yes
CUST102176,52,Female,Australia,Premium,655,13,4,Mobile,UPI,Yes,7.3,Comedy,1.3,0,29,No,No
CUST102177,37,Female,Germany,Basic,204,57,2,Laptop,Debit Card,No,3.7,Romance,4.4,0,53,No,Yes
CUST102178,17,Male,India,Premium,642,13,4,Smart TV,UPI,Yes,4.8,Comedy,2.8,0,51,No,No
CUST102179,23,Female,Brazil,Basic,199,1,2,Tablet,UPI,Yes,25.6,Horror,1.7,0,71,No,No
CUST102180,71,Male,Germany,Basic,196,40,4,Mobile,UPI,Yes,6.5,Romance,1.6,2,22,No,No
CUST102181,46,Female,India,Premium,641,37,5,Tablet,Credit Card,Yes,1.3,Anime,2.4,1,18,Yes,Yes
CUST102182,36,Male,USA,Premium,657,31,2,Mobile,UPI,Yes,4.7,Thriller,3.3,0,36,Yes,No
CUST102183,72,Male,USA,Basic,202,52,2,Mobile,Debit Card,Yes,2.1,Comedy,2.7,0,58,No,No
CUST102184,27,Female,Germany,Basic,197,17,3,Mobile,Credit Card,Yes,1.2,Drama,3.4,1,35,Yes,Yes
CUST102185,50,Male,India,Basic,191,9,2,Laptop,Credit Card,Yes,10.0,Horror,3.8,1,67,No,No
CUST102186,20,Male,Canada,Basic,192,45,4,Smart TV,Net Banking,Yes,7.9,Documentary,4.0,0,25,Yes,No
CUST102187,71,Female,France,Basic,192,57,5,Gaming Console,Net Banking,No,5.5,Romance,2.6,1,26,No,No
CUST102188,17,Other,Australia,Premium,649,13,5,Mobile,Credit Card,No,4.4,Action,3.9,0,76,No,Yes
CUST102189,60,Male,France,Standard,507,37,3,Gaming Console,UPI,Yes,3.1,Drama,1.6,2,61,No,Yes
CUST102190,38,Male,Japan,Premium,654,14,4,Tablet,UPI,No,0.7,Drama,3.1,0,61,No,No
CUST102191,30,Male,India,Premium,655,11,4,Laptop,Net Banking,Yes,2.8,Horror,1.3,3,51,No,No
CUST102192,18,Female,Germany,Standard,498,25,1,Mobile,Net Banking,No,14.6,Drama,2.0,0,43,No,No
CUST102193,49,Male,USA,Premium,655,31,2,Mobile,UPI,Yes,12.2,Comedy,3.3,1,32,No,Yes
CUST102194,72,Female,Mexico,Standard,504,58,3,Laptop,Credit Card,Yes,28.7,Horror,4.0,0,89,No,No
CUST102195,60,Other,USA,Basic,208,14,5,Mobile,UPI,No,8.5,Documentary,1.4,0,83,No,No
CUST102196,25,Male,Japan,Standard,494,57,1,Laptop,PayPal,No,6.5,Anime,1.8,0,62,Yes,Yes
CUST102197,40,Male,Germany,Standard,495,7,4,Laptop,Net Banking,No,2.8,Horror,5.0,0,71,No,No
CUST102198,17,Male,Australia,Premium,652,24,2,Mobile,Debit Card,Yes,0.6,Anime,2.4,0,79,Yes,No
CUST102199,25,Male,India,Premium,649,49,5,Mobile,PayPal,Yes,7.7,Action,2.1,2,68,No,Yes
CUST102200,29,Female,India,Standard,500,36,1,Smart TV,UPI,Yes,5.4,Thriller,1.3,0,33,Yes,No
CUST102201,62,Male,Brazil,Premium,652,42,4,Smart TV,Credit Card,No,11.4,Drama,3.8,1,26,No,No
CUST102202,52,Male,India,Basic,193,42,5,Tablet,UPI,Yes,4.2,Drama,3.0,0,35,No,Yes
CUST102203,57,Female,Australia,Premium,643,47,5,Laptop,Credit Card,No,33.9,Anime,1.6,1,3,Yes,No
CUST102204,44,Male,India,Standard,508,52,4,Smart TV,UPI,No,4.1,Drama,3.5,1,52,Yes,No
CUST102205,74,Female,Germany,Basic,203,44,4,Tablet,UPI,Yes,3.2,Thriller,3.1,0,70,No,Yes
CUST102206,41,Male,USA,Standard,489,41,3,Smart TV,Net Banking,No,16.4,Anime,3.3,1,36,No,No
CUST102207,63,Female,Germany,Standard,497,3,5,Mobile,Net Banking,Yes,4.0,Romance,5.0,0,87,No,No
CUST102208,70,Female,Brazil,Basic,191,47,4,Smart TV,Credit Card,Yes,16.4,Comedy,1.1,0,78,No,Yes
CUST102209,15,Female,USA,Premium,642,44,1,Gaming Console,Credit Card,No,0.2,Comedy,4.7,0,49,No,Yes
CUST102210,68,Female,India,Basic,204,26,2,Gaming Console,PayPal,Yes,9.4,Documentary,4.4,1,69,No,No
CUST102211,52,Male,India,Premium,645,47,3,Mobile,UPI,Yes,0.6,Comedy,2.7,1,25,No,No
CUST102212,46,Male,Canada,Standard,502,26,4,Mobile,PayPal,Yes,1.3,Comedy,4.5,0,89,No,No
CUST102213,52,Female,Canada,Basic,204,1,2,Mobile,Debit Card,Yes,9.6,Action,3.6,0,24,No,No
CUST102214,39,Female,Brazil,Standard,506,15,3,Laptop,PayPal,Yes,2.7,Horror,4.6,0,32,No,Yes
CUST102215,25,Male,UK,Standard,504,11,5,Smart TV,Debit Card,Yes,1.9,Action,3.4,0,66,No,No
CUST102216,57,Male,UK,Standard,504,37,2,Mobile,Debit Card,Yes,12.9,Anime,1.9,0,72,Yes,No
CUST102217,45,Male,USA,Standard,490,7,3,Laptop,Credit Card,No,23.4,Comedy,3.3,0,36,No,No
CUST102218,18,Male,India,Standard,498,12,4,Mobile,Net Banking,Yes,2.1,Action,1.7,1,37,No,No
CUST102219,36,Male,USA,Standard,495,52,4,Smart TV,UPI,Yes,3.1,Romance,1.6,0,26,No,No
CUST102220,31,Female,Japan,Premium,653,57,3,Mobile,Net Banking,Yes,10.0,Documentary,3.6,0,12,No,No
CUST102221,28,Male,Mexico,Basic,197,38,5,Laptop,PayPal,Yes,13.5,Comedy,4.8,1,22,No,No
CUST102222,52,Male,USA,Standard,495,54,3,Gaming Console,Credit Card,Yes,56.7,Horror,3.4,0,66,Yes,No
CUST102223,40,Female,Canada,Basic,204,3,1,Smart TV,UPI,Yes,2.6,Action,4.2,0,86,Yes,No
CUST102224,45,Female,Mexico,Premium,641,42,3,Mobile,Credit Card,Yes,6.5,Thriller,1.7,0,87,No,Yes
CUST102225,71,Female,UK,Premium,655,58,3,Mobile,UPI,Yes,1.2,Horror,3.6,3,54,No,Yes
CUST102226,71,Female,India,Basic,196,53,4,Smart TV,Debit Card,No,3.2,Action,3.9,0,36,No,No
CUST102227,60,Male,India,Basic,190,26,5,Mobile,UPI,No,0.4,Action,1.2,0,11,No,No
CUST102228,53,Female,UK,Basic,208,54,3,Smart TV,UPI,Yes,1.9,Anime,1.4,0,53,No,No
CUST102229,25,Female,Japan,Standard,491,30,2,Smart TV,Debit Card,Yes,5.7,Thriller,4.1,2,19,No,No
CUST102230,55,Male,Brazil,Standard,496,32,4,Laptop,Credit Card,No,1.4,Documentary,2.8,0,17,Yes,No
CUST102231,57,Female,India,Premium,640,36,4,Mobile,Debit Card,No,17.6,Thriller,2.6,0,6,No,No
CUST102232,37,Female,India,Standard,507,45,3,Gaming Console,Net Banking,Yes,9.9,Documentary,4.7,1,89,No,No
CUST102233,65,Male,Australia,Basic,205,51,2,Mobile,Debit Card,No,0.2,Romance,5.0,2,75,No,Yes
CUST102234,54,Male,Mexico,Premium,643,37,3,Mobile,PayPal,No,16.7,Anime,4.1,0,1,Yes,No
CUST102235,48,Male,Germany,Standard,508,55,2,Smart TV,Credit Card,Yes,30.3,Thriller,4.2,2,53,No,No
CUST102236,39,Male,Germany,Standard,505,59,4,Smart TV,Debit Card,Yes,5.6,Documentary,1.8,0,7,No,No
CUST102237,50,Male,India,Basic,198,54,2,Tablet,UPI,Yes,3.0,Documentary,1.8,0,32,No,No
CUST102238,72,Female,Australia,Standard,497,18,3,Laptop,PayPal,Yes,2.4,Drama,4.9,0,45,No,No
CUST102239,19,Male,Australia,Premium,644,1,1,Smart TV,UPI,Yes,0.7,Anime,3.8,0,41,Yes,No
CUST102240,17,Female,USA,Standard,499,53,1,Laptop,UPI,Yes,5.4,Drama,3.7,3,62,Yes,No
CUST102241,55,Female,Brazil,Basic,190,21,2,Gaming Console,PayPal,Yes,0.4,Action,2.1,0,76,No,Yes
CUST102242,57,Female,India,Standard,500,28,3,Smart TV,Debit Card,Yes,5.6,Thriller,4.5,0,87,No,No
CUST102243,70,Female,India,Premium,650,48,5,Smart TV,Credit Card,Yes,2.3,Documentary,1.2,0,32,No,No
CUST102244,69,Male,India,Basic,204,16,1,Smart TV,Debit Card,No,5.2,Drama,2.1,1,68,Yes,No
CUST102245,63,Male,India,Standard,500,48,4,Tablet,Credit Card,Yes,4.3,Action,1.7,1,69,No,No
CUST102246,43,Female,USA,Premium,656,28,3,Smart TV,Net Banking,Yes,2.9,Action,3.8,0,3,No,No
CUST102247,35,Female,USA,Basic,201,22,3,Smart TV,UPI,Yes,4.8,Horror,3.9,1,57,Yes,Yes
CUST102248,54,Female,UK,Standard,503,19,1,Mobile,Debit Card,Yes,5.1,Action,3.1,1,28,Yes,No
CUST102249,22,Male,UK,Standard,504,48,5,Mobile,Net Banking,Yes,14.4,Horror,1.0,2,20,Yes,No
CUST102250,44,Female,USA,Standard,492,1,4,Laptop,Net Banking,No,8.8,Horror,4.5,0,25,Yes,No
CUST102251,55,Male,India,Standard,500,31,5,Mobile,Debit Card,Yes,4.5,Drama,4.8,1,85,Yes,No
CUST102252,65,Female,Germany,Basic,205,52,4,Mobile,Net Banking,Yes,18.9,Romance,1.8,0,40,Yes,No
CUST102253,42,Other,USA,Standard,489,52,1,Gaming Console,Credit Card,Yes,11.3,Comedy,4.4,1,77,No,No
CUST102254,51,Male,USA,Basic,206,42,3,Smart TV,Net Banking,Yes,0.6,Anime,4.9,1,33,Yes,No
CUST102255,43,Female,Mexico,Standard,504,34,4,Smart TV,Debit Card,Yes,1.3,Anime,2.3,1,43,No,No
CUST102256,30,Male,Brazil,Basic,189,46,3,Laptop,UPI,Yes,0.7,Romance,1.7,1,0,Yes,No
CUST102257,48,Male,Mexico,Basic,198,40,2,Laptop,Debit Card,Yes,3.1,Horror,4.9,0,31,No,Yes
CUST102258,14,Female,UK,Premium,657,6,2,Mobile,Net Banking,No,4.6,Romance,1.2,0,31,No,Yes
CUST102259,26,Female,India,Standard,504,28,1,Smart TV,Credit Card,Yes,5.6,Horror,2.1,1,50,No,Yes
CUST102260,25,Female,Brazil,Premium,652,3,1,Laptop,Debit Card,No,15.3,Horror,4.0,1,23,No,No
CUST102261,41,Female,India,Basic,190,31,1,Laptop,UPI,No,0.1,Action,3.5,3,43,No,No
CUST102262,24,Female,UK,Standard,494,16,2,Tablet,UPI,Yes,4.5,Anime,3.7,0,84,Yes,No
CUST102263,51,Female,India,Basic,193,17,4,Laptop,PayPal,No,4.2,Anime,3.8,0,75,No,Yes
CUST102264,14,Female,Australia,Premium,650,44,5,Smart TV,PayPal,Yes,23.6,Comedy,3.7,0,83,Yes,No
CUST102265,44,Male,India,Premium,642,27,1,Laptop,PayPal,Yes,2.2,Comedy,2.4,0,36,Yes,No
CUST102266,25,Other,France,Basic,192,51,5,Smart TV,Credit Card,No,1.0,Comedy,2.2,0,83,No,Yes
CUST102267,58,Male,Mexico,Premium,643,24,5,Tablet,Debit Card,Yes,1.2,Horror,2.7,0,65,Yes,Yes
CUST102268,39,Female,UK,Basic,195,20,2,Laptop,Debit Card,Yes,5.9,Action,4.2,2,13,No,No
CUST102269,61,Male,Brazil,Standard,494,32,4,Mobile,Net Banking,No,4.0,Documentary,4.8,1,16,Yes,No
CUST102270,53,Male,Germany,Premium,651,35,2,Mobile,Debit Card,Yes,11.2,Comedy,2.8,0,87,Yes,No
CUST102271,29,Male,Australia,Premium,642,13,1,Smart TV,Credit Card,No,3.1,Drama,1.3,0,14,No,No
CUST102272,52,Female,UK,Premium,651,48,2,Smart TV,UPI,Yes,1.1,Drama,4.8,1,60,No,Yes
CUST102273,43,Male,Australia,Basic,192,43,2,Smart TV,Debit Card,Yes,3.9,Comedy,1.3,1,48,Yes,Yes
CUST102274,46,Male,UK,Basic,198,20,2,Laptop,Debit Card,Yes,17.2,Comedy,1.6,1,7,Yes,No
CUST102275,72,Female,France,Basic,208,59,1,Mobile,PayPal,Yes,4.2,Comedy,4.5,4,2,Yes,No
CUST102276,36,Female,UK,Standard,489,48,1,Smart TV,Credit Card,Yes,14.3,Anime,3.2,1,74,No,No
CUST102277,57,Male,UK,Premium,646,52,2,Laptop,UPI,Yes,3.7,Drama,2.4,0,26,No,No
CUST102278,47,Male,Australia,Basic,195,2,2,Smart TV,Debit Card,Yes,2.6,Thriller,4.7,1,8,No,No
CUST102279,60,Male,Australia,Standard,493,4,5,Laptop,Debit Card,No,11.9,Documentary,4.8,0,14,Yes,No
CUST102280,18,Male,Canada,Basic,191,27,4,Mobile,Net Banking,Yes,1.9,Thriller,2.3,1,31,No,No
CUST102281,31,Female,India,Basic,203,60,5,Mobile,Debit Card,Yes,2.1,Drama,4.5,0,10,Yes,Yes
CUST102282,42,Female,UK,Standard,505,25,4,Smart TV,Debit Card,Yes,0.4,Drama,3.7,0,2,No,No
CUST102283,19,Female,Japan,Standard,501,4,4,Tablet,Net Banking,Yes,1.7,Action,2.1,1,25,No,No
CUST102284,22,Male,Brazil,Premium,653,60,2,Smart TV,Credit Card,No,3.8,Thriller,4.8,0,6,No,No
CUST102285,53,Female,Australia,Basic,207,32,5,Smart TV,Credit Card,No,4.1,Comedy,1.3,1,54,No,No
CUST102286,44,Female,India,Premium,658,17,4,Mobile,Debit Card,No,4.4,Romance,2.3,1,38,Yes,No
CUST102287,46,Female,UK,Basic,202,1,4,Tablet,UPI,No,5.2,Anime,2.6,0,3,No,No
CUST102288,40,Female,Germany,Basic,201,33,1,Smart TV,Debit Card,Yes,6.8,Comedy,3.8,1,29,Yes,No
CUST102289,72,Female,Mexico,Standard,500,30,4,Laptop,UPI,Yes,1.7,Drama,1.2,2,37,No,Yes
CUST102290,27,Female,India,Premium,647,5,2,Laptop,Credit Card,Yes,7.6,Action,4.6,1,50,Yes,No
CUST102291,42,Male,Mexico,Basic,191,54,3,Mobile,Debit Card,No,3.3,Thriller,3.6,1,77,No,No
CUST102292,49,Female,Canada,Basic,199,12,1,Mobile,UPI,Yes,10.6,Action,2.1,0,35,No,No
CUST102293,41,Female,India,Standard,498,38,3,Smart TV,Credit Card,Yes,6.5,Documentary,3.6,2,82,Yes,No
CUST102294,34,Female,USA,Basic,189,32,2,Mobile,Debit Card,Yes,6.5,Action,3.1,0,59,Yes,Yes
CUST102295,16,Male,USA,Premium,655,38,3,Laptop,UPI,No,9.3,Documentary,2.3,1,50,Yes,Yes
CUST102296,32,Female,Canada,Premium,651,57,4,Smart TV,Net Banking,Yes,3.2,Anime,1.1,1,75,No,No
CUST102297,44,Female,India,Basic,202,17,3,Mobile,Credit Card,Yes,4.5,Thriller,3.2,3,48,No,Yes
CUST102298,48,Male,India,Standard,489,58,5,Smart TV,UPI,Yes,7.0,Horror,1.3,0,14,Yes,No
CUST102299,62,Male,Australia,Premium,640,54,2,Mobile,Debit Card,No,4.4,Comedy,4.2,0,72,No,No
CUST102300,16,Female,India,Basic,190,45,5,Mobile,PayPal,Yes,4.7,Documentary,1.4,0,83,Yes,No
CUST102301,39,Female,USA,Standard,495,40,3,Tablet,Net Banking,Yes,2.5,Comedy,2.7,2,27,No,No
CUST102302,29,Female,UK,Basic,197,32,5,Mobile,Net Banking,No,2.7,Anime,2.7,3,24,No,No
CUST102303,24,Male,UK,Standard,492,24,1,Smart TV,Debit Card,No,9.6,Anime,3.2,0,79,Yes,No
CUST102304,34,Female,Brazil,Basic,190,12,3,Smart TV,Debit Card,Yes,0.0,Action,1.2,0,81,Yes,Yes
CUST102305,29,Male,UK,Premium,657,47,5,Mobile,Debit Card,Yes,0.8,Action,1.8,2,35,No,No
CUST102306,22,Male,Australia,Standard,493,31,4,Mobile,Debit Card,No,23.8,Horror,1.8,0,3,No,No
CUST102307,66,Male,Germany,Basic,197,19,3,Laptop,PayPal,Yes,1.7,Anime,3.4,1,20,No,No
CUST102308,13,Male,India,Premium,651,29,1,Mobile,Credit Card,No,4.3,Thriller,2.1,1,64,No,No
CUST102309,34,Male,India,Basic,200,21,4,Laptop,UPI,No,15.2,Comedy,1.6,1,68,No,No
CUST102310,38,Male,UK,Standard,507,26,3,Tablet,Net Banking,No,0.0,Thriller,1.1,0,9,No,Yes
CUST102311,68,Male,USA,Standard,497,52,4,Smart TV,Debit Card,Yes,20.7,Horror,4.4,2,49,Yes,No
CUST102312,71,Male,Brazil,Basic,198,28,3,Laptop,UPI,Yes,0.4,Documentary,4.9,0,84,No,No
CUST102313,30,Female,Canada,Premium,657,17,3,Smart TV,Credit Card,Yes,1.5,Action,3.8,1,9,No,No
CUST102314,62,Female,USA,Premium,648,9,2,Mobile,Credit Card,No,0.2,Action,2.7,0,89,No,Yes
CUST102315,26,Male,India,Basic,200,21,5,Mobile,Credit Card,Yes,5.9,Action,1.5,0,15,No,No
CUST102316,59,Female,USA,Standard,502,50,3,Laptop,Credit Card,Yes,22.9,Romance,2.9,0,37,No,No
CUST102317,41,Male,Canada,Standard,496,60,1,Mobile,Credit Card,Yes,14.6,Action,2.8,0,66,Yes,No
CUST102318,24,Female,UK,Premium,654,34,5,Laptop,UPI,No,8.2,Anime,2.7,0,19,No,No
CUST102319,48,Male,UK,Basic,205,11,2,Smart TV,PayPal,Yes,1.6,Action,2.5,1,68,No,Yes
CUST102320,71,Male,India,Standard,508,55,5,Smart TV,Credit Card,No,16.3,Documentary,3.0,1,69,No,No
CUST102321,47,Female,Germany,Standard,492,20,5,Smart TV,Net Banking,No,11.2,Horror,1.3,0,24,No,No
CUST102322,64,Female,Mexico,Standard,494,49,3,Laptop,PayPal,Yes,2.5,Documentary,1.2,0,88,Yes,No
CUST102323,73,Female,USA,Standard,500,53,1,Smart TV,PayPal,Yes,13.1,Anime,1.3,2,53,No,No
CUST102324,24,Female,UK,Basic,206,50,3,Mobile,Debit Card,Yes,16.8,Thriller,1.8,3,11,No,No
CUST102325,19,Female,Japan,Premium,645,47,1,Smart TV,Credit Card,Yes,9.6,Drama,2.1,1,64,No,No
CUST102326,41,Male,USA,Standard,493,39,1,Smart TV,PayPal,Yes,0.8,Action,1.7,0,53,No,No
CUST102327,23,Male,Canada,Premium,648,16,4,Smart TV,Net Banking,Yes,33.2,Action,2.0,1,66,Yes,No
CUST102328,45,Male,India,Basic,194,57,3,Smart TV,Debit Card,Yes,0.6,Drama,1.7,0,20,No,No
CUST102329,18,Male,Germany,Standard,502,29,2,Mobile,PayPal,No,8.5,Horror,1.6,0,4,No,No
CUST102330,59,Female,India,Premium,644,1,5,Mobile,Credit Card,Yes,0.9,Thriller,2.2,0,57,Yes,No
CUST102331,27,Female,Japan,Standard,502,60,4,Smart TV,PayPal,Yes,18.9,Documentary,2.6,0,78,Yes,No
CUST102332,44,Male,Brazil,Premium,650,18,2,Laptop,Credit Card,Yes,3.4,Action,4.0,1,3,No,No
CUST102333,63,Female,Australia,Premium,650,59,3,Smart TV,UPI,Yes,5.7,Thriller,4.8,0,18,No,No
CUST102334,23,Female,Brazil,Standard,496,22,1,Mobile,UPI,No,1.6,Drama,4.7,0,80,No,Yes
CUST102335,70,Male,Canada,Standard,498,8,3,Laptop,Debit Card,Yes,6.3,Documentary,2.9,0,54,No,No
CUST102336,35,Male,UK,Basic,204,7,3,Mobile,Credit Card,No,22.4,Documentary,2.8,1,60,No,No
CUST102337,38,Male,Mexico,Standard,508,25,4,Gaming Console,Net Banking,Yes,18.6,Thriller,1.5,2,71,Yes,No
CUST102338,46,Male,Japan,Basic,196,30,2,Mobile,UPI,No,0.5,Comedy,4.9,0,23,Yes,No
CUST102339,58,Male,UK,Standard,497,34,4,Laptop,UPI,No,3.8,Comedy,4.0,1,67,No,Yes
CUST102340,46,Female,France,Standard,501,44,2,Laptop,UPI,Yes,2.5,Romance,4.4,1,87,No,No
CUST102341,41,Male,Canada,Standard,508,48,4,Tablet,Net Banking,Yes,5.3,Romance,1.9,0,18,Yes,No
CUST102342,16,Male,Canada,Basic,205,41,5,Gaming Console,Credit Card,Yes,14.4,Comedy,2.6,0,23,Yes,No
CUST102343,29,Other,UK,Premium,657,52,1,Smart TV,Net Banking,No,10.7,Anime,1.4,0,53,No,Yes
CUST102344,47,Female,India,Basic,205,11,1,Smart TV,Credit Card,No,3.4,Drama,4.8,0,20,No,No
CUST102345,25,Female,India,Basic,195,15,1,Laptop,Credit Card,Yes,3.9,Comedy,2.1,0,80,No,No
CUST102346,53,Male,USA,Basic,189,35,5,Mobile,UPI,Yes,8.5,Thriller,3.4,1,71,No,No
CUST102347,51,Male,UK,Premium,658,23,5,Laptop,Net Banking,No,1.7,Documentary,1.6,0,18,No,No
CUST102348,27,Female,USA,Premium,652,53,1,Smart TV,Credit Card,Yes,0.9,Thriller,4.2,0,74,No,No
CUST102349,67,Male,UK,Standard,505,45,1,Laptop,Debit Card,Yes,2.2,Horror,1.7,0,52,No,No
CUST102350,41,Male,Japan,Premium,651,21,2,Smart TV,UPI,Yes,1.1,Thriller,4.2,3,49,No,Yes
CUST102351,41,Female,USA,Basic,190,28,2,Smart TV,Debit Card,No,3.5,Action,2.6,2,22,Yes,No
CUST102352,23,Female,UK,Premium,652,13,3,Gaming Console,Net Banking,No,22.2,Horror,3.3,1,36,No,No
CUST102353,64,Male,India,Basic,189,34,4,Smart TV,UPI,Yes,1.0,Drama,2.1,1,27,No,No
CUST102354,44,Female,India,Basic,193,38,2,Smart TV,PayPal,Yes,13.6,Documentary,4.5,0,86,No,No
CUST102355,14,Male,Australia,Basic,195,6,2,Smart TV,Debit Card,Yes,6.1,Action,4.0,1,75,No,No
CUST102356,59,Male,Canada,Standard,507,44,2,Tablet,Debit Card,Yes,8.0,Anime,2.4,1,79,No,No
CUST102357,26,Male,Brazil,Premium,652,4,2,Laptop,UPI,Yes,1.5,Drama,3.3,2,79,No,Yes
CUST102358,32,Male,India,Standard,502,5,5,Laptop,Debit Card,Yes,1.3,Documentary,1.5,0,77,No,No
CUST102359,34,Male,Canada,Premium,653,55,3,Mobile,PayPal,No,1.4,Horror,1.6,0,70,Yes,No
CUST102360,23,Female,USA,Standard,493,40,2,Mobile,Debit Card,Yes,8.8,Horror,3.1,1,20,Yes,No
CUST102361,39,Female,USA,Basic,193,6,4,Smart TV,Debit Card,Yes,11.0,Action,3.6,0,20,Yes,No
CUST102362,15,Female,India,Standard,490,21,2,Smart TV,Net Banking,Yes,20.2,Romance,3.2,0,40,Yes,Yes
CUST102363,29,Male,India,Standard,506,28,5,Mobile,PayPal,Yes,4.1,Horror,3.2,0,34,Yes,No
CUST102364,74,Male,USA,Premium,647,3,1,Laptop,Credit Card,Yes,5.0,Horror,4.0,0,87,No,No
CUST102365,56,Male,India,Standard,498,23,1,Smart TV,Net Banking,Yes,5.1,Comedy,4.6,3,0,Yes,No
CUST102366,68,Male,Japan,Standard,506,8,3,Smart TV,UPI,Yes,2.5,Thriller,2.6,1,77,No,No
CUST102367,40,Male,USA,Basic,192,19,1,Smart TV,UPI,Yes,3.2,Romance,3.1,0,83,No,No
CUST102368,41,Female,India,Standard,496,53,2,Mobile,Debit Card,Yes,15.0,Comedy,4.6,0,81,No,No
CUST102369,33,Female,India,Premium,656,11,5,Smart TV,Debit Card,Yes,3.4,Documentary,2.9,0,66,No,Yes
CUST102370,59,Female,Canada,Basic,208,50,3,Smart TV,PayPal,Yes,16.3,Romance,2.8,0,69,Yes,Yes
CUST102371,28,Male,India,Premium,655,10,2,Smart TV,Debit Card,Yes,2.9,Romance,4.1,3,3,No,No
CUST102372,49,Female,Mexico,Standard,504,58,1,Tablet,Credit Card,Yes,3.3,Action,4.5,0,0,Yes,No
CUST102373,71,Male,Japan,Basic,206,28,4,Smart TV,Debit Card,Yes,6.6,Action,4.0,1,20,No,No
CUST102374,32,Male,USA,Premium,645,20,2,Laptop,Credit Card,Yes,0.9,Action,1.4,0,81,Yes,No
CUST102375,18,Male,UK,Standard,489,44,4,Mobile,PayPal,Yes,20.4,Thriller,2.9,1,51,No,No
CUST102376,31,Female,India,Basic,189,52,4,Mobile,Credit Card,Yes,13.7,Action,1.8,1,52,No,Yes
CUST102377,69,Other,Germany,Basic,206,28,3,Smart TV,Debit Card,Yes,8.9,Drama,2.3,1,84,Yes,No
CUST102378,17,Male,USA,Basic,192,29,5,Mobile,Net Banking,Yes,35.5,Drama,2.9,0,79,No,No
CUST102379,15,Female,USA,Premium,658,8,1,Smart TV,UPI,Yes,0.1,Drama,1.9,0,55,No,No
CUST102380,71,Female,India,Standard,508,19,1,Smart TV,Debit Card,Yes,4.2,Horror,3.1,0,89,No,No
CUST102381,13,Male,Germany,Premium,642,53,2,Tablet,UPI,Yes,15.6,Romance,3.6,0,72,Yes,No
CUST102382,70,Male,USA,Basic,194,48,1,Mobile,Credit Card,Yes,4.5,Comedy,4.5,2,86,Yes,No
CUST102383,72,Male,India,Basic,191,59,3,Smart TV,Credit Card,No,0.0,Documentary,1.8,0,65,No,Yes
CUST102384,50,Other,Brazil,Basic,194,21,1,Mobile,UPI,No,1.4,Comedy,2.2,0,66,Yes,Yes
CUST102385,27,Male,Canada,Standard,501,18,2,Mobile,PayPal,No,4.6,Romance,2.6,0,32,No,No
CUST102386,46,Female,Mexico,Premium,645,9,1,Laptop,Net Banking,Yes,8.8,Comedy,1.9,1,87,No,No
CUST102387,73,Male,India,Standard,492,4,5,Mobile,PayPal,Yes,1.4,Thriller,2.3,1,22,Yes,No
CUST102388,47,Female,Australia,Basic,189,41,4,Smart TV,Net Banking,Yes,4.8,Romance,4.5,1,5,No,No
CUST102389,61,Male,Germany,Premium,644,25,4,Smart TV,Net Banking,Yes,0.1,Comedy,1.6,0,84,No,No
CUST102390,37,Female,India,Premium,643,34,4,Mobile,PayPal,Yes,5.2,Thriller,2.8,0,46,No,No
CUST102391,36,Female,Brazil,Basic,201,9,5,Mobile,Net Banking,No,18.1,Anime,2.2,0,57,No,No
CUST102392,24,Female,UK,Premium,657,9,3,Mobile,UPI,Yes,7.3,Drama,1.3,0,4,No,No
CUST102393,30,Female,France,Basic,192,18,2,Laptop,Credit Card,No,4.6,Horror,1.4,1,76,No,No
CUST102394,27,Male,India,Basic,194,11,5,Laptop,Credit Card,Yes,1.4,Horror,4.1,1,76,No,No
CUST102395,56,Female,Germany,Basic,201,13,2,Mobile,Credit Card,Yes,1.8,Drama,4.4,0,82,No,No
CUST102396,28,Male,USA,Standard,493,38,3,Tablet,Net Banking,Yes,0.6,Comedy,4.0,1,8,Yes,No
CUST102397,39,Male,Japan,Standard,501,9,5,Smart TV,UPI,Yes,10.9,Comedy,3.2,0,2,No,No
CUST102398,20,Female,USA,Basic,198,16,1,Mobile,PayPal,Yes,0.6,Horror,4.1,0,60,No,Yes
CUST102399,72,Male,Japan,Basic,191,4,3,Tablet,Debit Card,Yes,3.9,Anime,1.6,1,63,Yes,No
CUST102400,58,Female,France,Premium,651,34,4,Mobile,UPI,Yes,11.1,Drama,4.1,1,45,No,Yes
CUST102401,37,Other,USA,Premium,650,7,5,Mobile,Credit Card,No,10.0,Anime,2.7,0,55,No,No
CUST102402,29,Male,Australia,Premium,642,15,3,Smart TV,Net Banking,No,6.9,Horror,4.0,1,38,Yes,Yes
CUST102403,41,Female,Japan,Basic,198,57,3,Laptop,Net Banking,No,6.8,Action,1.9,0,12,No,No
CUST102404,65,Male,USA,Basic,191,38,5,Mobile,PayPal,No,0.8,Horror,4.3,0,40,No,Yes
CUST102405,20,Male,UK,Basic,205,11,4,Laptop,Credit Card,Yes,1.5,Drama,3.3,1,10,No,No
CUST102406,27,Male,Canada,Basic,197,32,4,Smart TV,Credit Card,No,6.1,Anime,1.0,0,40,Yes,No
CUST102407,39,Female,USA,Standard,489,27,3,Smart TV,Debit Card,Yes,3.4,Action,3.1,2,74,Yes,No
CUST102408,58,Female,India,Standard,506,30,2,Smart TV,Debit Card,Yes,0.2,Drama,2.2,2,46,Yes,Yes
CUST102409,62,Female,USA,Standard,497,52,3,Smart TV,PayPal,Yes,12.8,Documentary,1.2,0,48,No,No
CUST102410,64,Other,USA,Standard,508,17,5,Tablet,Credit Card,Yes,8.5,Horror,2.8,1,64,No,No
CUST102411,19,Male,UK,Basic,197,36,5,Tablet,UPI,No,3.2,Horror,2.2,0,34,Yes,No
CUST102412,15,Male,India,Basic,190,19,5,Mobile,UPI,Yes,0.8,Horror,1.8,1,34,Yes,No
CUST102413,41,Female,Mexico,Standard,507,7,4,Smart TV,Debit Card,No,7.2,Thriller,2.4,2,66,Yes,No
CUST102414,56,Female,Brazil,Basic,204,43,1,Smart TV,Credit Card,No,3.4,Thriller,1.7,2,3,Yes,No
CUST102415,65,Male,India,Basic,191,45,5,Mobile,Net Banking,Yes,2.4,Documentary,2.2,1,23,No,No
CUST102416,36,Male,Germany,Standard,504,59,5,Smart TV,Debit Card,Yes,10.2,Action,1.5,1,83,No,No
CUST102417,72,Female,Germany,Basic,201,58,2,Laptop,PayPal,Yes,3.2,Comedy,1.3,2,35,No,Yes
CUST102418,70,Female,Japan,Basic,191,21,2,Smart TV,Credit Card,Yes,1.2,Comedy,4.6,0,76,Yes,No
CUST102419,15,Male,India,Premium,648,28,3,Laptop,PayPal,Yes,5.3,Thriller,4.6,0,55,Yes,No
CUST102420,32,Male,USA,Premium,656,3,3,Laptop,Credit Card,No,14.1,Comedy,4.3,1,3,No,No
CUST102421,58,Female,France,Basic,194,14,3,Mobile,UPI,Yes,15.2,Action,1.9,2,39,No,Yes
CUST102422,27,Female,France,Basic,194,2,5,Laptop,UPI,Yes,15.1,Anime,3.9,0,42,Yes,No
CUST102423,37,Male,Brazil,Standard,506,29,2,Laptop,Credit Card,Yes,4.4,Horror,3.4,2,57,No,Yes
CUST102424,42,Female,Brazil,Basic,194,18,3,Laptop,Credit Card,No,12.5,Comedy,1.2,0,61,Yes,No
CUST102425,26,Male,India,Standard,494,37,2,Mobile,Net Banking,Yes,15.2,Drama,4.6,1,6,Yes,No
CUST102426,19,Male,UK,Basic,201,45,5,Smart TV,Credit Card,No,4.9,Documentary,5.0,2,8,No,No
CUST102427,29,Female,USA,Basic,202,45,5,Tablet,PayPal,Yes,3.1,Thriller,3.8,1,21,Yes,No
CUST102428,74,Female,India,Premium,645,24,3,Mobile,UPI,Yes,9.7,Anime,1.9,0,3,No,No
CUST102429,56,Male,Australia,Premium,651,56,5,Laptop,Debit Card,Yes,18.8,Comedy,3.2,0,35,No,No
CUST102430,32,Female,India,Basic,203,46,5,Mobile,Credit Card,Yes,28.6,Anime,1.4,0,69,No,Yes
CUST102431,48,Female,UK,Basic,200,12,2,Smart TV,Credit Card,Yes,2.7,Horror,2.2,0,66,No,No
CUST102432,21,Female,France,Basic,189,53,1,Gaming Console,UPI,No,25.0,Action,3.9,0,34,No,No
CUST102433,50,Female,India,Basic,191,45,4,Smart TV,UPI,No,5.5,Comedy,2.2,0,32,No,No
CUST102434,60,Female,Japan,Premium,656,32,3,Tablet,Net Banking,Yes,2.9,Anime,1.6,0,6,No,No
CUST102435,69,Female,Japan,Standard,496,18,1,Smart TV,UPI,Yes,35.7,Horror,1.0,1,54,No,No
CUST102436,72,Male,Canada,Standard,490,13,3,Mobile,PayPal,No,16.8,Documentary,3.3,1,46,Yes,No
CUST102437,34,Male,India,Premium,642,4,1,Mobile,Credit Card,No,9.4,Drama,4.9,0,61,No,Yes
CUST102438,66,Male,USA,Premium,656,23,5,Tablet,UPI,Yes,18.0,Romance,2.9,0,66,No,Yes
CUST102439,65,Female,UK,Premium,651,54,3,Tablet,Credit Card,Yes,9.2,Thriller,1.9,0,63,Yes,No
CUST102440,65,Female,USA,Basic,203,10,1,Laptop,Debit Card,Yes,4.6,Thriller,2.9,1,42,No,No
CUST102441,14,Male,USA,Basic,190,55,4,Mobile,PayPal,Yes,23.7,Action,3.4,0,17,No,No
CUST102442,36,Male,Japan,Standard,498,5,5,Smart TV,PayPal,Yes,26.4,Drama,4.2,0,2,No,No
CUST102443,20,Female,India,Standard,490,50,3,Laptop,Debit Card,No,3.0,Comedy,2.8,0,58,No,No
CUST102444,23,Male,Brazil,Premium,650,40,3,Mobile,PayPal,Yes,3.5,Comedy,1.7,1,61,No,No
CUST102445,25,Female,India,Standard,493,14,1,Laptop,Debit Card,Yes,3.9,Romance,1.8,1,38,No,Yes
CUST102446,29,Male,Canada,Premium,650,60,3,Laptop,Net Banking,Yes,13.8,Anime,4.6,1,63,No,No
CUST102447,20,Female,France,Basic,189,34,5,Mobile,Credit Card,No,12.5,Horror,1.9,0,72,No,No
CUST102448,33,Female,USA,Premium,640,28,2,Laptop,Credit Card,No,32.7,Romance,3.9,1,80,No,No
CUST102449,30,Male,India,Basic,204,8,1,Laptop,PayPal,No,5.0,Anime,2.1,2,59,Yes,No
CUST102450,42,Male,Germany,Premium,640,16,4,Tablet,UPI,No,10.7,Romance,3.9,1,41,No,No
CUST102451,30,Male,Brazil,Basic,204,31,3,Mobile,UPI,No,15.5,Action,1.3,1,4,No,No
CUST102452,58,Female,Brazil,Standard,508,7,5,Laptop,UPI,No,2.0,Drama,1.8,1,45,No,Yes
CUST102453,59,Female,USA,Premium,654,3,3,Mobile,Net Banking,Yes,7.8,Action,2.6,1,3,No,No
CUST102454,43,Male,USA,Standard,494,29,4,Smart TV,UPI,Yes,6.3,Horror,3.1,0,13,Yes,No
CUST102455,50,Female,Japan,Standard,501,36,5,Smart TV,UPI,No,10.9,Documentary,2.4,1,10,No,No
CUST102456,44,Female,France,Premium,650,39,4,Smart TV,PayPal,No,9.5,Documentary,3.3,0,59,No,Yes
CUST102457,23,Male,UK,Standard,498,4,5,Smart TV,Net Banking,Yes,13.4,Comedy,2.3,0,21,No,No
CUST102458,57,Male,Mexico,Standard,493,9,2,Smart TV,Debit Card,Yes,3.0,Documentary,3.7,0,4,Yes,No
CUST102459,37,Female,UK,Basic,196,55,5,Tablet,UPI,Yes,2.0,Action,3.0,0,52,No,No
CUST102460,45,Female,UK,Premium,644,17,4,Mobile,UPI,Yes,13.1,Thriller,3.8,1,11,No,No
CUST102461,72,Female,India,Standard,493,49,1,Mobile,Credit Card,Yes,3.6,Documentary,2.7,0,20,Yes,No
CUST102462,50,Female,UK,Standard,508,20,2,Mobile,UPI,Yes,2.7,Horror,4.5,0,78,No,No
CUST102463,53,Female,Canada,Basic,194,14,3,Mobile,Credit Card,Yes,3.3,Anime,2.5,0,23,No,No
CUST102464,20,Male,India,Standard,505,46,2,Smart TV,Credit Card,No,0.5,Action,2.2,1,12,No,Yes
CUST102465,23,Female,UK,Basic,194,29,2,Smart TV,Net Banking,No,11.9,Thriller,3.2,0,25,No,Yes
CUST102466,34,Female,Australia,Basic,205,57,3,Tablet,Credit Card,Yes,10.0,Anime,3.0,1,39,No,No
CUST102467,63,Female,Brazil,Standard,493,13,5,Laptop,UPI,No,6.4,Thriller,3.1,0,25,Yes,No
CUST102468,36,Male,Germany,Basic,205,36,2,Mobile,Debit Card,Yes,10.1,Romance,4.2,0,44,Yes,No
CUST102469,53,Male,France,Basic,205,45,2,Mobile,UPI,Yes,3.7,Anime,3.4,0,29,Yes,No
CUST102470,29,Male,India,Standard,501,53,1,Smart TV,Credit Card,No,2.8,Romance,4.5,3,63,No,No
CUST102471,24,Male,Canada,Basic,195,17,1,Mobile,Debit Card,No,15.9,Documentary,3.5,2,72,No,Yes
CUST102472,69,Male,Australia,Basic,194,47,4,Mobile,Net Banking,Yes,4.4,Drama,1.1,0,87,Yes,No
CUST102473,58,Female,Canada,Basic,202,50,3,Laptop,Debit Card,No,1.7,Romance,4.5,0,37,No,No
CUST102474,44,Female,USA,Standard,504,43,5,Smart TV,Debit Card,No,11.1,Documentary,4.4,0,17,No,No
CUST102475,27,Male,India,Standard,491,4,5,Laptop,Debit Card,Yes,3.3,Documentary,1.2,0,8,Yes,No
CUST102476,28,Female,Mexico,Standard,497,60,4,Smart TV,Credit Card,Yes,1.9,Drama,1.5,1,85,Yes,No
CUST102477,66,Male,UK,Basic,203,20,5,Mobile,Debit Card,No,0.2,Documentary,3.2,1,55,Yes,No
CUST102478,34,Male,Mexico,Basic,206,11,5,Mobile,Credit Card,No,28.2,Action,1.2,0,37,No,No
CUST102479,40,Male,Canada,Basic,198,42,1,Mobile,UPI,Yes,5.0,Drama,2.6,0,20,Yes,No
CUST102480,32,Female,Germany,Standard,498,22,5,Mobile,PayPal,Yes,1.4,Action,4.9,0,70,No,No
CUST102481,45,Male,Australia,Premium,641,45,5,Smart TV,UPI,No,11.3,Thriller,1.7,2,11,No,Yes
CUST102482,22,Male,Germany,Basic,189,54,4,Mobile,UPI,Yes,17.5,Drama,1.8,1,35,No,Yes
CUST102483,52,Male,USA,Basic,191,8,4,Smart TV,Credit Card,Yes,6.0,Thriller,3.7,0,10,No,No
CUST102484,44,Female,UK,Basic,193,28,2,Smart TV,Net Banking,Yes,0.2,Romance,1.2,0,66,Yes,No
CUST102485,62,Male,Australia,Standard,495,45,5,Smart TV,Debit Card,Yes,3.6,Comedy,4.3,0,26,No,No
CUST102486,72,Female,USA,Standard,491,41,5,Mobile,Net Banking,Yes,2.2,Anime,1.8,0,62,Yes,No
CUST102487,45,Female,USA,Standard,492,30,5,Smart TV,Credit Card,Yes,8.1,Comedy,3.1,2,70,No,Yes
CUST102488,14,Female,India,Premium,655,33,1,Smart TV,Net Banking,Yes,5.9,Action,2.0,1,65,No,No
CUST102489,45,Female,France,Standard,491,33,5,Mobile,UPI,Yes,3.5,Thriller,3.6,0,73,No,Yes
CUST102490,45,Male,India,Basic,192,47,1,Tablet,Credit Card,Yes,8.4,Thriller,3.3,0,66,No,Yes
CUST102491,53,Male,Germany,Basic,190,54,2,Laptop,Net Banking,Yes,7.0,Drama,4.8,0,80,No,No
CUST102492,25,Female,USA,Standard,502,36,3,Tablet,Credit Card,Yes,19.0,Horror,2.8,3,64,No,Yes
CUST102493,42,Male,USA,Standard,493,27,5,Mobile,PayPal,No,7.3,Comedy,4.5,0,33,Yes,Yes
CUST102494,45,Female,Germany,Standard,490,20,4,Mobile,Net Banking,Yes,5.7,Action,3.3,2,76,No,No
CUST102495,25,Female,India,Standard,503,33,4,Laptop,Credit Card,No,13.9,Action,4.7,0,77,No,No
CUST102496,64,Female,Canada,Standard,499,25,5,Smart TV,Debit Card,Yes,1.8,Drama,2.2,0,80,No,No
CUST102497,38,Female,Australia,Premium,648,44,1,Smart TV,UPI,No,2.2,Drama,3.2,0,33,No,No
CUST102498,34,Other,Australia,Standard,508,43,4,Smart TV,UPI,No,12.2,Romance,2.6,1,63,No,No
CUST102499,51,Female,India,Premium,639,19,4,Smart TV,Net Banking,No,4.7,Action,1.3,1,16,Yes,No
CUST102500,14,Male,Mexico,Basic,207,47,2,Laptop,PayPal,Yes,4.2,Drama,3.3,0,50,Yes,No
CUST102501,50,Female,Germany,Standard,502,21,2,Mobile,Debit Card,Yes,17.4,Horror,4.2,0,55,No,No
CUST102502,51,Male,Mexico,Premium,652,42,2,Smart TV,PayPal,Yes,7.5,Romance,3.2,0,88,No,No
CUST102503,38,Male,UK,Standard,489,33,4,Tablet,Net Banking,No,13.0,Thriller,2.1,2,47,Yes,No
CUST102504,58,Female,Canada,Premium,647,56,4,Mobile,Credit Card,Yes,13.3,Action,2.1,0,61,No,No
CUST102505,70,Male,France,Standard,505,3,5,Mobile,Credit Card,No,1.0,Documentary,2.0,0,55,Yes,Yes
CUST102506,62,Male,Mexico,Basic,202,14,5,Tablet,Debit Card,Yes,8.5,Comedy,4.9,0,10,No,No
CUST102507,27,Male,UK,Standard,501,15,1,Smart TV,Net Banking,Yes,24.4,Comedy,2.6,0,84,Yes,No
CUST102508,46,Female,USA,Basic,201,33,4,Laptop,Credit Card,Yes,5.2,Documentary,2.3,1,19,Yes,No
CUST102509,54,Female,USA,Premium,644,42,5,Mobile,Net Banking,Yes,10.5,Documentary,2.7,0,67,No,No
CUST102510,67,Female,USA,Premium,645,22,5,Laptop,Net Banking,Yes,6.7,Anime,1.5,0,33,Yes,No
CUST102511,56,Male,USA,Basic,190,1,2,Tablet,Credit Card,Yes,1.8,Horror,1.8,0,41,No,Yes
CUST102512,61,Female,USA,Basic,196,31,2,Mobile,UPI,Yes,1.7,Thriller,3.0,1,40,No,No
CUST102513,52,Female,Mexico,Standard,494,47,2,Smart TV,Debit Card,No,4.6,Horror,4.2,0,61,No,No
CUST102514,23,Male,India,Basic,191,35,3,Smart TV,Debit Card,Yes,5.3,Action,4.5,1,16,No,No
CUST102515,73,Male,Germany,Basic,206,53,5,Smart TV,UPI,Yes,5.6,Drama,4.5,2,11,Yes,No
CUST102516,15,Male,India,Standard,506,20,2,Laptop,PayPal,Yes,24.8,Comedy,4.8,0,67,No,No
CUST102517,71,Other,USA,Standard,494,32,2,Smart TV,UPI,No,0.8,Horror,1.5,0,40,No,No
CUST102518,18,Female,India,Basic,199,55,4,Smart TV,Net Banking,Yes,3.8,Documentary,1.2,1,13,Yes,No
CUST102519,21,Female,USA,Premium,641,54,2,Laptop,Debit Card,Yes,5.8,Horror,1.4,0,3,No,No
CUST102520,18,Male,Brazil,Premium,654,12,4,Smart TV,UPI,Yes,26.4,Anime,3.4,0,81,Yes,No
CUST102521,21,Female,Mexico,Premium,643,51,1,Laptop,PayPal,Yes,5.6,Action,3.2,2,76,Yes,No
CUST102522,51,Female,USA,Premium,640,16,2,Smart TV,Debit Card,No,11.9,Drama,3.7,1,73,Yes,No
CUST102523,43,Female,UK,Basic,203,59,4,Smart TV,UPI,No,11.1,Anime,2.5,1,13,No,No
CUST102524,44,Other,UK,Basic,204,8,2,Smart TV,UPI,Yes,6.7,Comedy,2.6,0,8,Yes,No
CUST102525,53,Male,Mexico,Basic,195,56,1,Gaming Console,Net Banking,Yes,1.1,Action,3.2,0,42,No,Yes
CUST102526,62,Male,Brazil,Premium,654,14,2,Mobile,Debit Card,Yes,2.0,Comedy,1.3,1,19,No,No
CUST102527,24,Female,UK,Premium,642,18,4,Smart TV,UPI,No,2.2,Thriller,4.2,1,0,No,No
CUST102528,20,Female,Germany,Standard,504,55,1,Mobile,Net Banking,Yes,0.3,Anime,4.7,1,80,No,No
CUST102529,20,Female,Mexico,Premium,655,30,1,Laptop,Credit Card,Yes,3.8,Comedy,2.5,2,71,Yes,No
CUST102530,62,Male,India,Standard,490,33,1,Smart TV,Debit Card,Yes,7.5,Horror,4.0,0,16,No,No
CUST102531,40,Female,USA,Standard,504,34,3,Laptop,UPI,Yes,1.2,Thriller,3.2,1,84,No,Yes
CUST102532,74,Male,France,Standard,492,56,4,Smart TV,Credit Card,Yes,1.5,Thriller,1.9,0,88,Yes,Yes
CUST102533,32,Male,Brazil,Basic,195,44,3,Smart TV,UPI,No,9.8,Thriller,1.3,1,19,No,No
CUST102534,74,Female,Canada,Basic,206,49,1,Mobile,Credit Card,Yes,1.5,Drama,2.0,0,58,Yes,No
CUST102535,59,Female,Canada,Standard,494,34,3,Smart TV,Net Banking,Yes,1.2,Romance,3.4,0,88,Yes,No
CUST102536,71,Male,USA,Standard,506,60,2,Tablet,PayPal,No,30.5,Drama,1.2,2,84,No,No
CUST102537,19,Male,Canada,Standard,495,49,3,Smart TV,Credit Card,Yes,0.1,Thriller,4.3,0,12,No,No
CUST102538,23,Male,Germany,Standard,490,53,5,Laptop,Credit Card,Yes,3.1,Action,4.9,1,76,No,No
CUST102539,32,Male,USA,Basic,207,7,1,Smart TV,PayPal,Yes,0.3,Romance,1.3,0,46,No,No
CUST102540,28,Female,Brazil,Standard,497,6,1,Laptop,Debit Card,No,14.6,Romance,2.0,0,49,Yes,No
CUST102541,16,Female,Mexico,Standard,492,6,4,Smart TV,UPI,Yes,7.0,Thriller,3.7,3,76,No,No
CUST102542,18,Male,India,Standard,502,22,2,Gaming Console,Debit Card,No,0.4,Anime,4.2,0,39,Yes,No
CUST102543,70,Female,UK,Premium,643,8,4,Smart TV,Credit Card,No,7.6,Action,2.4,0,6,Yes,No
CUST102544,34,Female,USA,Standard,495,37,3,Laptop,Debit Card,Yes,1.1,Comedy,3.1,0,54,Yes,Yes
CUST102545,38,Female,Brazil,Standard,496,15,5,Mobile,Credit Card,No,5.5,Drama,4.6,0,50,No,No
CUST102546,15,Male,USA,Premium,653,26,5,Mobile,Debit Card,Yes,8.9,Action,2.5,1,75,Yes,No
CUST102547,53,Female,Germany,Premium,657,39,5,Smart TV,PayPal,Yes,1.3,Romance,1.3,1,1,Yes,No
CUST102548,72,Male,Mexico,Premium,649,3,5,Laptop,UPI,Yes,5.5,Action,5.0,1,13,Yes,No
CUST102549,54,Male,USA,Basic,208,57,2,Smart TV,UPI,Yes,4.9,Horror,1.7,1,16,No,No
CUST102550,26,Male,France,Basic,192,10,3,Laptop,UPI,Yes,19.8,Action,1.2,0,76,Yes,Yes
CUST102551,23,Female,Japan,Basic,206,3,5,Mobile,Debit Card,Yes,43.6,Documentary,2.6,0,0,Yes,No
CUST102552,30,Male,India,Basic,202,30,1,Gaming Console,Credit Card,Yes,8.5,Drama,1.5,0,0,Yes,No
CUST102553,66,Male,USA,Premium,644,46,3,Mobile,Debit Card,Yes,15.4,Documentary,4.9,0,25,No,No
CUST102554,24,Male,Japan,Standard,504,22,2,Smart TV,UPI,Yes,8.3,Comedy,2.5,1,45,No,No
CUST102555,35,Female,Japan,Basic,206,3,5,Mobile,PayPal,No,16.7,Action,4.3,1,12,Yes,No
CUST102556,24,Female,India,Basic,189,1,2,Smart TV,UPI,No,4.5,Drama,1.7,2,33,No,No
CUST102557,25,Male,India,Basic,196,33,5,Smart TV,UPI,No,7.5,Horror,1.6,0,61,No,No
CUST102558,37,Female,India,Standard,489,19,1,Smart TV,Credit Card,Yes,14.9,Horror,3.6,0,72,No,Yes
CUST102559,57,Female,Japan,Standard,489,36,3,Tablet,Net Banking,Yes,20.0,Horror,4.6,1,50,No,No
CUST102560,63,Female,India,Premium,657,34,1,Laptop,Net Banking,Yes,0.2,Romance,1.5,0,82,No,Yes
CUST102561,70,Male,UK,Premium,648,57,5,Smart TV,Debit Card,Yes,0.9,Drama,3.4,0,86,No,No
CUST102562,31,Female,Mexico,Basic,206,31,4,Mobile,UPI,Yes,21.4,Drama,1.3,0,40,No,Yes
CUST102563,67,Female,India,Basic,200,43,3,Smart TV,UPI,No,6.7,Action,4.2,2,54,No,Yes
CUST102564,58,Female,Germany,Basic,205,24,2,Smart TV,UPI,Yes,37.0,Romance,4.6,0,27,No,No
CUST102565,48,Male,USA,Standard,489,12,5,Smart TV,Net Banking,No,12.6,Thriller,3.5,0,60,No,No
CUST102566,57,Female,Mexico,Premium,646,13,1,Laptop,PayPal,Yes,13.6,Anime,3.8,0,6,No,No
CUST102567,20,Female,USA,Standard,498,16,4,Gaming Console,UPI,No,3.9,Thriller,1.2,0,77,No,No
CUST102568,41,Female,Brazil,Standard,498,16,5,Smart TV,UPI,No,2.4,Thriller,1.3,1,1,No,No
CUST102569,67,Male,Germany,Standard,506,51,2,Smart TV,Credit Card,Yes,7.3,Documentary,1.7,0,75,No,No
CUST102570,65,Male,USA,Basic,197,55,1,Smart TV,Credit Card,No,16.9,Action,2.1,0,1,No,No
CUST102571,67,Female,India,Basic,190,52,3,Tablet,Debit Card,Yes,10.3,Comedy,4.0,0,27,No,No
CUST102572,44,Female,USA,Standard,491,53,4,Smart TV,Credit Card,No,5.1,Horror,2.7,0,53,No,No
CUST102573,63,Male,USA,Standard,490,20,5,Mobile,Net Banking,No,11.2,Documentary,1.3,0,75,No,No
CUST102574,56,Female,Australia,Basic,194,41,5,Tablet,Debit Card,Yes,9.4,Drama,4.4,0,57,No,No
CUST102575,30,Male,Australia,Standard,500,48,5,Smart TV,Net Banking,Yes,19.5,Thriller,5.0,1,46,No,No
CUST102576,18,Female,UK,Premium,657,27,5,Mobile,PayPal,Yes,2.4,Drama,2.8,1,60,No,No
CUST102577,30,Female,Germany,Standard,503,39,1,Smart TV,PayPal,Yes,1.0,Documentary,3.0,1,39,No,Yes
CUST102578,31,Female,Germany,Standard,507,13,3,Laptop,Credit Card,Yes,5.1,Horror,1.3,0,85,No,No
CUST102579,34,Female,Australia,Standard,500,4,2,Smart TV,Debit Card,Yes,3.6,Romance,2.5,1,17,Yes,No
CUST102580,49,Male,UK,Standard,506,32,4,Gaming Console,Debit Card,Yes,29.5,Thriller,2.5,0,13,No,No
CUST102581,44,Female,USA,Premium,654,45,5,Tablet,Net Banking,Yes,0.1,Action,4.9,0,24,No,No
CUST102582,68,Male,USA,Premium,640,40,5,Laptop,Net Banking,No,21.7,Thriller,3.6,0,9,No,No
CUST102583,53,Female,Canada,Basic,199,34,3,Mobile,Credit Card,No,24.8,Thriller,4.1,0,47,No,No
CUST102584,71,Female,UK,Standard,500,39,3,Laptop,Debit Card,Yes,0.4,Romance,1.5,1,47,No,Yes
CUST102585,15,Female,UK,Basic,193,43,1,Smart TV,UPI,Yes,17.6,Thriller,2.7,0,60,Yes,No
CUST102586,40,Male,India,Basic,194,17,1,Smart TV,Debit Card,No,5.1,Horror,1.8,0,52,No,Yes
CUST102587,22,Female,Brazil,Standard,499,24,1,Smart TV,PayPal,Yes,11.6,Documentary,4.4,0,8,Yes,No
CUST102588,63,Male,India,Premium,648,29,4,Mobile,PayPal,Yes,0.7,Thriller,1.6,0,10,Yes,No
CUST102589,47,Male,India,Standard,492,46,1,Laptop,PayPal,Yes,24.8,Romance,2.8,1,26,Yes,No
CUST102590,73,Female,USA,Basic,197,28,5,Tablet,UPI,Yes,7.5,Documentary,1.2,1,58,No,No
CUST102591,41,Male,USA,Basic,200,45,1,Laptop,UPI,Yes,18.3,Horror,3.5,0,57,No,No
CUST102592,66,Female,Canada,Standard,498,47,4,Laptop,Debit Card,Yes,8.9,Drama,2.9,0,12,Yes,No
CUST102593,27,Male,USA,Basic,202,22,1,Tablet,PayPal,No,6.2,Action,3.0,2,64,Yes,Yes
CUST102594,45,Male,UK,Basic,193,28,1,Tablet,Net Banking,Yes,1.5,Horror,1.4,0,10,No,No
CUST102595,19,Female,Canada,Standard,489,53,5,Mobile,Credit Card,Yes,1.6,Thriller,3.1,1,56,No,Yes
CUST102596,24,Female,India,Basic,193,25,5,Smart TV,Debit Card,Yes,5.1,Documentary,3.3,3,66,No,No
CUST102597,61,Male,India,Standard,504,41,5,Mobile,Credit Card,Yes,16.3,Thriller,4.9,0,65,Yes,No
CUST102598,42,Female,Mexico,Premium,643,3,1,Mobile,PayPal,No,1.0,Thriller,1.1,0,23,No,No
CUST102599,33,Female,UK,Basic,193,57,5,Mobile,Credit Card,Yes,51.4,Romance,4.7,1,83,Yes,No
CUST102600,43,Female,USA,Standard,506,13,3,Gaming Console,UPI,Yes,16.7,Thriller,2.9,0,48,No,No
CUST102601,70,Male,India,Standard,494,31,2,Tablet,Debit Card,No,4.0,Comedy,1.8,0,39,No,Yes
CUST102602,73,Female,UK,Standard,506,13,2,Mobile,PayPal,Yes,2.3,Action,3.7,0,78,No,No
CUST102603,36,Female,Canada,Standard,498,41,5,Smart TV,UPI,Yes,20.4,Action,3.1,4,69,No,No
CUST102604,32,Female,Canada,Basic,203,18,4,Smart TV,Debit Card,Yes,1.1,Documentary,1.9,1,83,No,Yes
CUST102605,49,Male,Brazil,Premium,649,37,5,Smart TV,Debit Card,Yes,3.4,Drama,3.5,0,85,Yes,No
CUST102606,16,Female,India,Premium,657,43,5,Mobile,Debit Card,Yes,0.7,Drama,2.9,0,1,Yes,Yes
CUST102607,40,Female,USA,Basic,201,34,1,Tablet,PayPal,Yes,24.5,Drama,3.8,1,53,No,No
CUST102608,56,Female,Australia,Basic,208,17,4,Mobile,PayPal,No,7.7,Thriller,3.8,1,14,No,No
CUST102609,74,Male,France,Basic,191,55,5,Mobile,Debit Card,Yes,3.3,Romance,2.9,0,47,Yes,Yes
CUST102610,32,Female,India,Basic,204,52,3,Smart TV,UPI,No,2.6,Documentary,2.6,0,53,Yes,Yes
CUST102611,72,Female,UK,Standard,495,21,2,Mobile,Credit Card,No,4.7,Anime,1.3,1,45,No,No
CUST102612,36,Male,India,Basic,200,36,3,Tablet,PayPal,No,0.8,Thriller,3.0,1,56,No,No
CUST102613,62,Male,India,Basic,203,54,3,Laptop,Debit Card,Yes,17.6,Romance,2.0,2,54,Yes,No
CUST102614,61,Female,USA,Premium,646,59,3,Smart TV,Net Banking,Yes,5.7,Comedy,1.2,0,59,No,Yes
CUST102615,63,Male,India,Basic,205,50,4,Tablet,UPI,Yes,10.3,Documentary,2.3,0,29,No,No
CUST102616,44,Other,Brazil,Premium,639,56,4,Smart TV,UPI,Yes,2.1,Documentary,1.3,0,27,No,No
CUST102617,53,Female,Canada,Standard,496,52,4,Laptop,Credit Card,No,5.6,Romance,3.3,1,51,No,No
CUST102618,48,Female,India,Basic,202,40,2,Smart TV,Credit Card,No,1.9,Anime,3.0,3,40,Yes,Yes
CUST102619,70,Male,India,Standard,498,19,1,Laptop,UPI,No,13.5,Documentary,4.2,0,20,No,No
CUST102620,65,Male,Australia,Standard,507,12,5,Smart TV,UPI,Yes,11.9,Romance,2.1,2,86,Yes,Yes
CUST102621,46,Female,India,Standard,496,28,5,Mobile,Credit Card,Yes,1.3,Horror,2.5,0,41,No,No
CUST102622,48,Male,Germany,Basic,207,11,1,Mobile,PayPal,Yes,0.6,Comedy,3.8,0,12,No,No
CUST102623,14,Female,USA,Standard,492,48,5,Smart TV,Debit Card,No,13.9,Documentary,5.0,2,44,No,No
CUST102624,27,Male,Canada,Premium,648,37,3,Tablet,Debit Card,No,0.9,Horror,4.6,1,89,Yes,Yes
CUST102625,46,Male,USA,Standard,491,28,2,Smart TV,PayPal,Yes,6.4,Anime,3.1,1,53,No,No
CUST102626,48,Male,India,Basic,192,35,5,Tablet,Net Banking,Yes,6.1,Romance,3.7,1,18,Yes,No
CUST102627,18,Female,USA,Standard,504,44,2,Mobile,Debit Card,No,1.8,Romance,3.1,0,26,No,No
CUST102628,51,Other,India,Standard,492,15,1,Laptop,PayPal,Yes,7.2,Comedy,2.7,2,39,No,No
CUST102629,54,Male,UK,Standard,508,16,5,Laptop,UPI,No,5.6,Horror,3.4,0,6,Yes,No
CUST102630,63,Male,Germany,Standard,508,45,2,Smart TV,Net Banking,No,5.7,Drama,2.5,0,24,No,No
CUST102631,63,Male,USA,Standard,501,7,3,Smart TV,Credit Card,Yes,3.6,Romance,2.1,0,48,No,No
CUST102632,70,Female,India,Premium,655,47,3,Mobile,Net Banking,No,14.6,Horror,3.8,0,35,Yes,No
CUST102633,66,Male,UK,Standard,504,3,1,Laptop,Debit Card,No,0.7,Romance,4.5,0,70,No,Yes
CUST102634,73,Female,Germany,Standard,505,31,4,Gaming Console,Debit Card,Yes,4.6,Documentary,2.2,0,83,No,No
CUST102635,24,Female,Japan,Basic,194,12,5,Smart TV,Debit Card,Yes,2.4,Thriller,3.8,2,23,No,No
CUST102636,15,Female,Canada,Premium,641,8,3,Mobile,Debit Card,No,15.1,Action,2.7,0,60,Yes,No
CUST102637,57,Male,UK,Premium,658,25,3,Laptop,UPI,No,2.0,Comedy,2.2,1,68,No,No
CUST102638,30,Other,Canada,Basic,192,44,1,Mobile,UPI,Yes,11.7,Drama,3.5,2,51,No,No
CUST102639,52,Male,France,Standard,496,50,3,Tablet,Debit Card,No,7.6,Anime,4.8,1,35,No,No
CUST102640,33,Male,Australia,Basic,208,35,5,Smart TV,Credit Card,Yes,16.6,Drama,2.4,0,50,No,Yes
CUST102641,27,Female,USA,Premium,647,12,1,Mobile,Debit Card,Yes,7.2,Action,4.0,2,32,Yes,Yes
CUST102642,45,Female,USA,Standard,489,55,2,Laptop,Debit Card,No,6.5,Documentary,2.3,1,52,Yes,Yes
CUST102643,47,Male,USA,Basic,201,21,1,Smart TV,Debit Card,Yes,12.9,Anime,4.2,2,87,No,No
CUST102644,38,Male,UK,Premium,640,26,5,Laptop,Debit Card,Yes,6.6,Thriller,4.0,0,73,Yes,No
CUST102645,20,Female,Brazil,Basic,198,55,5,Smart TV,Credit Card,No,14.9,Action,4.1,1,37,Yes,No
CUST102646,48,Male,UK,Premium,657,2,2,Mobile,UPI,Yes,0.4,Documentary,5.0,0,43,No,No
CUST102647,60,Female,India,Standard,505,14,1,Laptop,PayPal,No,5.5,Romance,1.6,0,4,No,No
CUST102648,42,Female,Brazil,Basic,201,46,5,Smart TV,Credit Card,Yes,13.4,Anime,2.6,0,30,Yes,No
CUST102649,35,Male,Australia,Basic,202,4,5,Smart TV,Credit Card,Yes,15.1,Documentary,3.5,0,8,Yes,No
CUST102650,54,Male,USA,Basic,199,17,2,Gaming Console,UPI,Yes,14.4,Comedy,3.4,0,31,Yes,Yes
CUST102651,56,Male,Germany,Standard,498,47,4,Tablet,Debit Card,Yes,7.4,Thriller,4.1,1,40,Yes,No
CUST102652,26,Female,UK,Standard,495,48,1,Tablet,UPI,No,40.9,Thriller,1.2,0,4,No,No
CUST102653,26,Female,Mexico,Basic,198,5,5,Gaming Console,Net Banking,Yes,1.6,Comedy,3.8,2,50,Yes,No
CUST102654,14,Male,Mexico,Basic,189,24,3,Smart TV,PayPal,Yes,1.5,Documentary,4.0,1,53,Yes,No
CUST102655,67,Female,Canada,Basic,202,49,2,Smart TV,UPI,No,0.3,Documentary,1.2,0,27,No,No
CUST102656,49,Other,Brazil,Standard,491,55,4,Smart TV,Debit Card,Yes,36.3,Anime,3.2,2,42,No,No
CUST102657,17,Male,Mexico,Standard,501,7,4,Tablet,Debit Card,No,3.4,Thriller,2.0,0,11,No,No
CUST102658,50,Female,UK,Basic,190,23,2,Laptop,UPI,Yes,11.5,Thriller,4.2,0,68,No,No
CUST102659,57,Male,USA,Standard,505,47,4,Mobile,Net Banking,Yes,0.5,Thriller,1.2,0,71,No,No
CUST102660,53,Male,Brazil,Basic,191,17,5,Tablet,Net Banking,Yes,2.8,Thriller,1.6,0,16,Yes,No
CUST102661,74,Male,USA,Premium,653,12,4,Mobile,Debit Card,Yes,7.8,Documentary,1.4,0,7,No,No
CUST102662,66,Male,USA,Premium,646,11,1,Smart TV,Credit Card,No,6.0,Thriller,1.3,0,86,Yes,Yes
CUST102663,72,Male,Mexico,Standard,494,51,3,Smart TV,Credit Card,No,1.9,Romance,3.4,0,17,No,No
CUST102664,73,Male,Brazil,Premium,647,11,5,Smart TV,Credit Card,No,5.0,Documentary,4.5,0,9,No,No
CUST102665,59,Female,USA,Premium,649,34,2,Smart TV,PayPal,Yes,0.9,Comedy,3.0,0,38,No,No
CUST102666,26,Female,India,Premium,640,47,3,Mobile,Debit Card,Yes,6.3,Romance,1.8,0,40,Yes,No
CUST102667,68,Female,USA,Standard,497,37,5,Laptop,Debit Card,Yes,0.8,Drama,2.4,0,43,No,Yes
CUST102668,51,Male,USA,Basic,206,50,3,Smart TV,PayPal,No,8.1,Comedy,2.4,2,68,No,Yes
CUST102669,37,Male,India,Basic,207,29,4,Laptop,Credit Card,No,1.4,Comedy,2.8,0,42,Yes,No
CUST102670,32,Male,Brazil,Basic,206,53,2,Mobile,UPI,Yes,6.3,Action,2.7,0,80,No,No
CUST102671,14,Female,USA,Standard,493,53,2,Gaming Console,Credit Card,Yes,1.1,Horror,3.7,1,46,Yes,Yes
CUST102672,51,Female,UK,Basic,206,48,1,Laptop,Debit Card,No,4.1,Comedy,2.4,0,74,No,No
CUST102673,18,Male,USA,Basic,200,36,4,Gaming Console,Credit Card,Yes,3.5,Anime,3.7,0,47,No,No
CUST102674,29,Male,Japan,Standard,492,27,1,Smart TV,UPI,Yes,11.3,Action,3.2,0,18,No,No
CUST102675,71,Female,USA,Basic,203,55,1,Smart TV,PayPal,Yes,8.2,Horror,1.2,0,20,No,No
CUST102676,37,Male,India,Standard,499,42,4,Mobile,UPI,Yes,22.1,Action,4.7,1,2,Yes,No
CUST102677,69,Male,India,Premium,657,22,5,Smart TV,UPI,Yes,20.4,Action,1.7,2,55,Yes,Yes
CUST102678,40,Female,Canada,Standard,493,2,1,Mobile,PayPal,Yes,10.3,Romance,2.8,0,42,No,Yes
CUST102679,14,Female,Canada,Standard,494,47,3,Smart TV,Credit Card,Yes,11.8,Horror,4.8,0,0,No,No
CUST102680,47,Male,USA,Standard,501,36,5,Mobile,PayPal,Yes,7.8,Horror,2.0,1,87,No,No
CUST102681,49,Male,UK,Standard,498,48,4,Tablet,Debit Card,No,9.4,Comedy,1.1,0,35,No,No
CUST102682,17,Other,India,Basic,202,30,2,Smart TV,Debit Card,Yes,7.7,Drama,3.0,0,5,No,No
CUST102683,13,Male,UK,Premium,642,59,5,Gaming Console,Credit Card,No,3.0,Anime,1.9,0,73,Yes,Yes
CUST102684,52,Male,UK,Basic,208,7,1,Smart TV,Credit Card,Yes,3.5,Romance,3.3,0,45,Yes,No
CUST102685,24,Male,India,Basic,200,57,3,Smart TV,Net Banking,Yes,6.8,Action,4.3,3,87,No,No
CUST102686,68,Male,India,Premium,653,57,4,Mobile,Credit Card,No,10.2,Horror,3.0,0,22,No,No
CUST102687,48,Male,India,Basic,198,12,2,Laptop,Debit Card,No,4.2,Horror,3.6,0,19,Yes,No
CUST102688,57,Female,India,Standard,499,3,3,Laptop,UPI,Yes,1.2,Anime,3.7,2,52,Yes,Yes
CUST102689,35,Male,Germany,Basic,197,17,2,Laptop,Debit Card,Yes,4.9,Thriller,4.3,2,37,No,No
CUST102690,59,Male,India,Basic,199,41,4,Smart TV,Net Banking,Yes,26.4,Thriller,3.8,1,34,Yes,Yes
CUST102691,43,Female,USA,Basic,190,32,5,Smart TV,Net Banking,No,1.9,Documentary,4.9,0,33,No,No
CUST102692,23,Female,India,Basic,201,8,1,Smart TV,Debit Card,No,8.4,Thriller,2.8,1,49,No,No
CUST102693,22,Female,Japan,Standard,496,23,4,Smart TV,Credit Card,Yes,32.4,Thriller,1.2,2,46,No,No
CUST102694,15,Female,Mexico,Premium,646,38,3,Gaming Console,Credit Card,Yes,3.8,Action,2.6,0,35,No,No
CUST102695,66,Male,USA,Standard,489,30,5,Tablet,UPI,No,17.5,Romance,4.4,1,15,No,No
CUST102696,26,Female,USA,Premium,644,15,2,Smart TV,Debit Card,Yes,16.0,Horror,1.5,0,86,Yes,No
CUST102697,28,Male,India,Basic,201,10,5,Laptop,UPI,Yes,3.3,Horror,3.9,1,48,Yes,Yes
CUST102698,22,Other,UK,Basic,197,55,5,Mobile,PayPal,Yes,0.8,Comedy,3.1,1,64,No,No
CUST102699,41,Female,India,Basic,194,59,3,Smart TV,Debit Card,Yes,1.6,Romance,4.6,0,62,No,No
CUST102700,22,Other,Germany,Standard,503,57,1,Mobile,Credit Card,Yes,3.6,Romance,3.9,0,51,No,Yes
CUST102701,24,Female,Canada,Standard,504,38,5,Mobile,Debit Card,Yes,25.6,Anime,3.6,1,72,Yes,No
CUST102702,42,Male,Mexico,Standard,492,15,5,Laptop,PayPal,No,2.6,Thriller,4.5,0,75,No,No
CUST102703,53,Female,India,Premium,655,30,1,Smart TV,Debit Card,Yes,20.9,Horror,4.6,0,59,Yes,Yes
CUST102704,13,Other,Australia,Standard,497,46,1,Tablet,Credit Card,No,1.6,Comedy,2.5,0,16,Yes,Yes
CUST102705,17,Female,Australia,Standard,500,26,2,Mobile,Debit Card,No,28.0,Drama,4.7,1,66,No,No
CUST102706,32,Male,India,Premium,657,51,2,Smart TV,UPI,No,2.8,Anime,1.2,0,37,No,No
CUST102707,20,Female,USA,Basic,208,45,1,Smart TV,Debit Card,Yes,8.0,Romance,4.1,0,28,No,No
CUST102708,55,Male,India,Standard,500,14,4,Laptop,Net Banking,Yes,0.6,Romance,2.3,1,30,No,No
CUST102709,24,Male,USA,Standard,494,3,1,Mobile,PayPal,Yes,2.8,Thriller,2.9,0,58,No,No
CUST102710,13,Male,USA,Standard,500,36,2,Laptop,UPI,Yes,1.9,Drama,4.3,0,53,No,Yes
CUST102711,69,Male,Canada,Basic,197,26,3,Smart TV,Net Banking,Yes,0.0,Anime,3.5,0,52,No,Yes
CUST102712,66,Female,USA,Standard,508,14,3,Smart TV,UPI,Yes,1.4,Drama,2.8,1,25,No,No
CUST102713,32,Male,France,Standard,493,31,5,Mobile,PayPal,Yes,7.2,Documentary,1.7,0,12,Yes,No
CUST102714,40,Female,India,Standard,491,14,3,Smart TV,Debit Card,Yes,4.0,Horror,4.8,2,56,Yes,Yes
CUST102715,69,Male,Japan,Basic,190,58,2,Laptop,UPI,Yes,10.3,Comedy,2.3,0,18,Yes,No
CUST102716,55,Male,USA,Premium,646,40,3,Smart TV,Credit Card,No,8.9,Comedy,1.4,1,26,No,No
CUST102717,49,Male,Australia,Premium,648,10,4,Smart TV,Debit Card,No,12.8,Documentary,3.3,2,12,Yes,No
CUST102718,59,Male,USA,Standard,503,9,1,Smart TV,Debit Card,Yes,16.1,Anime,2.6,0,51,No,Yes
CUST102719,49,Male,India,Standard,497,46,1,Mobile,UPI,Yes,13.7,Action,3.4,0,63,Yes,Yes
CUST102720,24,Male,Mexico,Premium,648,40,2,Laptop,UPI,No,4.8,Horror,1.9,2,57,No,Yes
CUST102721,49,Female,USA,Basic,199,43,5,Laptop,UPI,Yes,3.0,Anime,2.5,1,18,Yes,No
CUST102722,61,Male,Germany,Basic,197,42,1,Laptop,PayPal,Yes,5.6,Horror,4.9,1,82,No,No
CUST102723,61,Male,Canada,Standard,502,18,3,Mobile,Credit Card,No,6.1,Documentary,4.7,0,2,Yes,No
CUST102724,68,Male,UK,Premium,643,36,4,Smart TV,Debit Card,No,3.0,Anime,4.5,0,66,Yes,Yes
CUST102725,56,Female,UK,Basic,197,36,5,Laptop,Credit Card,Yes,6.2,Romance,4.1,1,25,No,No
CUST102726,68,Female,Brazil,Premium,642,12,5,Smart TV,Credit Card,Yes,0.9,Documentary,1.6,2,5,No,Yes
CUST102727,40,Female,India,Standard,490,50,5,Laptop,UPI,Yes,2.1,Horror,2.9,0,12,No,No
CUST102728,59,Male,Germany,Standard,507,40,1,Laptop,PayPal,Yes,11.0,Documentary,3.9,0,26,No,No
CUST102729,27,Male,Mexico,Basic,189,3,5,Laptop,Debit Card,Yes,1.6,Drama,2.0,0,87,No,No
CUST102730,18,Female,India,Basic,189,18,2,Smart TV,PayPal,Yes,1.2,Horror,1.1,2,9,No,No
CUST102731,56,Male,India,Premium,650,7,3,Gaming Console,Net Banking,Yes,2.7,Anime,2.7,0,15,No,No
CUST102732,71,Male,Brazil,Premium,649,31,4,Laptop,Debit Card,Yes,3.7,Anime,2.7,1,22,No,No
CUST102733,73,Male,UK,Standard,489,1,3,Laptop,UPI,Yes,3.2,Comedy,1.3,0,46,No,No
CUST102734,32,Male,USA,Premium,652,31,2,Smart TV,Credit Card,Yes,3.8,Action,2.3,0,11,No,No
CUST102735,62,Male,India,Premium,649,54,2,Mobile,PayPal,Yes,1.2,Thriller,4.7,0,27,No,No
CUST102736,26,Female,UK,Standard,495,13,3,Smart TV,Credit Card,No,1.4,Thriller,2.0,0,76,No,No
CUST102737,14,Male,India,Standard,490,29,1,Mobile,UPI,Yes,2.2,Thriller,3.3,1,17,No,No
CUST102738,21,Female,UK,Standard,503,3,2,Mobile,Debit Card,No,4.1,Action,3.0,0,57,No,No
CUST102739,49,Male,Brazil,Standard,496,29,5,Tablet,Net Banking,Yes,3.3,Thriller,4.4,0,1,No,No
CUST102740,32,Male,USA,Basic,208,35,4,Smart TV,UPI,No,12.5,Action,3.6,1,45,No,No
CUST102741,38,Female,UK,Standard,503,15,4,Mobile,Credit Card,Yes,6.0,Thriller,1.6,0,16,No,No
CUST102742,41,Male,Japan,Basic,196,21,2,Smart TV,UPI,Yes,6.9,Thriller,1.6,0,86,No,No
CUST102743,13,Female,Brazil,Premium,648,19,5,Mobile,PayPal,No,6.6,Action,3.2,3,63,Yes,No
CUST102744,67,Female,Mexico,Premium,657,28,3,Tablet,UPI,No,4.1,Comedy,1.2,1,86,Yes,No
CUST102745,47,Male,USA,Basic,191,4,4,Laptop,Net Banking,No,31.5,Romance,2.6,2,64,No,No
CUST102746,18,Female,Brazil,Basic,208,45,5,Mobile,PayPal,Yes,0.3,Romance,2.6,1,53,No,Yes
CUST102747,49,Male,India,Standard,502,13,5,Smart TV,UPI,Yes,1.9,Action,1.8,1,42,No,No
CUST102748,65,Female,India,Standard,497,15,1,Mobile,Credit Card,Yes,2.7,Horror,2.2,2,77,No,No
CUST102749,71,Male,India,Basic,197,51,2,Smart TV,Credit Card,No,17.0,Action,2.3,3,75,No,Yes
CUST102750,17,Female,USA,Standard,494,48,5,Mobile,Net Banking,Yes,20.1,Documentary,1.0,1,54,Yes,No
CUST102751,45,Male,Mexico,Basic,196,39,3,Smart TV,Net Banking,Yes,15.0,Drama,4.2,0,13,No,No
CUST102752,61,Female,USA,Basic,199,32,4,Laptop,Debit Card,Yes,4.3,Anime,4.8,0,43,No,No
CUST102753,63,Female,Germany,Basic,196,3,1,Smart TV,UPI,Yes,19.7,Drama,2.2,0,37,No,No
CUST102754,26,Female,Brazil,Basic,200,30,3,Smart TV,PayPal,Yes,0.8,Comedy,1.4,3,57,No,Yes
CUST102755,24,Female,Canada,Premium,648,58,4,Laptop,UPI,Yes,8.5,Comedy,4.8,0,48,No,No
CUST102756,54,Female,USA,Premium,642,20,2,Tablet,PayPal,Yes,22.1,Comedy,4.0,0,15,Yes,No
CUST102757,32,Female,Canada,Standard,504,2,3,Gaming Console,Credit Card,Yes,11.2,Drama,4.6,0,81,Yes,No
CUST102758,65,Male,USA,Standard,508,50,4,Laptop,Net Banking,Yes,2.6,Comedy,2.4,1,73,No,Yes
CUST102759,62,Male,India,Basic,194,25,1,Smart TV,Debit Card,No,10.1,Romance,2.9,0,82,No,Yes
CUST102760,36,Male,Japan,Standard,497,11,4,Smart TV,UPI,Yes,2.8,Comedy,4.7,1,29,No,No
CUST102761,71,Male,India,Basic,193,1,5,Tablet,Debit Card,Yes,0.9,Anime,2.8,0,67,No,No
CUST102762,55,Male,India,Standard,494,48,1,Tablet,UPI,Yes,10.1,Horror,3.7,3,70,Yes,Yes
CUST102763,74,Female,Mexico,Premium,655,49,3,Mobile,UPI,No,1.6,Horror,3.8,0,79,No,Yes
CUST102764,46,Male,USA,Basic,205,48,2,Smart TV,PayPal,Yes,0.9,Action,4.3,1,36,No,No
CUST102765,37,Female,Germany,Premium,651,10,1,Smart TV,UPI,Yes,6.4,Romance,4.9,2,68,No,No
CUST102766,62,Male,USA,Basic,205,17,1,Tablet,UPI,Yes,7.8,Romance,2.3,0,54,No,No
CUST102767,41,Male,USA,Standard,502,30,1,Smart TV,Debit Card,Yes,0.4,Action,2.0,3,38,Yes,Yes
CUST102768,69,Female,USA,Basic,190,35,4,Laptop,Net Banking,Yes,0.0,Anime,1.3,1,56,Yes,No
CUST102769,51,Female,USA,Standard,507,50,5,Gaming Console,Credit Card,Yes,17.1,Drama,4.4,0,48,No,No
CUST102770,43,Female,USA,Basic,191,19,2,Laptop,UPI,No,1.0,Action,2.2,0,62,Yes,Yes
CUST102771,68,Female,Brazil,Standard,490,46,2,Smart TV,Credit Card,Yes,7.0,Comedy,1.2,1,33,No,No
CUST102772,59,Male,UK,Standard,490,53,5,Smart TV,Debit Card,Yes,24.6,Action,4.5,0,56,No,No
CUST102773,55,Female,France,Basic,195,57,4,Smart TV,Debit Card,No,5.7,Romance,3.0,1,61,No,Yes
CUST102774,62,Male,India,Standard,492,34,4,Laptop,Net Banking,No,1.2,Documentary,4.4,1,38,No,No
CUST102775,35,Male,UK,Premium,655,32,5,Mobile,Credit Card,Yes,4.0,Action,3.2,1,73,No,No
CUST102776,56,Male,Canada,Standard,494,12,5,Smart TV,Debit Card,Yes,7.8,Drama,2.3,1,66,Yes,No
CUST102777,50,Male,France,Basic,195,43,3,Smart TV,PayPal,No,11.5,Comedy,1.5,1,61,No,Yes
CUST102778,32,Male,India,Basic,208,17,4,Smart TV,Credit Card,Yes,7.5,Romance,2.7,2,28,Yes,No
CUST102779,35,Female,Canada,Premium,644,59,1,Gaming Console,PayPal,No,0.3,Romance,1.1,0,30,No,No
CUST102780,74,Female,Mexico,Standard,497,6,2,Laptop,Net Banking,Yes,1.2,Comedy,3.4,1,59,No,Yes
CUST102781,57,Male,USA,Standard,508,51,4,Mobile,PayPal,Yes,3.7,Drama,2.7,0,38,Yes,No
CUST102782,64,Male,Mexico,Basic,192,13,5,Tablet,Credit Card,Yes,9.8,Action,1.6,1,78,No,No
CUST102783,28,Male,India,Standard,493,39,1,Laptop,Debit Card,No,7.0,Anime,3.1,0,0,No,No
CUST102784,62,Male,Brazil,Basic,207,22,3,Laptop,Credit Card,No,0.4,Comedy,4.2,2,55,No,Yes
CUST102785,54,Female,France,Premium,648,11,3,Laptop,Credit Card,Yes,12.8,Comedy,4.9,1,82,Yes,No
CUST102786,72,Male,Germany,Premium,656,7,1,Laptop,Credit Card,Yes,7.4,Documentary,3.1,2,57,No,Yes
CUST102787,67,Female,UK,Basic,203,45,1,Smart TV,Net Banking,Yes,17.5,Drama,1.5,1,20,No,No
CUST102788,20,Male,India,Standard,489,45,5,Mobile,UPI,No,4.3,Romance,4.2,2,53,No,Yes
CUST102789,62,Other,France,Basic,193,21,5,Laptop,Debit Card,Yes,5.4,Romance,3.8,0,70,No,No
CUST102790,33,Male,UK,Standard,493,1,2,Smart TV,Debit Card,Yes,4.2,Anime,4.8,0,42,No,No
CUST102791,13,Female,India,Premium,646,30,2,Smart TV,UPI,No,10.3,Action,3.1,0,53,No,Yes
CUST102792,67,Male,Brazil,Standard,508,19,3,Smart TV,Debit Card,Yes,11.2,Action,2.4,0,1,No,No
CUST102793,20,Female,UK,Basic,203,51,1,Smart TV,Net Banking,Yes,10.3,Comedy,4.9,2,13,Yes,No
CUST102794,41,Male,India,Basic,205,55,3,Smart TV,Credit Card,Yes,2.8,Thriller,3.2,0,2,No,No
CUST102795,44,Male,India,Premium,657,47,5,Mobile,Net Banking,Yes,8.1,Documentary,1.1,0,13,Yes,No
CUST102796,50,Female,India,Standard,501,46,4,Smart TV,UPI,Yes,3.3,Documentary,2.9,0,4,Yes,No
CUST102797,17,Female,Canada,Standard,498,29,5,Smart TV,Net Banking,Yes,14.4,Documentary,1.0,0,80,Yes,No
CUST102798,59,Female,Germany,Basic,205,35,4,Tablet,Credit Card,Yes,0.5,Romance,4.0,0,38,No,No
CUST102799,34,Female,UK,Basic,193,59,1,Laptop,Credit Card,Yes,0.3,Comedy,3.3,1,0,No,No
CUST102800,59,Female,Australia,Premium,656,53,1,Smart TV,UPI,No,0.9,Drama,1.4,1,42,Yes,No
CUST102801,46,Male,Mexico,Standard,505,20,1,Mobile,Net Banking,No,1.8,Drama,4.3,1,58,No,No
CUST102802,13,Male,Germany,Standard,492,36,2,Laptop,PayPal,Yes,0.3,Documentary,3.1,0,77,No,Yes
CUST102803,67,Male,India,Standard,495,39,2,Laptop,UPI,Yes,0.6,Romance,1.5,1,80,No,No
CUST102804,67,Female,Brazil,Premium,643,1,4,Smart TV,Credit Card,No,2.9,Horror,1.6,0,14,No,No
CUST102805,38,Male,USA,Basic,196,23,3,Tablet,Debit Card,Yes,0.8,Horror,4.3,0,45,No,No
CUST102806,55,Male,Canada,Basic,196,31,3,Laptop,Debit Card,No,13.0,Thriller,2.4,0,6,No,No
CUST102807,22,Female,Germany,Standard,499,56,4,Tablet,UPI,Yes,0.4,Anime,4.3,0,41,Yes,Yes
CUST102808,42,Female,USA,Standard,497,51,2,Smart TV,Debit Card,Yes,19.1,Anime,1.3,1,6,No,Yes
CUST102809,62,Male,France,Standard,507,35,5,Smart TV,Debit Card,Yes,16.4,Romance,2.0,1,46,No,Yes
CUST102810,30,Male,India,Premium,657,52,4,Smart TV,UPI,Yes,1.9,Thriller,4.1,2,87,Yes,Yes
CUST102811,29,Male,Germany,Standard,497,47,3,Smart TV,Net Banking,Yes,0.6,Horror,3.6,1,89,Yes,No
CUST102812,38,Male,India,Basic,208,45,4,Smart TV,UPI,Yes,0.9,Action,2.2,3,77,No,No
CUST102813,20,Male,France,Premium,655,22,4,Smart TV,UPI,No,6.6,Thriller,4.7,0,18,No,No
CUST102814,59,Female,India,Standard,504,46,1,Laptop,Net Banking,No,7.3,Documentary,1.8,0,52,No,No
CUST102815,52,Female,India,Standard,495,7,2,Smart TV,Credit Card,No,3.0,Action,4.4,0,89,No,No
CUST102816,61,Female,USA,Standard,491,33,1,Smart TV,Credit Card,Yes,2.8,Documentary,3.8,0,15,No,No
CUST102817,24,Male,USA,Standard,507,45,2,Tablet,PayPal,Yes,6.1,Horror,1.5,1,61,No,Yes
CUST102818,39,Female,India,Basic,196,36,4,Smart TV,Debit Card,No,2.9,Romance,3.2,0,65,No,No
CUST102819,20,Male,Canada,Premium,643,44,2,Mobile,Debit Card,Yes,21.8,Horror,4.7,0,64,Yes,No
CUST102820,37,Male,UK,Premium,644,7,3,Mobile,Credit Card,Yes,3.9,Romance,3.5,3,50,No,No
CUST102821,58,Female,India,Standard,490,27,1,Gaming Console,UPI,Yes,2.0,Drama,3.1,0,35,Yes,No
CUST102822,16,Male,USA,Standard,507,2,4,Tablet,Debit Card,Yes,1.3,Documentary,2.5,0,34,No,Yes
CUST102823,45,Male,Australia,Basic,201,17,3,Mobile,Debit Card,Yes,8.0,Horror,4.2,1,23,No,No
CUST102824,13,Female,Brazil,Basic,194,1,2,Tablet,Debit Card,Yes,3.2,Action,4.7,2,68,No,No
CUST102825,31,Male,Brazil,Basic,194,58,2,Mobile,Debit Card,Yes,1.7,Documentary,4.0,0,28,No,No
CUST102826,43,Female,Brazil,Basic,190,46,3,Laptop,Net Banking,No,2.6,Comedy,3.9,1,0,Yes,No
CUST102827,28,Male,USA,Premium,643,30,2,Smart TV,Net Banking,Yes,2.9,Romance,1.8,0,56,No,No
CUST102828,26,Female,India,Premium,649,22,1,Mobile,PayPal,No,7.9,Action,4.3,2,8,No,No
CUST102829,65,Male,USA,Standard,499,28,5,Mobile,Net Banking,Yes,1.5,Thriller,1.2,0,79,No,No
CUST102830,60,Male,Mexico,Standard,502,53,2,Mobile,Debit Card,Yes,10.6,Drama,4.0,1,14,No,No
CUST102831,17,Female,Japan,Basic,201,33,4,Laptop,PayPal,Yes,2.9,Thriller,1.8,0,73,Yes,Yes
CUST102832,53,Male,UK,Premium,646,26,2,Smart TV,Debit Card,Yes,5.4,Documentary,2.9,2,15,Yes,No
CUST102833,38,Male,India,Standard,503,35,4,Smart TV,PayPal,Yes,8.5,Thriller,3.8,0,47,No,No
CUST102834,74,Male,India,Basic,200,11,2,Laptop,Credit Card,Yes,6.3,Action,4.0,1,35,No,No
CUST102835,40,Male,USA,Standard,491,7,2,Smart TV,PayPal,Yes,8.7,Comedy,4.6,1,52,Yes,No
CUST102836,14,Male,Canada,Premium,643,28,4,Smart TV,Credit Card,No,3.1,Horror,2.1,1,78,No,No
CUST102837,62,Male,India,Premium,644,25,1,Laptop,Debit Card,Yes,26.5,Thriller,1.9,1,2,No,No
CUST102838,18,Female,France,Basic,190,41,5,Tablet,PayPal,Yes,4.9,Documentary,5.0,0,18,Yes,No
CUST102839,21,Male,USA,Premium,646,31,5,Smart TV,PayPal,Yes,3.1,Thriller,1.8,2,40,No,No
CUST102840,45,Female,France,Basic,193,54,1,Mobile,UPI,Yes,2.8,Thriller,3.7,0,36,No,No
CUST102841,53,Male,Australia,Basic,205,3,2,Smart TV,UPI,Yes,0.3,Anime,4.8,0,58,Yes,No
CUST102842,37,Male,Brazil,Premium,640,33,5,Mobile,Credit Card,No,9.2,Horror,4.6,2,66,Yes,Yes
CUST102843,60,Female,Germany,Premium,649,51,1,Smart TV,UPI,Yes,2.4,Action,2.8,0,7,No,No
CUST102844,25,Male,Germany,Standard,492,58,1,Mobile,Credit Card,No,25.5,Anime,3.6,0,87,No,No
CUST102845,21,Other,Germany,Standard,499,34,5,Laptop,PayPal,Yes,1.9,Anime,3.1,1,13,No,No
CUST102846,65,Male,Germany,Premium,647,59,4,Smart TV,UPI,Yes,6.0,Documentary,2.4,0,60,No,No
CUST102847,25,Female,Canada,Premium,644,21,3,Laptop,Net Banking,No,10.6,Anime,1.6,1,34,No,No
CUST102848,43,Female,Japan,Premium,640,56,4,Mobile,UPI,Yes,16.3,Documentary,4.2,3,15,No,No
CUST102849,53,Female,Brazil,Standard,503,37,2,Smart TV,Debit Card,No,1.4,Comedy,1.4,0,70,No,No
CUST102850,23,Female,Australia,Premium,643,49,4,Mobile,UPI,Yes,33.8,Anime,3.4,1,34,No,No
CUST102851,16,Female,Mexico,Premium,650,19,3,Mobile,Debit Card,Yes,19.0,Horror,3.4,0,7,No,No
CUST102852,46,Male,India,Basic,201,60,3,Smart TV,Credit Card,Yes,26.3,Action,2.3,2,59,No,No
CUST102853,73,Male,India,Premium,655,37,1,Laptop,PayPal,No,15.3,Romance,1.5,0,11,No,No
CUST102854,50,Female,UK,Standard,492,55,2,Laptop,Debit Card,No,16.8,Action,4.2,0,48,No,No
CUST102855,58,Male,UK,Standard,498,21,1,Laptop,UPI,No,7.3,Drama,2.8,0,79,No,Yes
CUST102856,16,Male,Australia,Standard,489,14,4,Mobile,Credit Card,Yes,14.9,Comedy,3.9,0,67,Yes,No
CUST102857,50,Female,UK,Basic,199,10,4,Smart TV,Credit Card,Yes,6.1,Comedy,1.1,1,34,No,No
CUST102858,31,Male,Canada,Standard,504,53,5,Laptop,UPI,Yes,6.2,Documentary,1.3,1,44,No,No
CUST102859,18,Female,Canada,Premium,649,7,1,Smart TV,Net Banking,Yes,6.6,Documentary,1.7,0,40,No,Yes
CUST102860,46,Female,India,Basic,197,29,1,Laptop,UPI,Yes,44.8,Horror,1.5,1,60,Yes,No
CUST102861,30,Female,Germany,Standard,490,40,1,Laptop,Credit Card,Yes,0.9,Comedy,1.8,1,75,No,No
CUST102862,25,Female,Australia,Premium,645,8,1,Laptop,Credit Card,Yes,13.1,Action,3.7,1,84,Yes,No
CUST102863,53,Male,India,Standard,507,39,3,Mobile,Net Banking,No,2.6,Drama,1.2,0,14,Yes,No
CUST102864,35,Male,Canada,Standard,506,13,5,Tablet,PayPal,No,3.6,Horror,1.2,1,66,Yes,No
CUST102865,31,Male,Canada,Standard,508,46,2,Laptop,Net Banking,No,0.7,Documentary,1.1,1,58,No,No
CUST102866,57,Male,India,Standard,495,19,2,Mobile,Credit Card,Yes,3.5,Drama,3.8,0,1,No,No
CUST102867,23,Female,India,Standard,497,11,2,Laptop,Net Banking,Yes,37.5,Horror,3.1,0,5,Yes,No
CUST102868,13,Female,Japan,Premium,650,2,3,Smart TV,PayPal,Yes,4.0,Comedy,2.5,0,56,No,No
CUST102869,36,Male,USA,Standard,491,49,5,Mobile,Net Banking,Yes,8.9,Action,3.7,1,15,No,No
CUST102870,74,Male,USA,Premium,654,6,5,Tablet,Credit Card,No,1.0,Drama,3.2,0,22,No,No
CUST102871,66,Other,India,Standard,495,29,3,Smart TV,PayPal,No,20.5,Romance,1.0,0,40,No,No
CUST102872,19,Male,Germany,Basic,193,41,1,Mobile,UPI,No,14.1,Thriller,4.4,3,29,Yes,No
CUST102873,37,Female,Germany,Standard,495,51,4,Mobile,UPI,Yes,3.9,Horror,2.4,0,66,No,No
CUST102874,33,Male,Germany,Standard,507,5,1,Mobile,UPI,Yes,3.4,Horror,2.6,0,54,No,No
CUST102875,27,Female,India,Standard,505,41,2,Mobile,PayPal,Yes,4.5,Comedy,4.1,0,79,No,No
CUST102876,13,Female,Mexico,Basic,204,30,1,Gaming Console,Net Banking,No,4.1,Action,1.7,1,3,No,No
CUST102877,24,Female,USA,Basic,207,57,3,Smart TV,PayPal,Yes,2.4,Comedy,1.0,2,27,No,No
CUST102878,70,Female,USA,Basic,206,39,2,Laptop,UPI,Yes,37.5,Comedy,4.6,0,49,No,No
CUST102879,19,Male,UK,Basic,207,36,4,Laptop,UPI,Yes,13.3,Horror,3.0,1,27,No,No
CUST102880,27,Male,USA,Standard,492,27,2,Mobile,UPI,Yes,2.5,Drama,2.4,0,52,No,No
CUST102881,33,Female,Mexico,Basic,189,50,1,Smart TV,Debit Card,No,32.0,Drama,4.3,0,66,No,Yes
CUST102882,31,Male,France,Premium,642,18,5,Mobile,Debit Card,Yes,0.1,Thriller,1.1,1,25,No,No
CUST102883,72,Female,USA,Basic,192,52,5,Gaming Console,PayPal,Yes,4.6,Documentary,1.8,0,38,No,Yes
CUST102884,41,Female,Mexico,Basic,197,49,5,Smart TV,Credit Card,No,6.7,Thriller,1.6,0,12,No,No
CUST102885,37,Female,Australia,Standard,496,36,2,Mobile,PayPal,Yes,0.3,Romance,4.0,0,70,Yes,Yes
CUST102886,45,Female,France,Basic,190,60,5,Gaming Console,PayPal,No,1.4,Horror,2.2,0,53,Yes,Yes
CUST102887,61,Female,USA,Premium,644,59,3,Laptop,UPI,No,2.4,Action,4.1,0,12,No,No
CUST102888,44,Female,Canada,Basic,199,54,4,Laptop,Net Banking,Yes,10.2,Anime,1.2,0,58,No,Yes
CUST102889,61,Male,USA,Standard,492,16,5,Gaming Console,UPI,Yes,22.5,Action,3.4,0,3,Yes,No
CUST102890,47,Male,Australia,Premium,652,54,3,Smart TV,Credit Card,No,7.8,Comedy,2.3,0,79,No,Yes
CUST102891,56,Male,India,Standard,497,55,3,Laptop,Debit Card,Yes,6.6,Drama,1.7,0,56,No,No
CUST102892,50,Female,Canada,Basic,190,5,2,Mobile,Net Banking,Yes,6.2,Comedy,4.3,0,59,No,No
CUST102893,38,Male,USA,Standard,489,9,2,Mobile,Net Banking,No,3.5,Documentary,2.6,2,46,Yes,No
CUST102894,23,Female,USA,Standard,492,34,4,Mobile,Debit Card,Yes,14.1,Comedy,3.3,1,76,No,No
CUST102895,47,Male,Germany,Premium,650,34,4,Smart TV,Credit Card,Yes,6.2,Romance,1.1,0,73,No,No
CUST102896,20,Female,Mexico,Premium,643,36,1,Smart TV,Debit Card,No,2.1,Action,4.2,2,4,No,Yes
CUST102897,58,Male,Germany,Basic,197,31,4,Smart TV,UPI,No,1.2,Romance,2.1,0,35,No,No
CUST102898,26,Female,Mexico,Premium,642,52,2,Smart TV,UPI,Yes,33.9,Action,3.8,1,18,No,No
CUST102899,22,Female,USA,Basic,204,20,3,Smart TV,UPI,No,0.1,Romance,4.0,0,29,No,No
CUST102900,14,Male,UK,Basic,190,17,1,Laptop,PayPal,Yes,21.7,Thriller,1.5,0,40,Yes,No
CUST102901,58,Male,UK,Premium,654,20,4,Smart TV,PayPal,Yes,2.0,Anime,2.2,0,47,Yes,No
CUST102902,21,Female,India,Basic,204,28,3,Mobile,Debit Card,Yes,8.6,Horror,3.9,1,27,No,No
CUST102903,15,Female,Canada,Basic,199,21,2,Laptop,Debit Card,Yes,2.9,Romance,1.9,1,30,No,No
CUST102904,33,Male,Germany,Basic,189,57,5,Smart TV,PayPal,Yes,15.7,Comedy,4.4,1,56,No,No
CUST102905,38,Other,Canada,Standard,503,19,1,Tablet,UPI,Yes,6.3,Horror,2.2,1,42,No,No
CUST102906,20,Female,Brazil,Standard,492,3,3,Tablet,Credit Card,Yes,1.2,Drama,2.6,1,64,No,Yes
CUST102907,60,Female,Canada,Standard,506,30,2,Smart TV,Debit Card,No,2.5,Documentary,1.4,2,8,No,Yes
CUST102908,14,Male,India,Basic,205,5,2,Gaming Console,PayPal,Yes,3.1,Documentary,1.6,0,11,Yes,No
CUST102909,18,Male,India,Standard,495,42,1,Laptop,Credit Card,No,17.4,Romance,2.1,0,86,No,No
CUST102910,40,Female,Canada,Premium,656,6,1,Smart TV,UPI,Yes,11.6,Drama,1.2,0,11,No,No
CUST102911,65,Female,USA,Premium,651,3,4,Laptop,UPI,No,14.2,Documentary,1.8,1,41,No,No
CUST102912,41,Female,India,Basic,208,49,4,Laptop,Credit Card,Yes,0.4,Romance,2.6,0,72,No,Yes
CUST102913,38,Male,UK,Premium,658,42,1,Mobile,UPI,Yes,6.9,Romance,2.5,0,52,Yes,No
CUST102914,37,Male,Canada,Standard,498,24,1,Laptop,Credit Card,Yes,56.8,Drama,1.8,0,89,No,No
CUST102915,24,Male,USA,Basic,189,44,3,Smart TV,Debit Card,Yes,12.3,Drama,1.3,2,56,No,No
CUST102916,17,Male,Brazil,Basic,190,1,4,Gaming Console,Debit Card,No,1.0,Thriller,2.3,0,83,No,Yes
CUST102917,46,Male,Germany,Basic,205,50,2,Tablet,UPI,Yes,9.1,Romance,4.0,1,15,No,No
CUST102918,60,Male,USA,Standard,491,51,4,Laptop,PayPal,Yes,10.9,Comedy,3.0,4,76,Yes,No
CUST102919,49,Other,Brazil,Basic,205,54,4,Smart TV,Credit Card,Yes,5.8,Horror,4.8,1,49,No,No
CUST102920,27,Male,Germany,Standard,500,52,1,Mobile,PayPal,Yes,0.7,Action,1.6,0,3,No,No
CUST102921,56,Female,Germany,Basic,200,36,1,Laptop,Credit Card,Yes,0.3,Action,1.8,0,88,No,Yes
CUST102922,48,Female,Canada,Premium,658,15,4,Tablet,UPI,No,22.2,Romance,2.1,0,12,No,No
CUST102923,27,Female,India,Basic,198,41,5,Tablet,UPI,Yes,2.4,Comedy,1.1,0,59,Yes,No
CUST102924,55,Male,Brazil,Premium,645,38,5,Tablet,UPI,Yes,3.8,Documentary,4.8,3,27,Yes,No
CUST102925,60,Female,USA,Premium,648,44,4,Mobile,Credit Card,Yes,12.7,Anime,2.8,0,11,No,No
CUST102926,35,Female,France,Basic,206,18,5,Tablet,Credit Card,Yes,9.4,Drama,2.9,2,23,No,No
CUST102927,18,Female,Australia,Standard,494,23,4,Smart TV,UPI,Yes,27.7,Action,1.6,1,0,Yes,No
CUST102928,58,Female,Canada,Basic,195,47,1,Mobile,Credit Card,No,0.8,Thriller,4.5,0,33,No,No
CUST102929,62,Other,USA,Premium,655,29,1,Smart TV,Net Banking,Yes,9.8,Documentary,3.8,2,2,No,No
CUST102930,56,Female,India,Standard,500,51,1,Tablet,Credit Card,Yes,0.7,Horror,2.7,0,21,No,No
CUST102931,71,Male,USA,Basic,205,41,2,Tablet,Debit Card,Yes,0.0,Thriller,4.5,1,84,No,No
CUST102932,55,Female,UK,Basic,206,22,1,Smart TV,Debit Card,No,1.0,Action,4.6,0,26,Yes,No
CUST102933,57,Male,USA,Standard,502,24,1,Mobile,UPI,Yes,7.7,Comedy,1.2,1,20,No,No
CUST102934,33,Female,UK,Premium,649,45,4,Gaming Console,PayPal,No,9.0,Comedy,1.5,0,85,Yes,No
CUST102935,35,Male,India,Standard,490,48,5,Mobile,UPI,Yes,4.6,Thriller,1.1,0,12,No,No
CUST102936,55,Male,Japan,Premium,639,13,5,Mobile,Credit Card,Yes,0.4,Romance,3.3,1,43,No,No
CUST102937,67,Female,India,Standard,499,33,1,Mobile,PayPal,Yes,8.0,Documentary,1.9,0,79,No,No
CUST102938,28,Female,France,Basic,190,50,1,Laptop,Credit Card,Yes,0.7,Action,4.4,0,23,No,No
CUST102939,59,Male,France,Premium,654,22,1,Gaming Console,UPI,Yes,1.2,Drama,2.9,0,45,No,No
CUST102940,65,Male,Canada,Basic,191,35,4,Mobile,PayPal,Yes,5.7,Comedy,4.4,0,16,Yes,No
CUST102941,72,Female,Brazil,Premium,658,17,4,Smart TV,Debit Card,Yes,3.3,Thriller,3.2,0,4,No,No
CUST102942,27,Male,UK,Standard,489,22,4,Smart TV,Debit Card,Yes,5.0,Anime,4.2,0,37,No,No
CUST102943,37,Female,Germany,Basic,208,5,5,Smart TV,Credit Card,Yes,8.1,Horror,2.5,1,58,No,No
CUST102944,48,Male,USA,Standard,496,25,2,Mobile,PayPal,Yes,1.4,Action,4.8,1,26,No,No
CUST102945,23,Female,USA,Premium,657,6,5,Tablet,PayPal,Yes,17.9,Documentary,3.7,1,53,No,No
CUST102946,63,Female,Canada,Premium,639,53,4,Laptop,Credit Card,Yes,6.6,Romance,3.4,1,89,No,No
CUST102947,27,Male,UK,Basic,193,17,3,Gaming Console,Debit Card,No,0.2,Drama,2.4,0,70,No,Yes
CUST102948,16,Male,Canada,Basic,189,31,2,Tablet,UPI,Yes,7.9,Horror,4.7,0,54,No,No
CUST102949,33,Male,USA,Standard,499,17,1,Mobile,Debit Card,Yes,5.0,Drama,2.4,0,70,No,No
CUST102950,25,Female,USA,Standard,497,59,5,Mobile,Credit Card,No,9.7,Romance,4.3,1,42,Yes,No
CUST102951,34,Female,India,Standard,493,33,2,Mobile,UPI,Yes,12.3,Comedy,2.6,1,37,Yes,No
CUST102952,31,Female,India,Basic,190,39,3,Smart TV,PayPal,No,22.4,Drama,4.1,0,87,Yes,No
CUST102953,46,Male,USA,Premium,651,54,2,Mobile,Debit Card,Yes,51.2,Action,4.6,2,87,Yes,No
CUST102954,26,Male,India,Standard,506,48,5,Mobile,Credit Card,Yes,6.4,Comedy,2.9,2,60,Yes,No
CUST102955,73,Male,India,Premium,650,37,4,Mobile,PayPal,Yes,6.6,Comedy,3.1,0,44,No,No
CUST102956,16,Male,Australia,Standard,502,48,1,Mobile,Debit Card,Yes,0.2,Comedy,2.3,0,57,No,No
CUST102957,60,Female,India,Standard,493,4,4,Smart TV,UPI,Yes,16.0,Romance,1.2,1,28,Yes,No
CUST102958,65,Female,Germany,Premium,648,43,4,Mobile,UPI,Yes,0.2,Anime,3.6,1,53,No,No
CUST102959,64,Female,USA,Standard,508,14,5,Mobile,Debit Card,Yes,8.0,Action,1.5,0,33,No,No
CUST102960,58,Male,Mexico,Premium,640,13,4,Smart TV,UPI,Yes,0.8,Thriller,2.4,0,20,Yes,No
CUST102961,39,Female,UK,Premium,642,27,4,Laptop,UPI,No,2.7,Horror,2.4,2,44,No,Yes
CUST102962,41,Female,USA,Standard,500,24,5,Smart TV,UPI,Yes,1.2,Horror,1.6,0,0,Yes,No
CUST102963,59,Female,UK,Standard,499,27,5,Tablet,UPI,Yes,1.2,Drama,3.7,0,9,Yes,No
CUST102964,40,Female,USA,Basic,192,8,3,Smart TV,PayPal,Yes,0.6,Drama,1.7,0,57,Yes,No
CUST102965,47,Male,Canada,Basic,199,53,4,Mobile,UPI,Yes,3.1,Thriller,4.1,0,27,No,No
CUST102966,20,Male,India,Basic,197,52,2,Mobile,Debit Card,Yes,4.4,Comedy,2.0,0,60,No,No
CUST102967,28,Female,Japan,Basic,198,47,1,Smart TV,Credit Card,No,5.0,Horror,2.1,0,29,No,No
CUST102968,54,Male,UK,Basic,194,50,1,Mobile,Credit Card,No,4.6,Documentary,2.4,3,27,No,No
CUST102969,48,Male,USA,Basic,203,39,5,Laptop,Net Banking,No,5.9,Action,1.6,1,28,Yes,No
CUST102970,42,Female,Brazil,Standard,498,21,5,Smart TV,Net Banking,Yes,15.7,Comedy,2.7,0,30,No,No
CUST102971,30,Female,USA,Standard,494,51,3,Smart TV,Credit Card,Yes,8.0,Comedy,1.3,1,67,No,No
CUST102972,14,Female,Mexico,Basic,189,57,4,Mobile,UPI,Yes,0.1,Comedy,2.7,0,82,No,Yes
CUST102973,61,Male,UK,Basic,208,41,5,Smart TV,Credit Card,Yes,1.5,Drama,2.4,1,73,No,No
CUST102974,25,Male,Brazil,Standard,492,11,5,Laptop,Net Banking,No,3.4,Romance,2.4,2,30,No,No
CUST102975,16,Female,India,Standard,502,31,1,Laptop,Credit Card,Yes,23.8,Romance,3.6,0,40,No,No
CUST102976,38,Other,Mexico,Standard,508,27,4,Smart TV,UPI,Yes,0.7,Anime,4.1,0,63,No,No
CUST102977,37,Female,Brazil,Standard,508,42,3,Mobile,Credit Card,Yes,9.9,Romance,2.4,1,41,No,No
CUST102978,42,Female,India,Premium,646,46,5,Mobile,Debit Card,Yes,0.3,Drama,2.0,0,43,No,No
CUST102979,23,Female,India,Standard,499,48,5,Mobile,Debit Card,Yes,3.6,Romance,3.0,0,30,No,No
CUST102980,19,Female,USA,Standard,503,27,5,Smart TV,UPI,Yes,11.8,Documentary,4.2,0,10,No,No
CUST102981,43,Male,Japan,Premium,657,8,1,Mobile,Debit Card,Yes,3.4,Action,3.6,1,35,Yes,Yes
CUST102982,56,Female,USA,Premium,646,33,5,Smart TV,Debit Card,Yes,4.5,Anime,1.2,1,31,No,No
CUST102983,22,Female,UK,Standard,501,12,5,Smart TV,Credit Card,Yes,18.9,Comedy,2.9,0,86,No,No
CUST102984,51,Female,India,Standard,506,35,1,Mobile,UPI,Yes,0.5,Horror,5.0,2,38,No,No
CUST102985,25,Female,USA,Basic,205,34,5,Smart TV,Net Banking,Yes,6.0,Anime,2.4,1,66,No,No
CUST102986,43,Female,Canada,Standard,494,16,4,Smart TV,PayPal,Yes,3.6,Romance,2.8,0,59,Yes,No
CUST102987,19,Male,Japan,Premium,653,36,4,Smart TV,PayPal,No,26.6,Anime,2.1,1,24,No,No
CUST102988,68,Female,UK,Standard,501,2,1,Smart TV,Debit Card,Yes,12.6,Anime,3.0,0,27,No,No
CUST102989,61,Male,Australia,Premium,656,12,4,Smart TV,PayPal,Yes,1.0,Drama,1.6,0,18,Yes,No
CUST102990,54,Female,Canada,Standard,499,27,3,Smart TV,UPI,Yes,21.0,Thriller,2.0,0,82,No,No
CUST102991,73,Male,India,Premium,651,56,5,Smart TV,Credit Card,Yes,1.9,Drama,3.8,1,28,Yes,No
CUST102992,54,Male,USA,Standard,489,17,3,Laptop,Debit Card,Yes,0.7,Comedy,1.6,2,49,No,Yes
CUST102993,68,Male,Canada,Basic,206,20,4,Smart TV,Credit Card,Yes,6.2,Comedy,4.7,0,18,Yes,No
CUST102994,48,Female,Japan,Standard,493,21,1,Laptop,Credit Card,No,10.7,Drama,2.2,0,55,No,No
CUST102995,32,Male,Mexico,Basic,194,30,1,Mobile,Credit Card,Yes,10.1,Horror,3.3,1,17,Yes,No
CUST102996,16,Male,USA,Basic,189,42,3,Laptop,Debit Card,No,6.1,Thriller,2.3,0,44,No,No
CUST102997,66,Female,USA,Premium,645,20,4,Smart TV,Debit Card,No,5.4,Thriller,2.9,2,87,No,No
CUST102998,19,Male,India,Basic,192,8,5,Tablet,UPI,Yes,27.9,Anime,4.6,2,79,No,No
CUST102999,66,Female,France,Premium,647,18,4,Laptop,UPI,Yes,13.7,Comedy,1.3,0,81,No,Yes
CUST103000,13,Female,Mexico,Basic,203,57,4,Smart TV,Net Banking,Yes,9.6,Anime,4.4,0,40,Yes,No
CUST103001,56,Female,Australia,Basic,194,18,1,Smart TV,Credit Card,Yes,1.7,Drama,3.2,1,12,Yes,No
CUST103002,68,Male,USA,Premium,655,18,2,Mobile,Debit Card,No,13.7,Horror,3.7,0,67,Yes,No
CUST103003,57,Female,UK,Standard,508,2,5,Tablet,Net Banking,No,11.1,Action,1.2,1,76,No,Yes
CUST103004,54,Male,UK,Standard,506,12,5,Mobile,Debit Card,No,38.7,Horror,4.0,3,67,Yes,No
CUST103005,59,Male,USA,Standard,492,32,1,Mobile,PayPal,Yes,1.1,Action,1.5,1,82,No,No
CUST103006,71,Male,UK,Standard,497,42,4,Smart TV,UPI,Yes,10.1,Comedy,4.9,0,23,Yes,No
CUST103007,25,Female,India,Premium,652,8,1,Mobile,UPI,No,30.9,Thriller,4.2,1,32,No,Yes
CUST103008,67,Male,India,Standard,491,51,4,Smart TV,Credit Card,Yes,5.0,Action,3.0,1,72,No,No
CUST103009,34,Female,Mexico,Standard,489,10,2,Mobile,Net Banking,Yes,10.6,Drama,4.7,0,54,No,No
CUST103010,66,Female,Brazil,Premium,649,11,2,Smart TV,Credit Card,No,29.6,Anime,1.7,0,2,No,No
CUST103011,33,Female,UK,Basic,189,14,3,Smart TV,Debit Card,Yes,6.3,Documentary,5.0,1,2,No,No
CUST103012,34,Male,UK,Standard,500,26,4,Laptop,UPI,No,9.6,Documentary,3.9,0,29,No,No
CUST103013,40,Other,USA,Premium,647,47,1,Laptop,UPI,Yes,0.2,Thriller,1.4,1,17,No,No
CUST103014,21,Female,Brazil,Standard,493,30,1,Smart TV,Net Banking,No,5.9,Romance,3.1,0,65,No,No
CUST103015,38,Female,Australia,Premium,653,56,1,Tablet,Credit Card,Yes,2.4,Documentary,3.8,1,42,Yes,Yes
CUST103016,21,Male,Brazil,Standard,506,55,3,Smart TV,UPI,Yes,1.1,Drama,3.5,0,72,Yes,Yes
CUST103017,27,Female,Brazil,Premium,647,42,5,Mobile,UPI,No,9.9,Romance,2.7,1,65,Yes,No
CUST103018,22,Male,India,Premium,651,4,1,Laptop,Credit Card,No,0.3,Comedy,2.0,3,83,Yes,No
CUST103019,36,Male,USA,Basic,201,39,2,Laptop,PayPal,Yes,18.8,Comedy,2.0,0,26,Yes,No
CUST103020,70,Male,UK,Basic,201,11,1,Tablet,Debit Card,Yes,5.8,Drama,4.7,0,18,Yes,No
CUST103021,69,Female,USA,Standard,498,24,1,Smart TV,UPI,No,8.4,Comedy,1.9,0,15,No,No
CUST103022,73,Male,Brazil,Standard,498,54,1,Smart TV,Net Banking,Yes,2.3,Drama,4.8,0,25,Yes,No
CUST103023,54,Male,USA,Basic,195,22,5,Mobile,UPI,Yes,1.6,Drama,1.8,0,13,Yes,No
CUST103024,20,Female,India,Basic,193,3,1,Smart TV,PayPal,Yes,2.2,Documentary,2.5,0,46,No,Yes
CUST103025,36,Female,USA,Basic,208,37,5,Smart TV,PayPal,Yes,2.1,Romance,1.0,1,17,Yes,No
CUST103026,28,Male,Japan,Premium,645,58,5,Mobile,UPI,Yes,16.0,Documentary,4.6,1,27,No,No
CUST103027,61,Female,USA,Standard,508,2,3,Mobile,Net Banking,Yes,12.4,Thriller,1.4,1,18,No,No
CUST103028,38,Male,Germany,Standard,498,12,2,Mobile,Debit Card,Yes,15.3,Documentary,2.4,0,29,No,No
CUST103029,39,Male,UK,Basic,198,21,1,Smart TV,PayPal,No,10.6,Comedy,4.4,0,20,No,No
CUST103030,49,Male,India,Standard,501,5,1,Smart TV,Debit Card,No,8.3,Romance,4.2,1,20,No,No
CUST103031,16,Female,UK,Basic,203,7,1,Smart TV,PayPal,No,6.0,Documentary,4.4,0,47,Yes,Yes
CUST103032,62,Male,Brazil,Basic,194,4,5,Mobile,UPI,Yes,2.5,Drama,4.7,0,54,Yes,No
CUST103033,36,Male,UK,Premium,658,43,4,Smart TV,Net Banking,Yes,9.8,Documentary,4.6,0,29,No,No
CUST103034,31,Male,Mexico,Premium,650,54,2,Tablet,Net Banking,Yes,1.2,Horror,4.1,1,41,No,Yes
CUST103035,48,Female,USA,Basic,207,41,1,Smart TV,UPI,Yes,5.7,Comedy,3.3,1,36,Yes,No
CUST103036,72,Male,India,Basic,199,36,4,Tablet,UPI,No,1.7,Thriller,3.2,1,40,Yes,No
CUST103037,51,Male,France,Basic,194,59,4,Mobile,PayPal,No,5.6,Romance,1.1,1,45,No,No
CUST103038,22,Male,USA,Standard,489,22,4,Smart TV,Debit Card,Yes,2.8,Action,3.9,1,85,No,No
CUST103039,37,Male,Canada,Basic,190,29,2,Smart TV,Credit Card,No,0.4,Romance,1.9,1,59,No,No
CUST103040,30,Female,Australia,Basic,203,60,4,Smart TV,Debit Card,Yes,5.6,Drama,4.3,0,87,No,No
CUST103041,31,Female,USA,Basic,192,9,1,Mobile,UPI,Yes,1.6,Comedy,3.2,0,73,No,No
CUST103042,48,Male,Brazil,Premium,643,26,1,Mobile,Debit Card,Yes,1.4,Comedy,4.9,1,87,Yes,No
CUST103043,22,Male,India,Standard,503,12,3,Mobile,Debit Card,No,3.9,Anime,1.8,1,0,No,No
CUST103044,45,Male,USA,Standard,499,48,5,Mobile,Credit Card,Yes,3.6,Action,3.9,0,53,Yes,No
CUST103045,67,Male,India,Standard,498,1,4,Laptop,Debit Card,Yes,16.1,Thriller,3.2,1,34,No,No
CUST103046,62,Male,Australia,Premium,655,8,5,Mobile,Credit Card,Yes,6.7,Horror,4.7,0,15,Yes,No
CUST103047,17,Female,USA,Premium,640,33,5,Smart TV,Debit Card,No,15.4,Drama,2.1,0,4,Yes,No
CUST103048,59,Other,Brazil,Basic,208,52,5,Laptop,Debit Card,Yes,1.3,Thriller,1.2,0,30,No,No
CUST103049,61,Other,France,Basic,198,51,5,Laptop,UPI,Yes,3.5,Horror,3.2,0,36,No,No
CUST103050,47,Female,Canada,Standard,508,4,5,Gaming Console,Debit Card,Yes,6.5,Action,3.1,0,24,No,No
CUST103051,56,Female,Canada,Basic,191,14,1,Smart TV,Net Banking,Yes,1.3,Drama,2.2,0,61,No,No
CUST103052,46,Female,UK,Standard,507,55,2,Laptop,UPI,No,1.1,Documentary,4.9,0,24,No,No
CUST103053,45,Male,USA,Standard,493,29,4,Tablet,Credit Card,Yes,8.7,Thriller,1.3,0,66,Yes,No
CUST103054,67,Female,UK,Standard,491,14,4,Mobile,Debit Card,Yes,8.5,Documentary,3.3,0,37,No,No
CUST103055,33,Male,Germany,Basic,196,9,1,Mobile,PayPal,Yes,2.1,Drama,2.0,0,47,No,No
CUST103056,29,Female,Japan,Standard,493,9,1,Gaming Console,Credit Card,Yes,2.1,Action,1.0,0,83,Yes,No
CUST103057,34,Female,France,Premium,650,26,5,Gaming Console,Net Banking,No,10.9,Horror,5.0,1,63,No,Yes
CUST103058,60,Male,Mexico,Basic,202,49,2,Mobile,Debit Card,No,1.0,Documentary,2.9,1,1,Yes,No
CUST103059,49,Male,Mexico,Standard,495,47,4,Mobile,UPI,Yes,20.5,Horror,4.4,0,63,No,Yes
CUST103060,27,Female,UK,Basic,199,42,3,Laptop,Net Banking,Yes,23.0,Horror,4.4,0,68,No,No
CUST103061,47,Male,Germany,Basic,196,17,1,Smart TV,UPI,Yes,16.4,Documentary,4.2,0,82,Yes,No
CUST103062,40,Female,Mexico,Standard,493,41,3,Smart TV,Net Banking,Yes,1.9,Comedy,2.8,0,19,No,No
CUST103063,19,Female,USA,Basic,196,4,4,Gaming Console,Net Banking,Yes,0.1,Drama,4.6,1,85,No,No
CUST103064,44,Female,Japan,Basic,200,60,1,Laptop,Net Banking,Yes,22.1,Romance,2.5,0,10,No,No
CUST103065,23,Female,USA,Basic,203,46,4,Tablet,PayPal,Yes,3.4,Action,2.6,0,81,No,No
CUST103066,22,Male,Germany,Standard,507,3,1,Mobile,Debit Card,Yes,3.0,Horror,2.0,1,30,No,No
CUST103067,21,Male,Brazil,Standard,504,29,4,Mobile,Debit Card,Yes,2.4,Comedy,2.8,0,34,No,No
CUST103068,26,Female,Japan,Basic,202,25,3,Gaming Console,Debit Card,Yes,2.2,Thriller,4.9,0,43,Yes,No
CUST103069,25,Female,USA,Standard,495,21,2,Smart TV,Net Banking,Yes,10.6,Action,3.3,1,54,No,No
CUST103070,73,Female,Brazil,Basic,196,12,1,Laptop,Debit Card,No,19.1,Anime,4.3,0,44,No,No
CUST103071,69,Male,Canada,Standard,495,54,3,Mobile,Credit Card,Yes,12.3,Comedy,2.1,1,20,Yes,No
CUST103072,74,Male,USA,Standard,506,1,4,Smart TV,PayPal,Yes,9.0,Anime,4.8,2,51,Yes,Yes
CUST103073,37,Other,Australia,Standard,494,1,3,Smart TV,Debit Card,Yes,2.7,Thriller,1.1,0,19,Yes,No
CUST103074,14,Male,Canada,Premium,657,45,1,Mobile,UPI,Yes,6.3,Anime,4.7,1,8,Yes,No
CUST103075,47,Female,Germany,Premium,642,46,3,Mobile,Net Banking,Yes,2.2,Action,4.6,1,8,Yes,No
CUST103076,19,Male,USA,Basic,191,48,4,Smart TV,UPI,No,0.9,Comedy,1.3,0,57,Yes,No
CUST103077,33,Female,UK,Premium,655,7,5,Mobile,UPI,Yes,1.0,Action,3.4,1,70,No,No
CUST103078,30,Female,Germany,Basic,207,10,2,Mobile,UPI,No,7.4,Documentary,4.1,0,32,No,No
CUST103079,15,Female,USA,Premium,653,15,2,Laptop,UPI,Yes,0.3,Horror,2.6,1,0,No,No
CUST103080,54,Male,India,Basic,194,40,5,Smart TV,Credit Card,Yes,29.0,Comedy,1.4,1,82,No,No
CUST103081,66,Female,Japan,Standard,500,11,1,Laptop,UPI,No,43.2,Documentary,4.3,1,2,No,No
CUST103082,73,Female,UK,Basic,207,56,3,Smart TV,Credit Card,Yes,1.3,Comedy,2.9,0,38,No,No
CUST103083,51,Male,Brazil,Basic,194,46,3,Smart TV,UPI,Yes,4.5,Documentary,2.1,0,11,Yes,No
CUST103084,53,Female,USA,Standard,499,45,5,Smart TV,UPI,No,11.7,Anime,1.3,0,15,No,No
CUST103085,61,Female,USA,Premium,658,23,5,Laptop,Debit Card,No,24.8,Drama,3.6,1,76,No,Yes
CUST103086,23,Female,USA,Standard,508,13,4,Smart TV,UPI,Yes,17.8,Documentary,1.2,1,49,No,No
CUST103087,51,Female,USA,Standard,498,27,4,Smart TV,UPI,Yes,2.4,Drama,4.2,0,87,No,No
CUST103088,36,Male,Canada,Premium,654,41,2,Smart TV,Debit Card,Yes,0.7,Horror,4.1,0,80,No,No
CUST103089,72,Male,Canada,Basic,206,17,1,Tablet,Debit Card,Yes,2.7,Romance,2.3,1,26,Yes,No
CUST103090,58,Male,UK,Basic,202,50,1,Tablet,PayPal,No,4.6,Action,2.9,0,28,Yes,No
CUST103091,31,Female,India,Basic,192,51,5,Smart TV,PayPal,No,3.6,Anime,3.7,0,77,No,No
CUST103092,16,Female,UK,Standard,500,13,2,Smart TV,UPI,No,11.9,Thriller,4.8,1,68,No,No
CUST103093,38,Female,India,Basic,208,12,2,Tablet,PayPal,No,2.4,Thriller,3.1,0,51,No,No
CUST103094,50,Male,India,Basic,196,29,4,Smart TV,UPI,Yes,15.7,Thriller,5.0,1,5,No,No
CUST103095,54,Male,France,Basic,195,21,3,Smart TV,Net Banking,Yes,2.0,Drama,2.3,0,23,Yes,No
CUST103096,44,Female,Germany,Basic,197,20,1,Smart TV,Debit Card,Yes,3.6,Thriller,3.1,1,39,Yes,Yes
CUST103097,51,Male,Germany,Premium,655,20,2,Gaming Console,Net Banking,Yes,4.8,Thriller,1.5,0,32,Yes,No
CUST103098,57,Male,USA,Basic,198,31,4,Laptop,UPI,Yes,2.8,Documentary,3.2,0,8,No,No
CUST103099,58,Female,France,Standard,491,8,4,Smart TV,UPI,Yes,11.6,Romance,3.1,0,48,No,No
CUST103100,48,Male,Germany,Standard,496,24,4,Smart TV,UPI,Yes,4.2,Horror,4.4,1,66,Yes,No
CUST103101,52,Male,Brazil,Standard,502,11,3,Gaming Console,Debit Card,No,17.4,Thriller,5.0,0,22,No,No
CUST103102,49,Male,USA,Basic,195,39,2,Mobile,PayPal,Yes,26.5,Drama,4.9,1,84,Yes,Yes
CUST103103,45,Male,Japan,Basic,204,33,5,Mobile,Debit Card,Yes,15.7,Documentary,1.9,1,21,No,No
CUST103104,48,Other,Australia,Basic,206,42,5,Smart TV,Debit Card,Yes,5.9,Drama,2.4,0,71,No,Yes
CUST103105,15,Male,Mexico,Standard,499,15,4,Laptop,UPI,Yes,5.7,Comedy,2.1,0,83,Yes,No
CUST103106,21,Male,India,Basic,194,4,4,Smart TV,Debit Card,No,1.9,Thriller,1.8,2,77,No,Yes
CUST103107,20,Male,USA,Standard,508,1,3,Laptop,Credit Card,Yes,7.2,Horror,1.6,0,7,No,No
CUST103108,45,Female,USA,Standard,502,32,4,Smart TV,Net Banking,No,24.4,Drama,3.0,0,18,Yes,No
CUST103109,71,Male,USA,Standard,501,11,2,Smart TV,Net Banking,Yes,0.7,Drama,4.5,0,37,Yes,No
CUST103110,18,Female,Mexico,Standard,492,30,4,Mobile,UPI,Yes,11.2,Horror,3.4,0,5,Yes,No
CUST103111,53,Male,India,Standard,508,37,4,Laptop,PayPal,Yes,16.3,Horror,4.5,1,51,No,No
CUST103112,51,Male,India,Premium,658,19,2,Mobile,Net Banking,Yes,34.6,Horror,4.8,0,33,Yes,No
CUST103113,16,Male,USA,Basic,199,51,1,Smart TV,UPI,Yes,3.3,Documentary,2.5,0,73,Yes,No
CUST103114,25,Female,India,Standard,506,36,5,Mobile,Net Banking,Yes,3.5,Comedy,4.3,0,10,No,No
CUST103115,61,Female,USA,Premium,639,34,4,Laptop,Debit Card,Yes,2.1,Comedy,1.2,0,42,Yes,No
CUST103116,72,Male,Australia,Standard,500,7,2,Laptop,PayPal,Yes,12.4,Thriller,2.9,0,34,No,Yes
CUST103117,14,Female,Canada,Basic,206,60,5,Mobile,Credit Card,No,1.2,Anime,2.5,2,10,No,No
CUST103118,72,Female,India,Standard,495,45,3,Smart TV,PayPal,Yes,2.5,Romance,1.8,1,39,Yes,Yes
CUST103119,17,Male,UK,Basic,200,20,1,Mobile,PayPal,No,2.8,Action,2.8,0,31,No,Yes
CUST103120,56,Female,USA,Basic,189,53,4,Smart TV,Debit Card,Yes,3.8,Action,2.8,0,48,No,Yes
CUST103121,39,Male,India,Basic,192,12,1,Tablet,UPI,Yes,4.4,Horror,4.2,0,89,No,No
CUST103122,44,Female,Germany,Basic,206,32,4,Mobile,Net Banking,Yes,6.6,Documentary,4.5,2,85,No,No
CUST103123,33,Female,Brazil,Standard,503,2,4,Mobile,Net Banking,Yes,23.7,Anime,3.6,1,56,No,No
CUST103124,20,Female,Brazil,Premium,641,22,4,Smart TV,Credit Card,Yes,2.3,Thriller,3.5,1,64,No,Yes
CUST103125,50,Female,Brazil,Basic,195,41,1,Smart TV,PayPal,Yes,12.1,Documentary,1.4,0,47,Yes,Yes
CUST103126,20,Male,India,Premium,644,48,3,Mobile,Debit Card,Yes,9.0,Romance,3.3,0,51,No,No
CUST103127,62,Female,Japan,Premium,653,40,2,Smart TV,PayPal,Yes,1.0,Thriller,2.1,1,38,No,No
CUST103128,15,Male,Australia,Premium,653,24,2,Tablet,Debit Card,Yes,13.3,Comedy,2.2,0,85,Yes,No
CUST103129,66,Male,France,Premium,644,50,3,Mobile,Credit Card,Yes,0.8,Horror,1.4,1,53,Yes,No
CUST103130,56,Female,India,Standard,496,31,3,Smart TV,Credit Card,Yes,10.7,Action,3.5,2,24,No,No
CUST103131,73,Female,France,Basic,196,4,4,Smart TV,Debit Card,Yes,10.1,Drama,3.3,0,44,Yes,Yes
CUST103132,70,Female,Australia,Standard,489,24,4,Laptop,PayPal,Yes,9.4,Action,1.9,1,28,No,No
CUST103133,15,Male,Mexico,Standard,501,43,2,Smart TV,Credit Card,No,2.6,Thriller,2.1,0,31,No,Yes
CUST103134,34,Female,India,Premium,651,17,4,Mobile,PayPal,Yes,6.8,Horror,4.1,0,81,No,No
CUST103135,18,Female,Brazil,Premium,649,40,4,Mobile,Net Banking,No,11.5,Anime,4.2,0,66,No,No
CUST103136,14,Male,Japan,Standard,492,19,3,Smart TV,PayPal,Yes,8.1,Horror,3.0,0,11,No,No
CUST103137,35,Male,Germany,Basic,195,40,1,Laptop,UPI,Yes,13.0,Romance,1.6,0,57,No,Yes
CUST103138,56,Male,Canada,Basic,200,38,5,Laptop,UPI,No,9.3,Action,1.2,0,19,Yes,No
CUST103139,14,Male,France,Basic,201,55,5,Gaming Console,Credit Card,No,2.6,Drama,2.1,0,49,No,No
CUST103140,50,Other,UK,Standard,500,34,4,Mobile,Credit Card,Yes,1.3,Comedy,3.9,0,7,No,No
CUST103141,29,Female,Canada,Standard,504,47,4,Mobile,Net Banking,Yes,8.0,Comedy,3.4,0,30,No,No
CUST103142,47,Female,UK,Premium,644,33,5,Smart TV,Credit Card,Yes,11.4,Thriller,3.9,2,23,Yes,No
CUST103143,46,Other,France,Standard,502,6,3,Mobile,Net Banking,Yes,1.2,Action,2.9,2,12,No,No
CUST103144,35,Male,India,Premium,657,60,5,Smart TV,Credit Card,Yes,1.5,Thriller,4.0,2,71,No,No
CUST103145,42,Female,UK,Standard,504,51,5,Laptop,Credit Card,No,0.1,Action,2.9,0,41,Yes,No
CUST103146,64,Male,Brazil,Premium,642,36,5,Smart TV,Credit Card,No,6.1,Anime,1.3,1,77,No,No
CUST103147,20,Female,Australia,Basic,193,13,4,Mobile,PayPal,No,6.3,Documentary,1.3,0,78,Yes,No
CUST103148,34,Male,Canada,Premium,647,47,4,Smart TV,UPI,Yes,5.5,Thriller,4.3,0,84,No,No
CUST103149,56,Female,France,Standard,491,9,5,Mobile,Credit Card,Yes,3.0,Action,3.5,0,78,No,No
CUST103150,70,Male,France,Basic,198,35,4,Mobile,UPI,Yes,4.5,Documentary,2.1,1,25,No,No
CUST103151,48,Male,India,Basic,205,34,5,Mobile,Net Banking,Yes,11.6,Anime,4.0,0,37,No,No
CUST103152,17,Female,USA,Premium,657,16,3,Tablet,UPI,Yes,1.6,Thriller,1.5,3,37,No,No
CUST103153,25,Male,India,Basic,198,18,4,Laptop,Credit Card,Yes,1.8,Anime,3.6,1,54,Yes,Yes
CUST103154,41,Female,USA,Standard,500,18,1,Smart TV,Credit Card,Yes,8.8,Comedy,5.0,1,9,Yes,No
CUST103155,43,Male,Canada,Basic,195,38,4,Mobile,PayPal,No,16.1,Horror,1.6,2,82,No,Yes
CUST103156,59,Female,France,Standard,506,50,3,Mobile,UPI,No,3.3,Romance,1.6,0,10,No,No
CUST103157,69,Male,Mexico,Premium,657,43,3,Laptop,Net Banking,No,21.6,Documentary,2.9,2,2,No,No
CUST103158,67,Male,India,Standard,503,32,4,Laptop,UPI,No,0.5,Anime,3.6,0,22,Yes,Yes
CUST103159,28,Male,India,Standard,495,7,2,Smart TV,Credit Card,No,1.0,Thriller,1.1,1,61,No,No
CUST103160,54,Male,Canada,Premium,650,23,5,Laptop,Debit Card,Yes,4.9,Drama,3.0,0,69,No,No
CUST103161,74,Male,Canada,Premium,645,23,5,Smart TV,UPI,Yes,10.3,Romance,1.3,1,40,No,No
CUST103162,42,Male,USA,Premium,648,46,3,Laptop,Debit Card,Yes,3.7,Comedy,2.0,0,40,No,Yes
CUST103163,69,Male,Mexico,Standard,508,18,4,Smart TV,Net Banking,Yes,6.5,Romance,3.8,0,3,No,No
CUST103164,67,Male,France,Basic,198,7,2,Smart TV,Debit Card,No,0.2,Romance,4.0,1,2,No,No
CUST103165,28,Female,USA,Standard,493,42,1,Tablet,UPI,Yes,5.0,Documentary,3.9,0,83,Yes,No
CUST103166,24,Female,Mexico,Standard,506,40,5,Mobile,Credit Card,Yes,2.2,Action,1.3,0,50,No,No
CUST103167,29,Male,USA,Basic,197,24,2,Gaming Console,Credit Card,Yes,5.8,Drama,4.1,0,54,No,No
CUST103168,28,Female,Brazil,Basic,204,14,5,Smart TV,UPI,Yes,6.0,Action,2.7,0,62,No,No
CUST103169,24,Female,UK,Basic,195,50,4,Mobile,UPI,Yes,11.2,Horror,2.9,0,48,No,Yes
CUST103170,20,Male,India,Standard,498,5,5,Laptop,Credit Card,No,6.2,Romance,2.7,0,71,No,No
CUST103171,32,Female,France,Premium,643,46,1,Smart TV,Debit Card,Yes,7.6,Drama,4.4,0,69,No,Yes
CUST103172,15,Male,UK,Basic,195,54,4,Smart TV,UPI,Yes,6.0,Thriller,3.7,0,68,Yes,Yes
CUST103173,28,Female,Brazil,Standard,493,57,3,Smart TV,PayPal,Yes,37.1,Anime,3.0,2,7,Yes,No
CUST103174,42,Male,USA,Premium,653,22,2,Gaming Console,Debit Card,Yes,12.5,Horror,4.3,2,7,Yes,No
CUST103175,57,Female,India,Basic,207,58,5,Laptop,UPI,Yes,11.3,Thriller,4.2,0,18,No,No
CUST103176,35,Female,India,Standard,498,22,4,Mobile,Debit Card,Yes,7.9,Action,1.0,1,73,No,No
CUST103177,40,Male,UK,Premium,646,10,4,Smart TV,UPI,Yes,6.0,Horror,2.9,1,54,Yes,No
CUST103178,63,Male,Brazil,Premium,647,26,5,Smart TV,UPI,Yes,3.4,Romance,1.2,2,72,No,Yes
CUST103179,52,Other,USA,Basic,199,15,3,Mobile,Credit Card,Yes,12.3,Action,2.2,0,71,No,No
CUST103180,66,Male,Brazil,Basic,190,38,5,Gaming Console,UPI,Yes,1.7,Action,4.2,0,7,Yes,No
CUST103181,17,Female,Brazil,Basic,191,41,3,Laptop,Debit Card,No,0.3,Documentary,4.8,0,56,Yes,No
CUST103182,32,Female,Brazil,Standard,501,42,5,Mobile,Credit Card,Yes,9.6,Horror,2.0,1,71,No,No
CUST103183,52,Female,UK,Standard,499,55,4,Mobile,UPI,No,1.3,Romance,1.1,1,83,Yes,No
CUST103184,68,Female,France,Standard,498,49,1,Gaming Console,UPI,No,18.7,Comedy,2.6,0,6,No,No
CUST103185,56,Female,UK,Basic,203,1,1,Mobile,PayPal,Yes,11.8,Action,2.3,1,45,Yes,No
CUST103186,13,Female,UK,Basic,194,14,4,Gaming Console,Credit Card,No,7.4,Thriller,3.7,0,21,No,No
CUST103187,69,Male,India,Standard,489,36,1,Smart TV,PayPal,Yes,3.0,Anime,3.0,1,80,No,Yes
CUST103188,42,Male,USA,Standard,502,31,3,Laptop,Credit Card,Yes,8.1,Romance,2.6,1,43,No,No
CUST103189,33,Male,India,Standard,506,28,4,Mobile,Credit Card,Yes,5.2,Romance,1.9,0,4,No,No
CUST103190,32,Other,Germany,Standard,499,34,3,Laptop,UPI,Yes,2.8,Romance,4.3,0,24,No,No
CUST103191,18,Female,USA,Basic,196,35,4,Mobile,UPI,Yes,23.2,Anime,2.0,1,46,No,Yes
CUST103192,34,Male,USA,Basic,191,60,3,Smart TV,Net Banking,Yes,1.4,Thriller,1.2,1,42,Yes,Yes
CUST103193,30,Female,Australia,Basic,202,39,3,Smart TV,UPI,Yes,11.2,Horror,3.3,0,14,No,No
CUST103194,20,Female,USA,Basic,190,23,1,Tablet,Debit Card,No,12.9,Action,2.3,0,63,No,No
CUST103195,51,Male,USA,Basic,204,46,4,Smart TV,Net Banking,Yes,24.3,Romance,3.8,1,30,No,No
CUST103196,44,Female,India,Basic,194,44,5,Gaming Console,Debit Card,Yes,6.4,Horror,1.3,0,82,No,No
CUST103197,45,Male,Australia,Basic,189,19,1,Laptop,Debit Card,No,6.1,Romance,4.9,0,43,No,No
CUST103198,65,Female,India,Basic,202,18,3,Mobile,UPI,Yes,20.2,Anime,1.7,1,46,No,No
CUST103199,28,Male,UK,Standard,498,15,3,Tablet,Net Banking,Yes,12.9,Horror,2.4,1,11,No,No
CUST103200,24,Female,UK,Basic,194,1,5,Laptop,PayPal,Yes,11.5,Horror,2.9,0,63,No,Yes
CUST103201,50,Female,Brazil,Standard,497,25,5,Mobile,UPI,Yes,12.5,Action,4.6,2,22,No,No
CUST103202,64,Male,Germany,Standard,495,26,3,Smart TV,PayPal,Yes,5.4,Anime,3.9,0,49,No,No
CUST103203,46,Other,Australia,Standard,490,35,5,Tablet,UPI,No,0.3,Thriller,1.6,1,86,No,No
CUST103204,73,Female,India,Premium,649,57,2,Laptop,PayPal,Yes,1.8,Documentary,2.8,1,35,No,Yes
CUST103205,26,Male,USA,Basic,202,15,1,Laptop,Credit Card,No,8.2,Romance,3.2,2,10,No,Yes
CUST103206,48,Male,USA,Standard,493,4,4,Laptop,Credit Card,No,4.0,Drama,3.8,0,85,Yes,No
CUST103207,45,Female,India,Premium,647,15,5,Smart TV,Debit Card,Yes,7.5,Thriller,3.3,0,46,No,Yes
CUST103208,35,Male,USA,Premium,645,42,5,Tablet,Net Banking,Yes,6.4,Drama,2.8,2,55,Yes,No
CUST103209,62,Male,USA,Basic,202,38,2,Smart TV,PayPal,No,4.6,Action,4.1,0,68,No,Yes
CUST103210,57,Male,Canada,Basic,204,45,4,Smart TV,UPI,Yes,2.1,Comedy,2.5,0,36,No,No
CUST103211,14,Male,Germany,Basic,204,39,2,Smart TV,Credit Card,No,10.2,Action,4.9,0,83,No,No
CUST103212,53,Female,USA,Standard,495,58,4,Smart TV,Credit Card,Yes,19.2,Anime,4.8,0,9,No,No
CUST103213,33,Male,Brazil,Standard,498,54,1,Mobile,PayPal,No,11.8,Action,3.8,0,55,Yes,No
CUST103214,14,Male,USA,Basic,194,1,5,Smart TV,Credit Card,Yes,1.0,Action,4.5,0,85,No,No
CUST103215,39,Male,USA,Standard,505,22,1,Smart TV,PayPal,No,6.2,Romance,2.6,1,41,No,No
CUST103216,69,Male,Canada,Standard,489,11,4,Smart TV,Credit Card,Yes,14.4,Thriller,3.3,1,29,No,No
CUST103217,21,Female,India,Standard,490,46,5,Laptop,UPI,Yes,7.2,Thriller,2.1,2,21,No,No
CUST103218,13,Male,India,Premium,652,38,2,Mobile,UPI,Yes,4.6,Comedy,4.5,0,54,No,Yes
CUST103219,23,Other,USA,Premium,642,37,3,Mobile,PayPal,Yes,2.7,Anime,2.9,1,37,No,No
CUST103220,15,Female,France,Basic,197,51,2,Laptop,Debit Card,Yes,3.2,Drama,3.1,0,55,No,No
CUST103221,64,Male,Brazil,Standard,494,26,3,Mobile,UPI,Yes,2.2,Horror,4.5,2,70,No,No
CUST103222,74,Female,India,Basic,205,51,2,Smart TV,UPI,No,1.7,Anime,4.2,1,35,Yes,Yes
CUST103223,35,Male,Mexico,Standard,499,27,4,Gaming Console,Net Banking,Yes,7.1,Drama,2.3,1,77,No,No
CUST103224,38,Female,Brazil,Premium,642,58,1,Smart TV,UPI,Yes,5.7,Drama,1.3,0,10,No,No
CUST103225,16,Other,Germany,Premium,647,13,3,Smart TV,Credit Card,Yes,10.6,Action,1.6,1,6,Yes,No
CUST103226,30,Male,Australia,Standard,504,7,4,Mobile,UPI,No,2.9,Comedy,2.4,2,81,No,No
CUST103227,67,Male,USA,Basic,191,8,1,Laptop,UPI,Yes,4.9,Action,2.2,1,33,No,No
CUST103228,18,Female,USA,Basic,192,46,1,Laptop,PayPal,Yes,9.1,Comedy,1.2,0,62,No,No
CUST103229,47,Male,UK,Standard,491,51,5,Smart TV,Credit Card,Yes,26.4,Documentary,2.7,1,1,No,No
CUST103230,34,Male,Canada,Basic,201,51,5,Laptop,Debit Card,No,3.4,Thriller,1.4,0,61,No,No
CUST103231,55,Male,Canada,Standard,507,23,5,Laptop,Net Banking,Yes,2.8,Romance,1.9,1,6,Yes,No
CUST103232,27,Male,Canada,Basic,189,26,3,Smart TV,Net Banking,Yes,4.8,Romance,4.1,1,42,Yes,No
CUST103233,34,Female,France,Basic,194,44,3,Smart TV,Debit Card,No,10.3,Romance,3.0,2,17,Yes,No
CUST103234,72,Male,France,Basic,191,55,1,Laptop,Credit Card,Yes,26.1,Horror,2.5,3,19,No,No
CUST103235,49,Male,Mexico,Premium,641,27,3,Smart TV,Debit Card,No,6.2,Action,1.7,1,6,No,No
CUST103236,64,Female,Australia,Standard,504,9,1,Smart TV,Credit Card,Yes,13.4,Documentary,4.5,1,85,No,Yes
CUST103237,54,Male,France,Basic,198,46,4,Smart TV,Debit Card,Yes,5.0,Drama,4.6,0,51,No,No
CUST103238,24,Male,India,Basic,205,38,2,Smart TV,Debit Card,Yes,0.3,Romance,3.1,0,36,No,Yes
CUST103239,59,Female,USA,Standard,495,47,1,Smart TV,PayPal,No,18.0,Documentary,4.7,1,45,No,No
CUST103240,61,Male,UK,Basic,201,13,1,Smart TV,Credit Card,Yes,2.7,Romance,2.9,1,41,No,No
CUST103241,54,Female,Mexico,Standard,499,7,4,Smart TV,UPI,Yes,1.2,Thriller,1.4,0,59,No,No
CUST103242,50,Female,UK,Premium,648,11,5,Tablet,UPI,Yes,44.5,Romance,1.1,0,79,No,No
CUST103243,30,Male,Brazil,Standard,495,10,5,Smart TV,UPI,Yes,3.4,Thriller,1.5,0,77,No,No
CUST103244,57,Female,India,Standard,494,33,5,Mobile,UPI,Yes,1.2,Romance,3.5,0,31,No,Yes
CUST103245,47,Male,USA,Standard,489,39,1,Gaming Console,UPI,No,3.0,Romance,2.3,1,37,Yes,Yes
CUST103246,42,Male,Brazil,Premium,655,50,1,Tablet,PayPal,Yes,5.8,Thriller,3.6,1,38,No,Yes
CUST103247,36,Female,India,Premium,650,55,3,Smart TV,PayPal,Yes,0.7,Anime,3.0,0,25,No,No
CUST103248,54,Female,USA,Standard,492,3,3,Smart TV,Credit Card,Yes,3.5,Horror,2.3,0,29,No,No
CUST103249,42,Male,USA,Basic,191,41,2,Mobile,Credit Card,Yes,8.8,Romance,1.9,1,40,No,No
CUST103250,26,Female,USA,Standard,494,29,2,Tablet,PayPal,No,19.8,Documentary,1.3,0,8,No,No
CUST103251,18,Female,Brazil,Basic,204,37,3,Smart TV,UPI,Yes,4.1,Anime,4.1,0,31,No,No
CUST103252,15,Other,USA,Standard,501,55,1,Mobile,Net Banking,No,6.7,Drama,4.3,1,55,No,No
CUST103253,28,Female,Canada,Standard,497,56,4,Laptop,Debit Card,No,8.1,Action,3.2,0,52,No,Yes
CUST103254,19,Male,India,Basic,199,45,3,Mobile,Credit Card,No,0.6,Romance,1.6,1,6,Yes,No
CUST103255,64,Male,Australia,Basic,208,16,1,Laptop,UPI,Yes,3.4,Anime,2.1,1,75,No,Yes
CUST103256,26,Female,USA,Standard,501,16,3,Laptop,Debit Card,No,9.2,Drama,4.8,1,22,No,No
CUST103257,21,Male,Germany,Premium,657,44,5,Smart TV,UPI,No,10.6,Horror,1.9,1,80,Yes,Yes
CUST103258,27,Female,Brazil,Standard,491,50,3,Mobile,PayPal,Yes,3.5,Anime,1.2,0,51,No,No
CUST103259,33,Male,India,Standard,500,43,5,Mobile,UPI,Yes,0.1,Anime,3.2,0,20,Yes,No
CUST103260,47,Male,Mexico,Basic,207,49,1,Laptop,Credit Card,Yes,0.1,Comedy,2.0,0,75,Yes,No
CUST103261,14,Male,Germany,Standard,496,7,5,Laptop,PayPal,No,6.2,Comedy,4.8,2,85,No,Yes
CUST103262,39,Other,UK,Standard,502,15,3,Laptop,UPI,Yes,6.4,Action,3.3,0,22,No,No
CUST103263,14,Male,India,Standard,497,38,5,Smart TV,UPI,Yes,6.5,Romance,4.9,0,68,No,No
CUST103264,47,Female,France,Basic,205,6,4,Laptop,UPI,Yes,10.2,Romance,4.1,0,17,No,No
CUST103265,30,Male,Brazil,Standard,494,18,5,Mobile,UPI,Yes,20.3,Thriller,3.9,0,36,No,No
CUST103266,26,Male,India,Basic,192,19,5,Mobile,UPI,Yes,37.0,Action,4.3,0,6,Yes,No
CUST103267,32,Male,USA,Basic,192,52,2,Mobile,UPI,No,9.7,Documentary,3.4,0,60,No,Yes
CUST103268,30,Female,Australia,Premium,657,51,4,Laptop,PayPal,Yes,5.8,Horror,1.0,4,2,Yes,No
CUST103269,22,Male,Brazil,Basic,200,2,1,Laptop,Credit Card,No,1.2,Romance,2.6,0,0,No,No
CUST103270,37,Male,Brazil,Basic,190,3,5,Mobile,UPI,Yes,3.9,Thriller,1.9,1,59,No,Yes
CUST103271,14,Male,UK,Standard,505,46,4,Tablet,UPI,No,6.8,Action,2.7,0,5,No,No
CUST103272,37,Male,Brazil,Premium,653,54,1,Smart TV,Credit Card,Yes,60.0,Action,2.9,1,70,Yes,No
CUST103273,73,Other,USA,Standard,498,25,4,Smart TV,PayPal,Yes,1.1,Anime,1.5,0,57,No,Yes
CUST103274,66,Female,India,Standard,491,36,2,Mobile,Debit Card,No,12.6,Documentary,1.1,0,30,No,Yes
CUST103275,45,Male,Germany,Premium,658,54,1,Gaming Console,Credit Card,No,54.8,Documentary,1.6,1,7,Yes,No
CUST103276,48,Female,Japan,Basic,192,49,1,Smart TV,UPI,Yes,13.1,Drama,4.4,0,77,Yes,No
CUST103277,43,Female,USA,Standard,489,28,5,Smart TV,Credit Card,Yes,11.7,Comedy,4.0,1,14,No,No
CUST103278,26,Male,UK,Standard,489,38,3,Tablet,PayPal,Yes,2.4,Action,4.2,2,6,No,No
CUST103279,13,Female,Germany,Premium,656,28,1,Tablet,UPI,No,0.0,Anime,2.1,1,6,No,Yes
CUST103280,58,Female,Canada,Basic,192,32,1,Tablet,Debit Card,Yes,2.0,Drama,1.9,3,32,No,No
CUST103281,28,Male,Mexico,Basic,203,51,2,Smart TV,Net Banking,Yes,12.5,Thriller,1.1,0,40,No,Yes
CUST103282,66,Male,Brazil,Standard,498,41,2,Laptop,Debit Card,Yes,0.9,Thriller,2.9,1,56,No,No
CUST103283,58,Other,India,Standard,505,36,2,Mobile,UPI,Yes,2.8,Comedy,2.5,0,6,No,No
CUST103284,73,Female,Japan,Standard,500,39,5,Mobile,PayPal,Yes,6.6,Thriller,4.3,2,58,Yes,No
CUST103285,64,Male,Brazil,Standard,508,36,1,Smart TV,UPI,Yes,6.9,Comedy,3.7,2,19,No,No
CUST103286,15,Male,Mexico,Basic,200,43,2,Laptop,Net Banking,Yes,6.3,Thriller,1.6,0,70,No,Yes
CUST103287,47,Male,Germany,Standard,504,54,2,Smart TV,PayPal,Yes,31.7,Horror,4.9,1,49,Yes,No
CUST103288,53,Female,Mexico,Standard,493,23,4,Smart TV,Net Banking,No,0.1,Thriller,4.1,2,13,No,No
CUST103289,18,Female,India,Premium,654,2,4,Mobile,Debit Card,Yes,5.3,Action,3.9,0,14,No,No
CUST103290,37,Other,USA,Basic,205,10,2,Smart TV,UPI,Yes,5.6,Documentary,1.9,0,81,No,No
CUST103291,25,Male,Mexico,Premium,653,6,5,Smart TV,PayPal,Yes,2.8,Action,4.6,0,9,No,No
CUST103292,65,Female,India,Standard,501,8,3,Mobile,Net Banking,Yes,6.0,Drama,2.9,2,64,No,No
CUST103293,46,Female,India,Basic,196,15,4,Laptop,Net Banking,No,8.9,Horror,2.2,0,54,Yes,No
CUST103294,20,Male,Australia,Standard,490,45,4,Smart TV,Net Banking,Yes,8.9,Documentary,3.6,2,27,No,No
CUST103295,33,Male,Mexico,Basic,196,29,1,Laptop,PayPal,Yes,0.7,Action,1.8,0,47,Yes,No
CUST103296,46,Other,India,Premium,648,28,1,Laptop,Credit Card,Yes,13.0,Documentary,4.6,1,2,No,No
CUST103297,16,Female,Mexico,Premium,645,22,2,Laptop,Debit Card,No,21.4,Documentary,4.4,1,59,No,No
CUST103298,37,Female,Brazil,Basic,198,34,1,Mobile,Credit Card,Yes,1.1,Documentary,2.9,1,2,Yes,No
CUST103299,27,Female,Canada,Basic,192,20,1,Laptop,Credit Card,Yes,4.3,Thriller,1.8,0,74,No,No
CUST103300,16,Male,Mexico,Standard,499,33,3,Smart TV,Debit Card,No,5.7,Documentary,3.0,3,67,Yes,No
CUST103301,57,Female,USA,Standard,497,15,5,Smart TV,Credit Card,Yes,1.2,Horror,1.6,0,38,No,No
CUST103302,72,Female,India,Standard,492,7,2,Laptop,Credit Card,Yes,5.6,Thriller,2.1,0,53,No,No
CUST103303,24,Female,USA,Basic,191,24,3,Gaming Console,Net Banking,No,1.9,Romance,2.9,0,31,No,Yes
CUST103304,44,Other,UK,Standard,499,26,2,Smart TV,Debit Card,Yes,21.9,Documentary,1.1,1,15,No,No
CUST103305,44,Female,Canada,Basic,191,50,5,Mobile,Credit Card,Yes,4.8,Thriller,4.1,0,16,No,No
CUST103306,40,Male,Australia,Premium,656,10,2,Tablet,PayPal,Yes,42.2,Documentary,1.8,1,10,No,No
CUST103307,25,Female,Australia,Premium,657,15,1,Tablet,PayPal,Yes,0.4,Drama,4.5,1,31,No,Yes
CUST103308,43,Male,Canada,Standard,502,37,5,Smart TV,Debit Card,Yes,1.1,Action,1.1,0,26,Yes,No
CUST103309,26,Male,Australia,Premium,649,59,3,Mobile,Debit Card,Yes,4.7,Romance,3.1,0,4,No,No
CUST103310,32,Male,India,Basic,190,24,3,Smart TV,Credit Card,Yes,16.6,Documentary,4.1,2,88,No,Yes
CUST103311,30,Male,India,Basic,190,11,4,Laptop,Debit Card,Yes,6.5,Drama,2.0,0,17,Yes,No
CUST103312,41,Female,Mexico,Standard,490,40,3,Smart TV,Credit Card,Yes,10.5,Horror,3.8,0,2,No,No
CUST103313,72,Female,India,Standard,498,21,4,Laptop,UPI,No,4.4,Horror,3.9,1,27,No,No
CUST103314,18,Female,USA,Standard,503,40,1,Tablet,PayPal,No,0.3,Action,3.6,0,65,No,No
CUST103315,44,Female,Brazil,Premium,650,38,3,Gaming Console,UPI,Yes,8.3,Comedy,2.5,0,33,No,No
CUST103316,41,Male,USA,Premium,649,15,5,Tablet,Debit Card,Yes,8.0,Romance,4.1,2,85,Yes,Yes
CUST103317,55,Female,Mexico,Standard,505,15,4,Smart TV,Debit Card,No,0.6,Romance,3.5,1,21,No,No
CUST103318,74,Male,USA,Premium,656,37,3,Smart TV,Debit Card,Yes,1.5,Documentary,3.4,0,29,No,Yes
CUST103319,14,Male,India,Basic,202,45,1,Mobile,Debit Card,Yes,5.2,Comedy,4.3,1,47,No,No
CUST103320,72,Female,USA,Basic,205,14,5,Mobile,UPI,Yes,4.7,Action,2.0,0,64,No,Yes
CUST103321,35,Male,Canada,Standard,503,43,5,Smart TV,Net Banking,No,11.2,Action,1.9,2,60,No,Yes
CUST103322,31,Male,USA,Standard,500,52,1,Mobile,Credit Card,Yes,3.9,Documentary,2.5,1,18,No,No
CUST103323,43,Female,Canada,Standard,504,21,3,Tablet,Net Banking,Yes,8.7,Drama,1.3,1,82,No,No
CUST103324,63,Female,Mexico,Basic,194,44,2,Tablet,Net Banking,Yes,9.8,Documentary,2.3,0,51,Yes,No
CUST103325,17,Male,France,Standard,490,20,3,Smart TV,Credit Card,Yes,8.3,Horror,2.6,0,40,No,No
CUST103326,31,Other,USA,Basic,190,33,4,Mobile,Credit Card,Yes,7.3,Drama,3.0,1,80,Yes,No
CUST103327,46,Female,UK,Standard,504,3,4,Mobile,Debit Card,Yes,13.1,Anime,2.0,0,64,Yes,No
CUST103328,22,Female,Canada,Basic,190,40,3,Tablet,UPI,Yes,8.6,Documentary,4.6,1,49,No,Yes
CUST103329,37,Male,France,Basic,196,23,4,Mobile,Credit Card,Yes,14.4,Horror,2.1,1,40,No,No
CUST103330,14,Female,Japan,Basic,195,44,2,Gaming Console,Credit Card,No,8.1,Drama,4.4,2,32,No,No
CUST103331,74,Female,USA,Basic,189,47,2,Laptop,Net Banking,Yes,1.4,Horror,2.8,1,85,No,Yes
CUST103332,23,Female,Brazil,Premium,642,23,5,Gaming Console,Credit Card,Yes,3.0,Horror,3.9,2,81,Yes,Yes
CUST103333,62,Female,USA,Basic,199,27,4,Laptop,Debit Card,No,3.2,Thriller,1.4,3,16,No,No
CUST103334,73,Male,India,Basic,208,35,3,Tablet,PayPal,Yes,0.8,Drama,3.2,1,83,Yes,No
CUST103335,43,Male,India,Standard,495,25,5,Laptop,Net Banking,No,9.4,Drama,4.8,0,54,No,Yes
CUST103336,68,Male,UK,Standard,506,32,2,Smart TV,Debit Card,Yes,7.2,Action,3.7,2,86,No,Yes
CUST103337,27,Male,UK,Basic,192,22,5,Smart TV,Credit Card,Yes,7.1,Comedy,4.3,3,45,No,Yes
CUST103338,21,Female,India,Basic,205,8,1,Tablet,PayPal,Yes,5.2,Documentary,2.0,1,89,No,Yes
CUST103339,35,Male,Brazil,Premium,649,56,4,Smart TV,PayPal,Yes,6.3,Action,4.2,0,58,No,Yes
CUST103340,31,Other,USA,Standard,499,51,3,Mobile,Net Banking,Yes,0.1,Comedy,2.4,1,70,Yes,No
CUST103341,21,Female,Canada,Standard,508,52,2,Laptop,Credit Card,Yes,0.8,Action,2.9,0,56,No,Yes
CUST103342,47,Male,USA,Standard,499,38,5,Laptop,PayPal,Yes,9.2,Romance,1.8,0,19,Yes,No
CUST103343,33,Male,India,Basic,203,18,3,Smart TV,Debit Card,No,2.4,Action,2.9,0,40,No,No
CUST103344,21,Female,USA,Basic,202,28,4,Mobile,Net Banking,No,0.9,Documentary,3.1,1,74,No,Yes
CUST103345,40,Other,USA,Standard,505,28,3,Mobile,Debit Card,No,3.2,Romance,3.5,1,70,No,No
CUST103346,74,Male,Canada,Premium,640,11,4,Smart TV,Debit Card,Yes,2.3,Thriller,4.5,0,37,No,No
CUST103347,58,Male,India,Basic,206,12,4,Tablet,Credit Card,Yes,0.2,Action,2.2,0,26,No,No
CUST103348,63,Female,UK,Premium,654,55,4,Laptop,Debit Card,Yes,4.2,Documentary,4.9,0,8,No,No
CUST103349,19,Female,India,Basic,200,2,5,Gaming Console,Debit Card,No,0.2,Drama,4.4,1,67,No,Yes
CUST103350,28,Male,Germany,Basic,198,59,4,Smart TV,Credit Card,Yes,0.0,Comedy,2.6,0,37,Yes,Yes
CUST103351,28,Female,Brazil,Basic,204,37,3,Mobile,Debit Card,Yes,12.6,Anime,1.9,2,89,No,No
CUST103352,72,Male,India,Basic,191,60,1,Laptop,Debit Card,Yes,3.0,Documentary,1.3,1,24,No,No
CUST103353,45,Male,UK,Premium,646,4,3,Mobile,PayPal,Yes,6.7,Thriller,1.9,1,13,Yes,No
CUST103354,16,Male,India,Standard,490,41,5,Smart TV,Credit Card,Yes,2.8,Anime,4.5,1,36,Yes,Yes
CUST103355,16,Male,Canada,Basic,189,45,4,Gaming Console,PayPal,Yes,21.3,Documentary,2.2,0,49,No,No
CUST103356,51,Male,USA,Premium,652,45,1,Tablet,PayPal,Yes,10.5,Documentary,1.6,1,71,No,No
CUST103357,52,Female,Canada,Premium,642,47,5,Mobile,Credit Card,Yes,3.7,Horror,1.1,0,41,No,No
CUST103358,29,Male,UK,Premium,642,34,2,Mobile,Credit Card,Yes,1.9,Drama,2.2,1,74,Yes,No
CUST103359,49,Male,France,Premium,647,23,2,Smart TV,PayPal,No,1.2,Comedy,1.9,1,53,No,Yes
CUST103360,51,Male,Canada,Basic,191,13,2,Gaming Console,Credit Card,Yes,11.5,Anime,1.4,0,34,No,Yes
CUST103361,72,Other,Canada,Premium,643,7,1,Laptop,Credit Card,Yes,4.8,Romance,4.8,0,30,No,No
CUST103362,64,Male,USA,Standard,489,32,3,Smart TV,Debit Card,No,2.1,Comedy,2.1,1,45,Yes,Yes
CUST103363,41,Male,France,Premium,657,23,1,Smart TV,Debit Card,No,20.2,Thriller,1.0,1,16,No,No
CUST103364,64,Female,Australia,Premium,639,49,1,Laptop,Debit Card,Yes,4.0,Romance,4.8,0,84,No,No
CUST103365,48,Other,USA,Basic,198,8,1,Smart TV,Net Banking,No,6.3,Romance,3.3,2,89,No,No
CUST103366,72,Male,Mexico,Premium,650,50,2,Tablet,Net Banking,Yes,15.6,Comedy,1.3,1,52,No,No
CUST103367,50,Female,UK,Basic,198,47,3,Gaming Console,Net Banking,No,14.3,Drama,1.1,0,21,Yes,No
CUST103368,51,Female,Australia,Basic,190,47,1,Tablet,Debit Card,Yes,8.1,Thriller,1.4,0,57,Yes,Yes
CUST103369,62,Female,Australia,Basic,204,37,3,Laptop,Net Banking,Yes,17.6,Drama,3.4,0,40,Yes,No
CUST103370,49,Male,India,Premium,646,34,4,Mobile,UPI,Yes,24.3,Drama,1.2,1,2,Yes,No
CUST103371,64,Female,Brazil,Basic,202,48,1,Smart TV,PayPal,Yes,21.9,Romance,3.3,1,62,Yes,Yes
CUST103372,74,Male,USA,Standard,503,29,1,Laptop,UPI,Yes,3.4,Documentary,3.6,1,65,No,Yes
CUST103373,73,Female,USA,Standard,504,37,1,Mobile,Credit Card,Yes,4.0,Documentary,1.6,1,45,No,No
CUST103374,47,Female,USA,Premium,649,23,4,Mobile,Net Banking,Yes,2.2,Documentary,3.0,1,83,No,No
CUST103375,19,Male,Brazil,Basic,200,38,4,Smart TV,UPI,No,14.5,Romance,4.9,0,7,No,No
CUST103376,39,Female,USA,Premium,640,29,2,Smart TV,Net Banking,Yes,1.0,Anime,4.3,1,38,No,No
CUST103377,40,Male,India,Premium,642,44,5,Smart TV,Debit Card,No,3.5,Action,3.9,1,24,Yes,No
CUST103378,34,Female,Brazil,Standard,491,5,3,Laptop,Net Banking,No,0.1,Drama,3.1,0,78,Yes,No
CUST103379,26,Male,India,Standard,497,52,5,Mobile,Credit Card,Yes,7.2,Comedy,2.6,2,46,Yes,No
CUST103380,19,Male,India,Standard,506,40,1,Smart TV,Debit Card,Yes,8.6,Thriller,2.8,1,33,No,No
CUST103381,49,Male,USA,Premium,657,11,1,Mobile,UPI,Yes,2.3,Action,4.1,2,67,Yes,Yes
CUST103382,73,Female,USA,Premium,645,14,2,Smart TV,UPI,Yes,10.7,Documentary,3.2,0,56,Yes,No
CUST103383,34,Male,UK,Basic,192,56,5,Tablet,PayPal,Yes,3.8,Romance,4.1,1,85,Yes,No
CUST103384,17,Male,India,Premium,644,49,1,Mobile,UPI,Yes,3.0,Anime,4.9,1,24,No,No
CUST103385,74,Male,Japan,Standard,507,42,5,Smart TV,Credit Card,Yes,25.0,Action,3.6,1,72,No,No
CUST103386,67,Female,Brazil,Standard,489,2,2,Smart TV,UPI,No,7.1,Romance,3.4,1,86,No,Yes
CUST103387,14,Female,USA,Premium,654,35,5,Gaming Console,Debit Card,Yes,2.3,Action,2.6,0,61,No,No
CUST103388,74,Male,USA,Basic,199,45,3,Mobile,UPI,Yes,32.7,Drama,1.8,0,38,Yes,Yes
CUST103389,39,Male,UK,Premium,642,49,2,Smart TV,Credit Card,Yes,3.9,Drama,2.5,0,75,No,No
CUST103390,33,Male,Germany,Standard,506,59,5,Mobile,Debit Card,No,8.3,Romance,3.1,1,77,No,No
CUST103391,66,Male,India,Premium,643,35,1,Smart TV,Net Banking,Yes,10.3,Comedy,1.1,0,6,Yes,No
CUST103392,50,Male,India,Basic,194,42,4,Smart TV,Credit Card,No,4.4,Thriller,2.9,1,5,No,No
CUST103393,27,Female,Mexico,Standard,490,28,4,Laptop,UPI,Yes,6.1,Thriller,4.4,1,86,No,No
CUST103394,33,Male,USA,Premium,650,8,2,Smart TV,Credit Card,Yes,2.2,Documentary,4.9,0,53,Yes,No
CUST103395,22,Male,USA,Basic,197,32,4,Laptop,Credit Card,No,5.0,Comedy,4.4,0,82,Yes,Yes
CUST103396,35,Male,Mexico,Basic,208,4,3,Mobile,UPI,Yes,3.0,Horror,1.7,2,84,Yes,No
CUST103397,70,Other,Germany,Premium,650,45,2,Smart TV,Debit Card,Yes,6.3,Thriller,1.6,0,18,No,No
CUST103398,68,Female,USA,Basic,201,7,1,Laptop,UPI,Yes,8.9,Anime,2.6,0,46,No,No
CUST103399,51,Female,Brazil,Premium,655,39,1,Mobile,Net Banking,Yes,7.6,Action,1.9,2,18,No,No
CUST103400,17,Male,India,Basic,193,48,2,Laptop,PayPal,Yes,12.0,Horror,3.7,1,33,Yes,Yes
CUST103401,13,Male,Brazil,Standard,508,27,4,Laptop,Net Banking,Yes,0.3,Action,1.3,0,42,Yes,Yes
CUST103402,25,Male,UK,Premium,651,37,4,Gaming Console,UPI,Yes,0.7,Thriller,2.8,0,12,Yes,No
CUST103403,33,Male,Australia,Standard,501,60,1,Smart TV,UPI,Yes,1.8,Action,2.1,0,35,Yes,Yes
CUST103404,38,Female,Japan,Standard,498,17,3,Smart TV,UPI,Yes,34.0,Romance,3.4,0,24,No,No
CUST103405,62,Female,France,Standard,503,10,4,Mobile,PayPal,Yes,12.9,Action,4.2,0,55,No,No
CUST103406,57,Female,France,Premium,653,4,3,Smart TV,UPI,Yes,20.6,Romance,4.7,0,20,No,No
CUST103407,33,Female,UK,Basic,206,23,4,Mobile,Credit Card,Yes,2.5,Documentary,4.9,1,33,No,No
CUST103408,65,Male,USA,Standard,506,14,2,Smart TV,Credit Card,Yes,6.8,Action,2.4,0,24,No,No
CUST103409,30,Female,UK,Basic,190,5,5,Mobile,Debit Card,No,6.5,Romance,4.4,0,81,No,No
CUST103410,49,Male,Brazil,Standard,499,2,1,Smart TV,Credit Card,Yes,6.7,Thriller,3.4,2,10,No,No
CUST103411,57,Male,Mexico,Basic,201,46,2,Laptop,Credit Card,Yes,10.1,Drama,3.8,1,18,No,No
CUST103412,44,Female,India,Basic,199,24,4,Laptop,UPI,Yes,4.0,Action,4.4,0,48,No,No
CUST103413,48,Male,France,Standard,492,18,1,Smart TV,Credit Card,Yes,9.0,Horror,1.5,0,48,No,No
CUST103414,29,Male,Australia,Basic,203,27,5,Laptop,UPI,Yes,12.4,Thriller,4.8,0,33,No,No
CUST103415,47,Male,Japan,Basic,199,24,5,Smart TV,PayPal,Yes,2.7,Action,3.2,2,1,No,No
CUST103416,61,Female,Mexico,Standard,506,29,4,Mobile,Credit Card,No,23.3,Anime,2.3,0,29,No,No
CUST103417,72,Female,USA,Standard,504,11,1,Smart TV,Credit Card,Yes,5.8,Comedy,2.4,0,37,No,Yes
CUST103418,23,Male,India,Premium,648,48,4,Laptop,Credit Card,No,10.6,Romance,4.0,0,14,No,No
CUST103419,33,Female,India,Standard,500,18,5,Mobile,UPI,Yes,10.4,Documentary,3.7,0,74,No,Yes
CUST103420,64,Male,USA,Basic,201,59,2,Smart TV,UPI,No,6.7,Anime,3.9,0,87,No,No
CUST103421,67,Male,Germany,Standard,497,48,2,Gaming Console,UPI,Yes,3.1,Drama,2.0,0,59,Yes,No
CUST103422,65,Female,Australia,Basic,201,53,3,Smart TV,Debit Card,Yes,8.8,Romance,1.7,1,3,Yes,No
CUST103423,38,Female,Mexico,Premium,644,4,5,Tablet,UPI,Yes,0.7,Action,3.9,1,82,No,No
CUST103424,74,Other,Germany,Premium,644,33,5,Smart TV,PayPal,Yes,31.9,Thriller,2.2,1,13,No,No
CUST103425,16,Male,India,Standard,499,14,4,Laptop,Credit Card,No,1.6,Drama,1.9,0,80,No,Yes
CUST103426,46,Female,India,Standard,507,44,3,Laptop,PayPal,Yes,2.6,Action,1.9,0,7,Yes,No
CUST103427,64,Female,India,Basic,199,56,3,Tablet,UPI,Yes,24.7,Horror,1.6,2,76,No,No
CUST103428,60,Female,USA,Standard,498,42,1,Gaming Console,Credit Card,Yes,1.7,Comedy,2.7,0,86,No,No
CUST103429,72,Male,UK,Premium,653,32,4,Tablet,UPI,No,1.5,Thriller,2.0,0,10,Yes,No
CUST103430,30,Female,India,Basic,201,60,2,Mobile,Credit Card,Yes,13.1,Documentary,4.6,2,79,No,No
CUST103431,52,Female,USA,Basic,196,51,1,Laptop,Debit Card,Yes,2.3,Action,3.8,0,49,No,No
CUST103432,47,Male,India,Standard,493,4,3,Laptop,Credit Card,No,0.8,Thriller,4.0,1,86,Yes,No
CUST103433,53,Male,Germany,Standard,490,20,2,Smart TV,Credit Card,No,2.1,Anime,2.6,0,75,No,Yes
CUST103434,41,Male,UK,Standard,504,21,5,Tablet,Debit Card,Yes,17.5,Horror,3.4,0,37,No,No
CUST103435,64,Female,UK,Premium,651,3,4,Mobile,PayPal,No,2.6,Action,3.0,0,23,Yes,No
CUST103436,41,Female,UK,Basic,207,25,3,Smart TV,Net Banking,No,9.5,Documentary,1.7,1,37,Yes,No
CUST103437,50,Female,Japan,Standard,497,4,5,Mobile,UPI,Yes,4.0,Comedy,1.2,1,61,No,No
CUST103438,54,Female,India,Standard,503,58,3,Mobile,Debit Card,No,2.4,Romance,3.7,1,55,No,No
CUST103439,33,Female,UK,Basic,194,47,2,Mobile,Net Banking,Yes,1.2,Horror,1.5,0,64,No,No
CUST103440,54,Male,Brazil,Standard,496,11,1,Mobile,Debit Card,No,28.7,Documentary,1.2,0,89,No,Yes
CUST103441,25,Male,Canada,Basic,202,16,2,Smart TV,Credit Card,No,5.9,Anime,2.8,2,16,No,No
CUST103442,61,Female,France,Basic,193,59,4,Mobile,UPI,Yes,1.0,Documentary,4.0,0,16,No,No
CUST103443,53,Male,USA,Basic,205,36,4,Tablet,UPI,Yes,1.8,Documentary,4.1,0,26,No,No
CUST103444,29,Male,UK,Premium,645,6,3,Mobile,Debit Card,No,4.2,Horror,4.5,0,88,No,No
CUST103445,68,Female,India,Standard,497,31,2,Mobile,UPI,Yes,6.3,Romance,1.8,1,24,Yes,No
CUST103446,21,Male,Germany,Premium,654,40,1,Smart TV,Credit Card,Yes,1.6,Drama,4.9,1,75,No,No
CUST103447,53,Male,USA,Basic,206,13,4,Smart TV,UPI,No,2.6,Thriller,4.1,0,48,No,No
CUST103448,13,Male,India,Standard,501,23,1,Mobile,UPI,Yes,12.2,Action,1.6,0,57,No,No
CUST103449,14,Male,Canada,Standard,506,52,5,Smart TV,PayPal,Yes,4.3,Romance,4.4,1,84,No,Yes
CUST103450,72,Female,Canada,Premium,648,4,3,Laptop,Net Banking,Yes,0.0,Comedy,3.0,0,0,Yes,No
CUST103451,60,Female,India,Standard,489,37,1,Laptop,UPI,Yes,0.4,Action,1.3,0,12,Yes,Yes
CUST103452,41,Female,Brazil,Standard,506,42,3,Mobile,Debit Card,Yes,4.6,Drama,1.5,0,52,No,Yes
CUST103453,45,Male,Germany,Basic,207,37,5,Mobile,UPI,Yes,0.5,Comedy,2.7,0,20,No,No
CUST103454,22,Female,India,Standard,490,44,1,Tablet,Debit Card,Yes,1.5,Drama,3.1,2,0,No,Yes
CUST103455,62,Female,UK,Standard,492,33,1,Smart TV,Net Banking,Yes,10.4,Horror,4.8,1,76,No,No
CUST103456,70,Female,Brazil,Premium,649,56,5,Mobile,PayPal,No,5.2,Action,1.9,0,30,Yes,No
CUST103457,72,Male,Canada,Basic,191,42,2,Tablet,Debit Card,Yes,5.3,Comedy,2.9,1,60,No,No
CUST103458,52,Female,USA,Basic,197,29,1,Tablet,PayPal,Yes,7.3,Anime,1.9,2,86,No,No
CUST103459,33,Female,USA,Standard,498,37,1,Mobile,Debit Card,Yes,12.4,Romance,3.2,1,2,Yes,No
CUST103460,40,Female,Germany,Basic,190,19,4,Mobile,Credit Card,Yes,1.4,Action,4.6,0,74,Yes,Yes
CUST103461,23,Female,France,Basic,195,51,2,Smart TV,PayPal,Yes,1.5,Thriller,3.3,0,28,No,No
CUST103462,67,Male,Germany,Premium,653,20,1,Smart TV,Debit Card,No,1.0,Horror,3.0,0,47,No,No
CUST103463,46,Female,India,Standard,507,32,5,Laptop,Net Banking,Yes,22.1,Drama,4.0,1,81,Yes,No
CUST103464,20,Male,UK,Premium,648,44,3,Smart TV,Debit Card,No,6.9,Thriller,1.6,1,61,Yes,No
CUST103465,71,Female,Mexico,Premium,658,55,5,Tablet,PayPal,No,0.8,Anime,4.6,1,24,No,No
CUST103466,34,Male,India,Basic,202,16,2,Mobile,UPI,Yes,2.0,Anime,3.3,0,33,Yes,No
CUST103467,20,Male,Japan,Standard,492,5,4,Smart TV,Net Banking,Yes,10.3,Thriller,3.7,1,17,No,No
CUST103468,61,Male,France,Basic,199,49,4,Smart TV,Debit Card,Yes,0.2,Action,4.3,2,64,No,No
CUST103469,27,Female,India,Premium,641,46,4,Mobile,UPI,Yes,10.3,Anime,3.5,4,27,Yes,No
CUST103470,29,Male,France,Standard,505,12,5,Smart TV,PayPal,Yes,19.4,Action,3.6,2,3,No,No
CUST103471,72,Female,USA,Standard,495,45,3,Laptop,UPI,Yes,0.5,Documentary,3.9,2,20,No,No
CUST103472,35,Female,Mexico,Basic,199,21,3,Tablet,Debit Card,Yes,1.7,Documentary,1.2,0,69,No,No
CUST103473,36,Male,USA,Standard,506,14,1,Gaming Console,UPI,Yes,0.0,Comedy,2.5,1,20,No,No
CUST103474,57,Male,UK,Basic,202,37,3,Laptop,Net Banking,Yes,0.9,Action,4.9,0,19,No,Yes
CUST103475,31,Male,Germany,Standard,502,22,3,Tablet,PayPal,Yes,7.7,Drama,2.0,0,40,No,No
CUST103476,17,Female,Australia,Premium,644,30,1,Mobile,UPI,No,0.4,Horror,3.2,1,52,Yes,No
CUST103477,44,Female,India,Premium,647,23,5,Mobile,PayPal,Yes,4.4,Action,1.7,1,61,No,No
CUST103478,56,Male,Canada,Basic,191,5,5,Laptop,Debit Card,Yes,5.6,Action,2.3,1,30,No,No
CUST103479,13,Male,India,Standard,505,29,2,Smart TV,Net Banking,Yes,19.0,Romance,3.9,1,24,No,No
CUST103480,35,Female,USA,Premium,650,59,5,Smart TV,UPI,No,5.1,Thriller,3.6,1,68,No,No
CUST103481,49,Female,USA,Basic,192,30,4,Laptop,Debit Card,Yes,1.2,Thriller,2.7,0,71,No,No
CUST103482,20,Female,UK,Premium,658,18,4,Gaming Console,Credit Card,Yes,2.7,Anime,4.8,0,16,No,No
CUST103483,25,Female,USA,Basic,204,46,2,Mobile,Debit Card,Yes,8.9,Documentary,4.1,0,78,Yes,No
CUST103484,20,Male,India,Standard,498,50,3,Mobile,UPI,Yes,1.0,Romance,2.1,0,19,Yes,No
CUST103485,69,Male,India,Standard,495,52,2,Mobile,PayPal,Yes,2.1,Comedy,2.9,1,44,No,Yes
CUST103486,35,Male,India,Standard,498,1,1,Mobile,Net Banking,Yes,43.7,Comedy,4.5,1,49,No,Yes
CUST103487,55,Male,UK,Premium,645,39,2,Mobile,Net Banking,Yes,0.0,Action,1.1,1,50,No,No
CUST103488,13,Male,Japan,Basic,206,17,2,Tablet,Credit Card,No,1.3,Romance,3.3,2,71,Yes,No
CUST103489,57,Male,India,Basic,197,3,4,Mobile,UPI,Yes,14.8,Drama,1.9,1,77,No,No
CUST103490,63,Male,France,Standard,506,42,1,Smart TV,UPI,Yes,0.9,Thriller,1.3,1,32,No,No
CUST103491,36,Female,Brazil,Premium,655,7,1,Laptop,Credit Card,No,0.3,Drama,4.7,1,28,No,No
CUST103492,47,Female,Germany,Basic,199,27,2,Mobile,UPI,Yes,1.0,Romance,4.3,2,21,No,No
CUST103493,36,Female,Germany,Premium,639,28,1,Laptop,Debit Card,Yes,9.5,Thriller,1.7,2,66,No,No
CUST103494,29,Female,Australia,Standard,505,44,1,Mobile,Credit Card,Yes,39.8,Romance,4.3,0,86,Yes,No
CUST103495,17,Male,India,Basic,192,54,5,Laptop,Credit Card,No,7.1,Romance,1.6,1,2,No,No
CUST103496,32,Female,UK,Premium,642,31,1,Smart TV,PayPal,Yes,1.1,Action,2.9,2,5,No,No
CUST103497,33,Male,Brazil,Basic,202,15,3,Smart TV,UPI,Yes,1.6,Horror,3.9,2,39,No,Yes
CUST103498,52,Female,Canada,Standard,497,55,1,Mobile,PayPal,Yes,6.2,Comedy,3.1,1,86,Yes,No
CUST103499,70,Male,Mexico,Basic,201,53,4,Laptop,UPI,Yes,10.1,Romance,4.4,0,75,No,Yes
CUST103500,43,Other,India,Standard,504,48,5,Smart TV,Credit Card,Yes,8.7,Action,3.5,0,68,Yes,No
CUST103501,58,Male,Brazil,Standard,489,8,4,Mobile,Credit Card,No,6.8,Thriller,2.7,0,4,Yes,No
CUST103502,48,Male,Canada,Standard,491,6,4,Gaming Console,Debit Card,Yes,34.3,Romance,4.7,2,2,Yes,Yes
CUST103503,23,Female,USA,Standard,507,28,3,Smart TV,Debit Card,Yes,1.8,Comedy,1.1,0,3,No,No
CUST103504,64,Male,USA,Standard,496,4,5,Laptop,Net Banking,Yes,1.5,Drama,3.0,0,62,Yes,No
CUST103505,27,Female,Germany,Basic,206,30,2,Laptop,UPI,No,15.7,Drama,3.6,2,87,No,No
CUST103506,31,Female,Mexico,Standard,494,43,1,Tablet,Debit Card,No,2.7,Documentary,4.3,1,4,No,No
CUST103507,19,Female,UK,Premium,658,17,3,Tablet,Credit Card,Yes,3.2,Anime,3.2,0,60,Yes,No
CUST103508,63,Other,Australia,Premium,644,34,3,Mobile,UPI,Yes,6.4,Drama,4.5,0,56,No,No
CUST103509,40,Other,USA,Basic,193,60,2,Laptop,UPI,No,3.8,Documentary,2.7,1,41,No,Yes
CUST103510,63,Male,India,Basic,200,6,3,Mobile,UPI,No,2.7,Comedy,2.3,0,82,No,Yes
CUST103511,55,Female,India,Premium,647,36,2,Smart TV,Debit Card,Yes,19.9,Action,4.9,0,55,No,No
CUST103512,70,Female,India,Standard,497,35,2,Smart TV,UPI,Yes,1.1,Horror,3.7,1,71,Yes,No
CUST103513,17,Female,USA,Standard,505,39,2,Smart TV,Debit Card,No,4.1,Romance,2.7,0,27,Yes,Yes
CUST103514,17,Male,USA,Premium,657,39,3,Smart TV,PayPal,Yes,0.0,Romance,4.5,0,54,No,No
CUST103515,42,Female,Brazil,Basic,205,16,2,Laptop,Credit Card,No,13.2,Anime,3.7,0,37,No,No
CUST103516,66,Other,Brazil,Standard,504,2,3,Gaming Console,Debit Card,Yes,1.5,Action,3.6,1,22,Yes,No
CUST103517,44,Female,India,Premium,650,8,5,Tablet,UPI,Yes,11.9,Romance,3.9,1,6,No,No
CUST103518,20,Male,USA,Standard,491,15,2,Smart TV,Credit Card,Yes,1.3,Comedy,4.0,2,37,No,No
CUST103519,22,Male,USA,Basic,202,27,3,Smart TV,UPI,Yes,4.3,Romance,3.0,0,76,No,No
CUST103520,50,Male,Canada,Basic,205,16,3,Laptop,Credit Card,No,10.4,Anime,2.7,0,56,No,Yes
CUST103521,59,Female,India,Basic,204,1,3,Mobile,Credit Card,Yes,2.5,Romance,4.6,0,84,No,Yes
CUST103522,44,Female,India,Premium,650,59,1,Laptop,Net Banking,Yes,3.0,Comedy,3.0,1,36,No,Yes
CUST103523,60,Male,France,Basic,190,10,1,Laptop,Debit Card,No,8.8,Thriller,1.9,0,5,No,No
CUST103524,40,Male,Australia,Basic,196,7,2,Mobile,Credit Card,No,1.7,Drama,3.1,2,9,No,No
CUST103525,29,Male,India,Premium,650,48,5,Smart TV,Credit Card,Yes,24.3,Drama,1.1,0,26,No,No
CUST103526,43,Male,USA,Basic,204,10,2,Smart TV,Net Banking,Yes,1.7,Drama,3.9,0,89,No,Yes
CUST103527,20,Female,USA,Basic,196,12,4,Smart TV,UPI,Yes,11.1,Documentary,1.5,0,56,No,No
CUST103528,52,Female,Australia,Basic,204,17,4,Mobile,Net Banking,Yes,13.0,Drama,1.4,0,15,No,No
CUST103529,37,Male,UK,Basic,198,45,5,Gaming Console,PayPal,Yes,3.8,Romance,4.8,1,58,Yes,No
CUST103530,21,Female,India,Standard,508,12,5,Smart TV,PayPal,Yes,1.4,Romance,4.1,1,27,No,No
CUST103531,14,Male,Brazil,Premium,653,15,5,Smart TV,UPI,Yes,1.5,Thriller,2.7,1,2,No,No
CUST103532,27,Other,USA,Premium,642,46,1,Mobile,PayPal,Yes,33.8,Action,2.0,1,56,No,Yes
CUST103533,62,Male,USA,Standard,503,51,1,Smart TV,Debit Card,Yes,10.3,Horror,4.4,0,64,Yes,No
CUST103534,15,Male,USA,Standard,492,32,4,Tablet,PayPal,Yes,4.8,Anime,4.9,1,66,No,Yes
CUST103535,61,Male,UK,Standard,499,32,5,Smart TV,PayPal,Yes,2.4,Action,3.0,2,29,Yes,No
CUST103536,48,Female,USA,Basic,194,51,3,Gaming Console,UPI,Yes,0.2,Horror,3.3,1,18,No,No
CUST103537,74,Female,USA,Basic,192,26,4,Tablet,Debit Card,Yes,8.9,Romance,2.0,0,7,Yes,No
CUST103538,16,Female,USA,Premium,647,14,5,Tablet,UPI,Yes,25.2,Horror,3.4,2,61,No,Yes
CUST103539,26,Male,India,Basic,197,50,3,Smart TV,UPI,Yes,0.9,Documentary,2.6,1,18,No,No
CUST103540,53,Male,Australia,Basic,191,26,5,Smart TV,UPI,Yes,11.2,Thriller,4.4,1,35,No,No
CUST103541,53,Male,India,Standard,493,5,2,Laptop,Net Banking,No,1.3,Comedy,2.5,0,68,No,Yes
CUST103542,37,Female,India,Standard,503,52,3,Laptop,UPI,Yes,12.6,Romance,3.6,0,59,No,No
CUST103543,70,Male,Germany,Basic,197,38,2,Laptop,Credit Card,Yes,3.7,Action,1.8,0,33,No,Yes
CUST103544,67,Female,Australia,Basic,190,50,1,Mobile,UPI,No,10.0,Anime,1.4,1,54,No,No
CUST103545,74,Female,Australia,Standard,491,46,4,Smart TV,PayPal,Yes,20.9,Thriller,1.2,1,26,No,No
CUST103546,62,Female,UK,Standard,500,4,5,Gaming Console,Net Banking,Yes,7.7,Anime,2.7,0,38,Yes,No
CUST103547,22,Male,India,Basic,204,28,4,Smart TV,UPI,Yes,20.3,Horror,1.7,0,41,No,No
CUST103548,33,Male,Brazil,Standard,493,55,5,Smart TV,Credit Card,Yes,2.1,Anime,5.0,0,41,No,No
CUST103549,48,Male,Brazil,Standard,498,1,2,Smart TV,Credit Card,Yes,30.6,Comedy,4.2,0,87,Yes,No
CUST103550,24,Female,USA,Premium,653,13,3,Laptop,Credit Card,Yes,16.5,Anime,3.8,0,47,No,No
CUST103551,39,Female,France,Basic,202,43,3,Smart TV,Credit Card,Yes,0.9,Documentary,4.2,0,30,No,No
CUST103552,52,Male,India,Basic,202,3,5,Mobile,PayPal,Yes,4.3,Romance,2.1,0,21,Yes,No
CUST103553,14,Male,Japan,Standard,501,49,2,Mobile,Debit Card,Yes,20.9,Drama,4.5,1,86,No,No
CUST103554,66,Female,Mexico,Standard,504,50,5,Smart TV,Debit Card,Yes,0.7,Romance,5.0,1,40,No,Yes
CUST103555,25,Female,Brazil,Basic,196,25,5,Laptop,PayPal,Yes,4.8,Thriller,2.2,1,23,Yes,No
CUST103556,65,Male,France,Standard,496,42,5,Smart TV,Debit Card,No,10.3,Romance,4.9,0,39,No,Yes
CUST103557,44,Female,Brazil,Basic,205,16,3,Smart TV,Credit Card,No,0.3,Action,2.3,1,31,No,Yes
CUST103558,43,Male,India,Basic,205,21,5,Mobile,UPI,Yes,11.2,Documentary,1.0,0,50,Yes,No
CUST103559,28,Male,UK,Standard,491,13,3,Mobile,Credit Card,No,3.6,Romance,2.5,1,32,Yes,No
CUST103560,44,Female,India,Basic,189,52,1,Smart TV,UPI,Yes,2.3,Thriller,5.0,0,27,No,No
CUST103561,44,Female,USA,Premium,655,44,2,Tablet,PayPal,Yes,6.9,Documentary,3.5,0,80,No,No
CUST103562,72,Female,Brazil,Standard,504,36,1,Tablet,Net Banking,Yes,6.3,Comedy,3.8,0,89,No,No
CUST103563,46,Male,USA,Standard,505,8,5,Mobile,Credit Card,Yes,16.6,Thriller,2.0,0,81,Yes,Yes
CUST103564,23,Female,USA,Standard,490,44,3,Mobile,Debit Card,Yes,9.0,Romance,1.6,2,78,No,No
CUST103565,22,Male,Canada,Standard,502,19,2,Smart TV,UPI,Yes,4.4,Romance,4.5,0,62,No,No
CUST103566,27,Male,Mexico,Basic,195,47,4,Tablet,Debit Card,No,8.4,Drama,2.7,1,21,No,No
CUST103567,29,Female,India,Premium,657,60,2,Mobile,UPI,Yes,11.1,Comedy,1.0,0,17,No,No
CUST103568,52,Male,USA,Premium,639,16,2,Smart TV,Credit Card,Yes,22.2,Drama,2.2,0,84,No,No
CUST103569,30,Female,India,Basic,205,12,5,Tablet,UPI,Yes,9.7,Documentary,1.8,0,82,No,No
CUST103570,67,Female,Brazil,Basic,198,20,1,Mobile,Net Banking,Yes,6.3,Anime,3.4,0,1,No,No
CUST103571,21,Male,India,Basic,194,18,1,Mobile,Net Banking,Yes,3.7,Drama,4.0,0,88,No,Yes
CUST103572,37,Male,Germany,Standard,495,54,4,Smart TV,PayPal,Yes,17.8,Comedy,3.0,1,25,Yes,No
CUST103573,52,Male,USA,Standard,494,12,5,Smart TV,Credit Card,No,12.6,Comedy,1.7,0,38,Yes,No
CUST103574,71,Male,India,Premium,643,48,2,Gaming Console,UPI,Yes,0.6,Comedy,1.2,2,16,No,No
CUST103575,26,Female,France,Premium,640,25,1,Laptop,UPI,Yes,9.6,Romance,2.3,0,15,No,No
CUST103576,72,Female,India,Standard,506,60,1,Smart TV,Net Banking,Yes,6.2,Documentary,4.2,2,26,No,No
CUST103577,70,Male,UK,Standard,505,52,3,Mobile,Net Banking,Yes,0.9,Action,2.7,0,48,No,Yes
CUST103578,37,Male,India,Standard,495,11,2,Mobile,Net Banking,Yes,6.7,Documentary,2.0,0,2,No,No
CUST103579,62,Female,UK,Standard,507,22,5,Smart TV,Net Banking,Yes,1.7,Comedy,1.1,1,41,No,Yes
CUST103580,34,Female,UK,Standard,495,52,1,Mobile,UPI,Yes,9.9,Documentary,3.0,0,62,No,No
CUST103581,64,Male,USA,Standard,495,46,5,Mobile,PayPal,No,2.6,Anime,3.7,1,28,No,No
CUST103582,42,Male,India,Standard,504,34,2,Smart TV,Net Banking,No,1.3,Thriller,1.8,0,1,No,No
CUST103583,32,Female,USA,Standard,500,13,2,Smart TV,UPI,Yes,0.7,Anime,3.1,1,13,No,No
CUST103584,33,Male,Germany,Standard,503,46,1,Smart TV,PayPal,No,5.4,Anime,2.7,0,11,No,No
CUST103585,56,Male,Australia,Standard,503,38,4,Mobile,Net Banking,Yes,1.8,Thriller,3.8,1,23,No,No
CUST103586,44,Female,Canada,Standard,499,12,5,Mobile,UPI,Yes,15.5,Action,4.4,0,27,No,No
CUST103587,63,Female,Canada,Standard,490,39,5,Smart TV,Credit Card,Yes,0.0,Anime,2.2,1,17,No,No
CUST103588,58,Female,India,Standard,491,36,3,Mobile,Credit Card,Yes,14.8,Documentary,4.6,0,88,Yes,No
CUST103589,61,Female,USA,Standard,507,28,2,Mobile,Credit Card,No,5.9,Anime,3.8,0,5,No,No
CUST103590,68,Female,India,Basic,208,27,2,Laptop,UPI,Yes,20.4,Anime,1.1,0,29,Yes,No
CUST103591,33,Male,USA,Basic,203,39,1,Smart TV,UPI,No,1.8,Romance,4.2,2,33,Yes,No
CUST103592,47,Male,USA,Standard,504,13,1,Mobile,UPI,No,0.9,Anime,3.0,0,82,No,Yes
CUST103593,70,Male,UK,Standard,489,43,1,Mobile,UPI,Yes,7.8,Documentary,4.8,0,57,No,No
CUST103594,44,Male,Canada,Premium,653,40,3,Laptop,Net Banking,Yes,9.8,Thriller,2.3,0,27,No,No
CUST103595,42,Female,France,Standard,500,27,4,Laptop,Debit Card,Yes,3.7,Comedy,3.4,2,71,No,No
CUST103596,67,Female,India,Standard,495,51,1,Smart TV,Net Banking,Yes,0.1,Drama,4.8,0,74,Yes,Yes
CUST103597,51,Other,Germany,Basic,195,31,1,Gaming Console,Credit Card,Yes,4.2,Comedy,2.1,0,52,No,Yes
CUST103598,61,Female,Australia,Basic,199,2,1,Laptop,UPI,Yes,2.1,Action,2.9,1,15,No,No
CUST103599,24,Male,Canada,Premium,658,53,3,Mobile,UPI,No,3.4,Drama,4.0,0,25,No,No
CUST103600,53,Male,USA,Basic,199,18,5,Tablet,PayPal,No,5.7,Comedy,3.8,2,64,No,Yes
CUST103601,59,Female,USA,Standard,505,26,4,Mobile,UPI,Yes,9.7,Documentary,4.4,0,56,Yes,No
CUST103602,30,Female,India,Standard,491,53,5,Smart TV,Credit Card,Yes,26.4,Romance,3.1,0,30,No,No
CUST103603,33,Female,USA,Standard,504,42,2,Laptop,Debit Card,Yes,1.2,Anime,2.3,0,26,No,No
CUST103604,25,Female,Brazil,Premium,643,31,2,Tablet,Debit Card,No,9.1,Horror,3.1,1,48,No,No
CUST103605,74,Female,India,Standard,490,38,1,Smart TV,Debit Card,Yes,2.1,Horror,2.4,1,8,No,No
CUST103606,33,Female,India,Basic,195,56,5,Mobile,UPI,No,2.0,Documentary,1.7,1,25,Yes,No
CUST103607,74,Male,Brazil,Premium,648,22,3,Laptop,UPI,No,8.0,Thriller,3.2,0,5,No,No
CUST103608,20,Female,Australia,Premium,643,36,4,Tablet,PayPal,Yes,12.0,Documentary,1.2,2,6,No,No
CUST103609,58,Female,UK,Basic,203,19,5,Smart TV,Net Banking,No,30.5,Documentary,1.1,0,12,Yes,No
CUST103610,52,Male,Brazil,Basic,200,14,5,Smart TV,UPI,Yes,11.7,Action,1.3,0,48,Yes,No
CUST103611,58,Female,USA,Basic,198,14,4,Smart TV,Credit Card,Yes,1.4,Anime,3.7,0,9,Yes,No
CUST103612,19,Male,India,Basic,205,50,5,Mobile,PayPal,Yes,2.0,Romance,2.6,1,42,Yes,No
CUST103613,35,Female,USA,Premium,658,29,5,Tablet,UPI,Yes,11.5,Drama,3.0,1,48,No,No
CUST103614,56,Male,Canada,Standard,508,17,4,Mobile,UPI,Yes,6.0,Comedy,2.4,1,17,No,No
CUST103615,44,Female,France,Standard,499,50,3,Tablet,UPI,No,2.8,Comedy,2.0,1,10,No,No
CUST103616,23,Male,India,Premium,646,50,4,Laptop,UPI,Yes,5.1,Action,2.4,0,9,No,No
CUST103617,34,Female,UK,Standard,503,37,1,Mobile,Net Banking,Yes,19.7,Drama,1.8,1,27,No,No
CUST103618,34,Male,USA,Basic,190,9,1,Smart TV,Net Banking,No,11.3,Anime,3.7,0,84,Yes,No
CUST103619,55,Male,UK,Premium,655,1,1,Smart TV,Net Banking,No,4.8,Documentary,1.4,0,52,No,Yes
CUST103620,37,Female,India,Premium,644,4,1,Smart TV,PayPal,Yes,31.5,Horror,3.1,2,53,No,No
CUST103621,34,Female,USA,Premium,651,58,2,Smart TV,Net Banking,Yes,12.7,Horror,2.9,0,24,No,No
CUST103622,40,Male,Australia,Standard,496,7,3,Smart TV,Credit Card,Yes,0.0,Romance,2.2,0,5,No,No
CUST103623,41,Male,Canada,Premium,649,11,2,Smart TV,PayPal,Yes,1.0,Anime,1.4,0,10,Yes,No
CUST103624,25,Female,UK,Basic,203,14,5,Mobile,Credit Card,Yes,6.5,Action,3.8,1,32,No,No
CUST103625,30,Female,USA,Standard,501,42,5,Mobile,PayPal,Yes,3.4,Documentary,3.3,0,68,No,No
CUST103626,14,Female,USA,Premium,656,19,4,Smart TV,Credit Card,Yes,13.4,Comedy,4.2,1,45,No,No
CUST103627,41,Male,USA,Basic,206,40,1,Laptop,Debit Card,No,18.1,Action,1.9,2,87,No,No
CUST103628,33,Female,Mexico,Premium,655,3,4,Mobile,Credit Card,No,2.2,Romance,4.2,0,76,No,Yes
CUST103629,27,Male,Japan,Standard,501,8,5,Laptop,Debit Card,No,11.5,Action,2.2,1,54,No,No
CUST103630,64,Male,UK,Basic,191,29,1,Laptop,Debit Card,No,6.1,Horror,1.5,0,69,No,Yes
CUST103631,39,Female,USA,Premium,645,50,3,Laptop,Credit Card,Yes,4.0,Action,1.5,1,50,No,No
CUST103632,62,Female,Mexico,Basic,200,37,5,Tablet,PayPal,Yes,12.4,Anime,1.9,0,24,Yes,No
CUST103633,43,Female,UK,Standard,492,52,4,Smart TV,Net Banking,Yes,6.7,Horror,3.7,2,22,Yes,No
CUST103634,27,Male,Canada,Basic,199,43,4,Smart TV,PayPal,Yes,8.1,Comedy,2.0,0,49,No,No
CUST103635,63,Male,USA,Premium,652,9,5,Smart TV,PayPal,Yes,0.5,Romance,3.4,0,45,No,No
CUST103636,35,Male,Brazil,Basic,206,19,2,Mobile,PayPal,Yes,7.1,Comedy,2.0,0,76,Yes,No
CUST103637,36,Other,Canada,Basic,195,12,3,Mobile,Net Banking,Yes,2.9,Thriller,2.5,0,43,No,No
CUST103638,56,Male,Australia,Basic,193,27,5,Mobile,UPI,No,5.4,Horror,4.6,0,12,No,No
CUST103639,25,Male,Australia,Premium,654,37,5,Smart TV,UPI,Yes,2.0,Horror,3.0,1,70,No,No
CUST103640,34,Male,India,Standard,499,48,4,Mobile,Net Banking,Yes,7.6,Romance,3.4,1,47,No,No
CUST103641,55,Female,Brazil,Standard,491,58,1,Mobile,Debit Card,No,1.3,Comedy,1.8,0,16,No,No
CUST103642,49,Male,Australia,Standard,504,25,1,Smart TV,Credit Card,Yes,1.0,Romance,1.5,0,72,Yes,No
CUST103643,73,Female,USA,Standard,499,45,1,Mobile,PayPal,No,1.7,Comedy,2.7,5,13,No,No
CUST103644,45,Male,India,Basic,198,38,4,Tablet,Debit Card,No,13.6,Documentary,4.4,1,29,Yes,No
CUST103645,68,Female,India,Standard,490,48,1,Laptop,UPI,Yes,0.3,Horror,2.0,2,29,No,No
CUST103646,15,Male,UK,Basic,204,50,5,Smart TV,Credit Card,Yes,10.5,Horror,3.5,0,32,No,No
CUST103647,66,Female,USA,Premium,655,17,2,Tablet,PayPal,No,0.5,Horror,4.5,2,53,No,Yes
CUST103648,31,Female,Canada,Premium,648,44,2,Smart TV,Net Banking,No,7.2,Comedy,4.7,0,56,No,Yes
CUST103649,35,Male,India,Standard,506,59,2,Mobile,Credit Card,No,11.9,Romance,5.0,1,88,Yes,No
CUST103650,41,Other,Mexico,Basic,200,33,1,Smart TV,Credit Card,Yes,2.1,Drama,4.1,0,30,No,No
CUST103651,42,Male,USA,Premium,646,39,2,Tablet,Credit Card,No,1.7,Documentary,1.3,0,22,No,No
CUST103652,51,Female,USA,Basic,191,14,1,Smart TV,UPI,Yes,2.7,Romance,4.5,0,51,No,No
CUST103653,56,Female,UK,Basic,208,28,5,Smart TV,Debit Card,No,9.6,Romance,4.5,1,53,No,No
CUST103654,59,Male,UK,Basic,191,18,5,Tablet,UPI,Yes,2.4,Romance,3.2,0,46,No,No
CUST103655,37,Male,India,Standard,494,55,4,Mobile,Credit Card,No,5.6,Thriller,1.3,1,48,Yes,Yes
CUST103656,49,Male,USA,Premium,640,33,4,Laptop,Debit Card,Yes,1.2,Drama,2.9,1,83,No,No
CUST103657,59,Male,India,Basic,191,52,3,Smart TV,Debit Card,Yes,4.9,Thriller,1.8,1,55,No,Yes
CUST103658,20,Male,Brazil,Basic,205,42,5,Mobile,UPI,Yes,7.8,Action,2.8,0,7,No,No
CUST103659,54,Male,Australia,Standard,497,15,1,Gaming Console,Credit Card,Yes,0.6,Anime,3.9,1,21,Yes,No
CUST103660,70,Male,UK,Standard,492,11,3,Mobile,UPI,Yes,13.5,Action,3.7,2,61,Yes,No
CUST103661,28,Female,Brazil,Basic,190,36,5,Laptop,Debit Card,Yes,22.2,Action,4.1,1,53,No,Yes
CUST103662,20,Male,Brazil,Basic,197,15,1,Gaming Console,Debit Card,Yes,1.7,Horror,2.9,1,34,No,No
CUST103663,13,Male,India,Premium,652,53,5,Laptop,Debit Card,Yes,11.4,Anime,3.0,1,87,No,No
CUST103664,56,Female,Japan,Premium,649,48,5,Smart TV,UPI,Yes,3.0,Comedy,4.7,1,14,Yes,No
CUST103665,17,Male,Australia,Premium,640,30,1,Smart TV,UPI,No,9.0,Anime,3.5,1,4,No,No
CUST103666,15,Male,India,Premium,640,58,5,Smart TV,Net Banking,Yes,2.9,Comedy,4.0,0,85,Yes,No
CUST103667,13,Male,India,Basic,193,15,5,Mobile,Credit Card,Yes,15.9,Horror,3.7,0,16,No,No
CUST103668,16,Female,India,Basic,195,49,5,Tablet,Credit Card,Yes,3.4,Documentary,3.6,0,2,Yes,No
CUST103669,52,Female,India,Basic,192,23,4,Mobile,Credit Card,No,15.1,Drama,4.7,1,18,No,No
CUST103670,47,Male,Brazil,Basic,202,43,2,Tablet,Debit Card,Yes,11.6,Anime,2.4,0,80,Yes,No
CUST103671,44,Female,UK,Premium,640,50,5,Laptop,Credit Card,Yes,1.7,Drama,2.7,0,36,No,No
CUST103672,54,Female,Australia,Premium,650,60,1,Gaming Console,Credit Card,No,1.4,Romance,2.5,1,20,No,Yes
CUST103673,46,Female,Brazil,Standard,498,48,5,Tablet,Debit Card,Yes,12.1,Action,4.1,0,50,Yes,No
CUST103674,55,Female,Germany,Basic,189,59,4,Laptop,UPI,Yes,4.0,Action,4.5,0,53,No,No
CUST103675,37,Female,Brazil,Premium,657,15,4,Tablet,PayPal,Yes,23.9,Romance,2.4,0,10,Yes,No
CUST103676,22,Male,India,Premium,654,29,5,Laptop,Debit Card,No,22.9,Comedy,1.6,0,64,No,No
CUST103677,33,Male,USA,Basic,203,11,3,Laptop,UPI,Yes,9.5,Thriller,3.0,0,29,No,No
CUST103678,58,Male,Germany,Premium,652,45,2,Laptop,PayPal,Yes,5.6,Romance,4.9,0,89,No,No
CUST103679,51,Female,India,Basic,197,18,1,Laptop,Debit Card,No,1.7,Horror,1.8,0,42,No,No
CUST103680,39,Female,India,Basic,203,40,1,Mobile,PayPal,Yes,17.1,Anime,2.8,0,35,No,No
CUST103681,39,Female,Mexico,Standard,495,31,1,Mobile,Net Banking,No,0.7,Drama,2.1,0,89,No,No
CUST103682,14,Other,Brazil,Standard,492,9,1,Smart TV,Net Banking,No,3.7,Drama,4.7,1,56,Yes,No
CUST103683,53,Male,USA,Basic,206,22,4,Smart TV,UPI,Yes,3.1,Thriller,3.2,0,25,Yes,No
CUST103684,60,Female,Brazil,Basic,196,11,2,Mobile,UPI,Yes,25.4,Drama,3.3,0,81,No,No
CUST103685,25,Female,Australia,Premium,650,17,5,Tablet,PayPal,Yes,1.0,Drama,1.0,0,59,No,No
CUST103686,21,Other,USA,Standard,503,33,5,Laptop,Debit Card,Yes,17.7,Anime,3.6,3,89,No,No
CUST103687,64,Other,India,Standard,503,11,3,Smart TV,PayPal,Yes,4.9,Horror,2.2,1,21,No,No
CUST103688,48,Female,France,Basic,205,39,5,Laptop,Debit Card,No,0.4,Comedy,3.1,1,23,No,No
CUST103689,34,Male,USA,Basic,190,8,2,Tablet,PayPal,Yes,10.4,Drama,3.1,0,11,No,No
CUST103690,54,Female,India,Basic,200,51,5,Laptop,Debit Card,Yes,0.9,Action,3.4,0,74,Yes,Yes
CUST103691,38,Male,UK,Basic,191,57,4,Laptop,Credit Card,No,2.2,Action,4.3,0,59,No,No
CUST103692,70,Female,Brazil,Basic,195,4,5,Smart TV,UPI,Yes,12.9,Documentary,2.2,0,20,No,No
CUST103693,66,Female,USA,Basic,194,36,1,Smart TV,UPI,Yes,1.3,Comedy,2.0,0,79,No,No
CUST103694,24,Male,USA,Standard,502,19,1,Mobile,Credit Card,Yes,3.1,Comedy,4.2,0,35,No,No
CUST103695,29,Female,USA,Basic,193,24,1,Smart TV,UPI,Yes,3.6,Horror,3.9,1,6,No,No
CUST103696,26,Male,Japan,Premium,642,41,1,Smart TV,Credit Card,No,7.1,Horror,1.9,2,60,No,Yes
CUST103697,26,Male,India,Basic,203,49,4,Tablet,UPI,Yes,12.5,Horror,1.0,0,52,No,No
CUST103698,69,Male,Canada,Standard,495,18,4,Laptop,Debit Card,No,2.1,Action,3.7,0,27,No,No
CUST103699,46,Female,France,Basic,191,33,4,Smart TV,Credit Card,Yes,1.8,Comedy,1.6,0,23,No,No
CUST103700,65,Female,India,Standard,501,46,5,Smart TV,Debit Card,No,2.0,Horror,4.8,1,52,No,No
CUST103701,69,Female,Japan,Basic,198,36,1,Mobile,Credit Card,Yes,3.8,Anime,3.4,1,12,Yes,No
CUST103702,32,Male,France,Premium,640,10,3,Smart TV,UPI,Yes,6.1,Comedy,4.4,1,77,No,No
CUST103703,23,Female,Mexico,Premium,650,55,3,Laptop,Debit Card,Yes,0.1,Documentary,4.2,1,71,No,No
CUST103704,28,Female,India,Standard,500,14,1,Smart TV,PayPal,Yes,12.1,Horror,3.2,0,0,Yes,No
CUST103705,63,Male,Germany,Basic,207,7,2,Laptop,Credit Card,No,20.9,Thriller,2.8,0,80,No,No
CUST103706,43,Male,Brazil,Standard,507,12,5,Laptop,Debit Card,No,14.8,Romance,3.0,0,40,Yes,No
CUST103707,67,Male,Japan,Premium,641,22,3,Mobile,UPI,No,0.3,Drama,4.2,1,58,No,Yes
CUST103708,18,Female,India,Basic,194,27,4,Laptop,Credit Card,Yes,5.9,Documentary,3.6,0,12,No,No
CUST103709,68,Female,Brazil,Standard,490,48,2,Smart TV,Credit Card,No,13.5,Anime,1.8,0,53,No,No
CUST103710,31,Female,USA,Premium,651,37,4,Mobile,Debit Card,No,3.4,Thriller,3.4,0,46,No,No
CUST103711,49,Male,India,Premium,647,11,2,Laptop,Credit Card,No,18.2,Drama,2.6,0,26,No,No
CUST103712,70,Female,UK,Premium,651,36,2,Laptop,UPI,Yes,17.4,Action,1.2,0,76,No,No
CUST103713,16,Male,Australia,Premium,652,60,5,Smart TV,UPI,No,1.2,Thriller,2.5,0,39,No,No
CUST103714,59,Male,UK,Premium,657,13,4,Smart TV,Credit Card,Yes,5.4,Horror,1.9,0,31,No,No
CUST103715,73,Female,Canada,Standard,499,32,4,Smart TV,UPI,No,0.2,Horror,4.4,1,57,No,Yes
CUST103716,16,Male,Japan,Standard,502,8,3,Mobile,Net Banking,No,2.6,Horror,1.4,0,75,No,Yes
CUST103717,32,Female,USA,Premium,654,7,1,Laptop,Net Banking,No,13.4,Drama,2.4,0,42,No,No
CUST103718,22,Male,Germany,Standard,498,43,1,Mobile,Credit Card,No,29.6,Documentary,3.8,1,51,No,Yes
CUST103719,36,Female,USA,Premium,658,43,3,Laptop,Credit Card,Yes,19.6,Drama,4.6,0,76,No,No
CUST103720,66,Male,USA,Basic,204,58,2,Smart TV,UPI,No,0.3,Comedy,2.3,0,79,No,No
CUST103721,47,Female,Brazil,Standard,490,17,3,Tablet,Credit Card,Yes,20.9,Romance,3.4,1,33,No,No
CUST103722,38,Male,France,Basic,204,22,3,Mobile,Credit Card,Yes,13.8,Horror,2.5,1,5,Yes,No
CUST103723,49,Male,Canada,Basic,202,46,4,Smart TV,Debit Card,Yes,16.2,Drama,1.8,0,47,No,No
CUST103724,50,Female,Brazil,Basic,206,34,3,Mobile,Credit Card,No,19.7,Action,2.3,1,17,No,No
CUST103725,33,Male,India,Standard,494,20,2,Mobile,UPI,No,5.4,Documentary,3.5,0,80,No,No
CUST103726,66,Female,India,Basic,195,53,1,Smart TV,UPI,No,1.9,Anime,3.9,0,38,Yes,No
CUST103727,52,Other,UK,Standard,501,8,5,Laptop,Credit Card,Yes,0.2,Thriller,2.5,0,77,No,No
CUST103728,51,Male,India,Standard,490,22,3,Tablet,UPI,Yes,0.2,Horror,1.6,1,6,Yes,No
CUST103729,33,Male,USA,Basic,203,27,3,Smart TV,UPI,Yes,8.2,Horror,1.6,0,5,No,No
CUST103730,22,Female,UK,Basic,205,34,4,Mobile,UPI,Yes,3.3,Drama,4.3,0,75,Yes,No
CUST103731,50,Other,India,Standard,501,21,4,Smart TV,Net Banking,Yes,5.5,Documentary,3.6,0,52,No,No
CUST103732,58,Female,USA,Premium,645,15,3,Tablet,Net Banking,No,1.1,Action,3.9,1,0,No,No
CUST103733,16,Female,UK,Premium,639,5,3,Smart TV,UPI,No,29.7,Anime,3.0,1,28,No,No
CUST103734,72,Female,Canada,Premium,641,38,2,Smart TV,PayPal,Yes,1.1,Romance,2.8,1,68,No,Yes
CUST103735,69,Male,France,Premium,658,17,1,Mobile,Credit Card,No,4.7,Thriller,1.8,0,84,Yes,No
CUST103736,57,Other,Germany,Standard,506,8,1,Smart TV,UPI,Yes,4.7,Anime,1.7,1,84,Yes,No
CUST103737,32,Other,USA,Premium,645,19,5,Smart TV,UPI,Yes,0.1,Drama,1.6,1,87,No,No
CUST103738,29,Male,France,Premium,655,5,1,Smart TV,UPI,Yes,8.8,Action,5.0,0,48,No,No
CUST103739,67,Male,Australia,Premium,650,23,5,Smart TV,Credit Card,No,6.2,Comedy,4.3,2,58,No,Yes
CUST103740,19,Male,India,Basic,204,19,4,Smart TV,Credit Card,Yes,5.5,Documentary,3.5,1,12,Yes,No
CUST103741,16,Male,India,Premium,648,14,5,Tablet,Debit Card,Yes,13.6,Documentary,1.9,0,44,No,No
CUST103742,41,Female,Germany,Standard,504,10,5,Tablet,UPI,No,2.2,Drama,2.4,1,45,No,No
CUST103743,26,Male,Canada,Premium,658,31,1,Mobile,Net Banking,Yes,15.8,Action,2.4,1,22,No,No
CUST103744,15,Male,Australia,Basic,206,13,3,Mobile,Credit Card,No,16.0,Thriller,2.9,0,31,Yes,No
CUST103745,36,Male,Brazil,Standard,503,22,4,Laptop,Net Banking,No,14.0,Horror,2.7,1,71,No,No
CUST103746,49,Other,Germany,Basic,199,37,2,Mobile,Credit Card,Yes,3.3,Thriller,4.7,0,74,No,No
CUST103747,28,Female,Japan,Basic,206,39,5,Mobile,Net Banking,Yes,1.4,Thriller,3.9,1,12,No,No
CUST103748,70,Male,Canada,Basic,194,10,5,Laptop,PayPal,Yes,5.2,Thriller,1.3,0,52,Yes,No
CUST103749,67,Male,India,Premium,639,31,5,Mobile,Credit Card,No,2.4,Drama,2.4,0,19,No,No
CUST103750,64,Other,Australia,Basic,195,43,3,Mobile,Debit Card,Yes,0.4,Drama,1.5,2,0,No,No
CUST103751,16,Female,USA,Basic,200,35,2,Mobile,Credit Card,Yes,2.6,Anime,2.1,1,56,No,No
CUST103752,68,Male,Australia,Basic,208,13,1,Mobile,Net Banking,No,5.1,Documentary,4.8,2,65,Yes,No
CUST103753,74,Male,Japan,Standard,492,30,4,Laptop,Debit Card,Yes,1.0,Anime,3.8,2,10,No,No
CUST103754,36,Male,Brazil,Basic,198,34,3,Laptop,UPI,Yes,23.1,Action,1.0,0,45,No,No
CUST103755,46,Male,Canada,Basic,190,36,2,Gaming Console,Credit Card,Yes,8.5,Comedy,2.3,1,29,No,No
CUST103756,42,Female,UK,Standard,497,35,4,Laptop,Net Banking,Yes,1.2,Drama,2.8,1,68,No,No
CUST103757,30,Female,USA,Standard,498,47,1,Smart TV,Debit Card,Yes,13.4,Anime,3.4,0,6,No,No
CUST103758,31,Female,USA,Basic,208,4,4,Laptop,Debit Card,No,21.1,Horror,3.0,3,23,No,No
CUST103759,43,Female,Germany,Basic,199,55,5,Laptop,Debit Card,No,2.4,Thriller,1.3,0,47,No,No
CUST103760,72,Male,Brazil,Basic,202,53,5,Mobile,UPI,Yes,1.2,Comedy,3.1,1,42,No,No
CUST103761,72,Female,Germany,Premium,641,4,3,Mobile,Credit Card,Yes,3.1,Anime,1.5,0,78,No,Yes
CUST103762,31,Female,India,Standard,489,47,4,Smart TV,UPI,No,14.3,Documentary,3.1,1,35,No,No
CUST103763,61,Male,UK,Standard,495,6,5,Gaming Console,Credit Card,Yes,1.5,Thriller,2.0,0,73,No,Yes
CUST103764,58,Male,Australia,Basic,192,55,3,Tablet,UPI,Yes,12.1,Horror,1.6,0,0,No,No
CUST103765,31,Female,UK,Standard,495,28,3,Mobile,UPI,Yes,10.1,Romance,2.2,1,6,No,No
CUST103766,34,Male,Canada,Basic,204,30,3,Smart TV,Credit Card,Yes,8.4,Horror,1.4,1,43,No,Yes
CUST103767,36,Male,Australia,Basic,198,27,1,Laptop,Debit Card,No,4.5,Action,2.1,1,60,No,Yes
CUST103768,57,Female,Germany,Standard,503,5,5,Mobile,PayPal,Yes,3.7,Comedy,4.5,0,25,No,No
CUST103769,24,Other,USA,Standard,504,44,5,Mobile,Credit Card,Yes,0.7,Horror,2.2,0,29,Yes,No
CUST103770,42,Male,Mexico,Basic,194,39,2,Laptop,Debit Card,Yes,3.5,Documentary,2.9,1,0,No,No
CUST103771,70,Female,India,Standard,492,35,1,Laptop,UPI,Yes,7.4,Anime,3.1,0,62,Yes,No
CUST103772,50,Male,Japan,Premium,642,39,5,Smart TV,Credit Card,No,18.3,Horror,1.7,1,14,No,No
CUST103773,65,Female,India,Standard,492,44,5,Laptop,UPI,No,14.3,Drama,2.8,1,62,No,No
CUST103774,43,Female,India,Standard,505,15,2,Laptop,Credit Card,Yes,0.3,Action,4.4,0,54,No,No
CUST103775,48,Female,Mexico,Premium,651,19,4,Mobile,Credit Card,Yes,1.2,Thriller,1.3,0,56,No,Yes
CUST103776,31,Male,USA,Premium,640,30,4,Smart TV,PayPal,No,15.1,Comedy,4.7,3,19,Yes,No
CUST103777,60,Female,Brazil,Standard,508,38,1,Smart TV,Debit Card,No,22.4,Documentary,4.5,1,21,Yes,No
CUST103778,57,Female,Australia,Standard,494,32,3,Smart TV,Debit Card,Yes,0.5,Horror,4.4,0,88,Yes,No
CUST103779,48,Male,Mexico,Basic,189,40,2,Smart TV,PayPal,No,9.7,Comedy,1.8,2,49,No,Yes
CUST103780,42,Male,Japan,Standard,496,29,2,Smart TV,Credit Card,Yes,3.6,Action,2.9,2,35,Yes,No
CUST103781,67,Male,USA,Basic,206,6,5,Mobile,UPI,No,3.6,Anime,3.5,0,36,No,Yes
CUST103782,61,Male,Brazil,Basic,192,26,5,Smart TV,Net Banking,Yes,8.2,Drama,1.4,0,45,No,Yes
CUST103783,67,Female,India,Standard,493,27,2,Smart TV,UPI,No,13.3,Drama,3.2,0,26,No,Yes
CUST103784,45,Male,USA,Basic,193,35,3,Mobile,Credit Card,Yes,2.6,Anime,4.4,3,18,No,No
CUST103785,30,Male,Mexico,Standard,503,28,4,Smart TV,UPI,Yes,9.8,Romance,4.7,0,82,Yes,Yes
CUST103786,64,Female,USA,Standard,498,5,1,Laptop,Credit Card,Yes,8.1,Action,2.1,2,15,No,No
CUST103787,61,Male,Canada,Standard,496,41,4,Mobile,Debit Card,Yes,5.8,Thriller,2.2,0,53,No,No
CUST103788,71,Female,UK,Basic,195,56,1,Smart TV,PayPal,Yes,7.4,Horror,2.1,0,84,No,No
CUST103789,40,Male,Germany,Basic,200,48,3,Smart TV,Credit Card,Yes,0.1,Comedy,1.6,1,33,No,No
CUST103790,71,Female,Japan,Standard,499,54,2,Laptop,Credit Card,No,0.0,Thriller,2.7,0,78,No,No
CUST103791,59,Female,India,Premium,651,16,3,Smart TV,Debit Card,No,6.4,Horror,4.1,0,50,No,No
CUST103792,23,Female,Canada,Basic,203,41,2,Tablet,Net Banking,No,5.9,Documentary,3.8,2,35,No,No
CUST103793,69,Male,Mexico,Basic,205,18,5,Laptop,Debit Card,No,0.6,Thriller,4.6,1,52,No,Yes
CUST103794,72,Female,UK,Premium,656,13,1,Smart TV,Credit Card,Yes,5.4,Romance,2.4,0,89,No,No
CUST103795,66,Male,India,Basic,196,43,5,Mobile,UPI,No,11.3,Action,3.3,0,61,No,No
CUST103796,57,Male,Canada,Premium,644,25,2,Laptop,UPI,No,6.2,Romance,4.1,0,30,No,Yes
CUST103797,45,Male,USA,Standard,499,10,1,Smart TV,Debit Card,Yes,5.8,Drama,4.6,0,88,Yes,No
CUST103798,29,Female,India,Standard,497,29,1,Smart TV,Net Banking,Yes,10.1,Romance,4.5,0,3,No,No
CUST103799,18,Male,Mexico,Basic,193,10,5,Mobile,Debit Card,Yes,1.5,Action,2.9,0,11,Yes,No
CUST103800,16,Female,Canada,Basic,195,6,1,Tablet,Debit Card,No,4.9,Action,4.6,1,52,Yes,No
CUST103801,32,Male,France,Basic,203,16,2,Smart TV,Credit Card,Yes,1.3,Comedy,2.8,1,60,Yes,Yes
CUST103802,60,Male,Australia,Premium,642,25,2,Mobile,UPI,Yes,5.9,Action,4.6,0,18,No,No
CUST103803,59,Female,Brazil,Standard,507,44,5,Smart TV,Debit Card,Yes,7.2,Documentary,4.1,2,55,Yes,No
CUST103804,39,Male,India,Standard,501,4,3,Mobile,PayPal,Yes,1.0,Comedy,1.9,1,8,Yes,No
CUST103805,27,Female,UK,Premium,639,37,2,Laptop,Net Banking,No,0.6,Horror,4.7,0,24,Yes,No
CUST103806,18,Male,India,Basic,189,34,2,Mobile,Credit Card,No,1.5,Comedy,2.0,0,53,Yes,No
CUST103807,59,Female,France,Standard,502,19,1,Laptop,Net Banking,Yes,7.1,Thriller,4.6,0,46,No,No
CUST103808,26,Female,India,Standard,497,33,1,Smart TV,Debit Card,Yes,1.7,Horror,3.5,1,40,No,Yes
CUST103809,72,Male,USA,Premium,650,4,2,Laptop,Debit Card,Yes,2.6,Romance,3.7,1,50,No,No
CUST103810,23,Male,UK,Basic,206,44,5,Smart TV,PayPal,Yes,9.7,Action,1.4,2,49,Yes,No
CUST103811,51,Female,USA,Standard,497,34,3,Laptop,UPI,Yes,2.3,Thriller,1.3,1,6,No,No
CUST103812,21,Female,India,Premium,646,12,1,Laptop,PayPal,No,4.1,Thriller,4.9,2,26,No,No
CUST103813,38,Male,Canada,Standard,502,31,1,Laptop,UPI,Yes,21.1,Romance,2.3,1,47,Yes,No
CUST103814,28,Male,India,Basic,197,16,3,Smart TV,Net Banking,Yes,13.9,Horror,4.4,0,54,No,Yes
CUST103815,17,Female,India,Standard,508,2,1,Laptop,PayPal,Yes,2.4,Comedy,3.8,1,62,Yes,No
CUST103816,69,Female,USA,Basic,190,49,5,Mobile,Debit Card,Yes,7.3,Thriller,3.4,1,5,Yes,No
CUST103817,64,Male,Brazil,Standard,489,58,1,Gaming Console,Net Banking,Yes,8.8,Thriller,3.7,3,34,No,No
CUST103818,73,Female,Canada,Premium,651,60,1,Mobile,Net Banking,No,18.4,Comedy,1.4,1,31,Yes,Yes
CUST103819,22,Male,UK,Standard,498,2,2,Laptop,Debit Card,Yes,6.3,Comedy,2.6,0,77,Yes,No
CUST103820,62,Female,Canada,Standard,496,36,5,Mobile,UPI,No,6.6,Drama,3.4,0,5,No,No
CUST103821,15,Male,USA,Standard,495,6,5,Mobile,PayPal,No,17.5,Action,4.5,0,62,No,No
CUST103822,25,Other,France,Basic,200,60,2,Smart TV,PayPal,No,0.4,Drama,3.9,1,17,No,No
CUST103823,55,Female,India,Basic,205,23,4,Smart TV,Credit Card,Yes,7.9,Romance,2.0,1,30,No,No
CUST103824,61,Female,Germany,Premium,650,39,3,Smart TV,UPI,Yes,4.3,Horror,4.9,0,51,Yes,Yes
CUST103825,42,Female,Mexico,Standard,504,55,5,Smart TV,Net Banking,Yes,19.2,Anime,3.6,0,15,Yes,No
CUST103826,74,Female,Australia,Basic,198,47,4,Smart TV,Credit Card,Yes,25.9,Comedy,3.0,0,55,No,Yes
CUST103827,66,Female,India,Basic,200,52,3,Laptop,PayPal,Yes,1.5,Documentary,4.1,0,66,No,No
CUST103828,57,Male,USA,Standard,499,44,5,Mobile,UPI,Yes,2.6,Thriller,3.4,1,61,No,Yes
CUST103829,18,Female,Brazil,Premium,652,37,1,Laptop,Credit Card,Yes,2.6,Thriller,3.8,0,80,No,No
CUST103830,29,Female,India,Premium,658,46,5,Mobile,Credit Card,No,0.8,Comedy,3.5,1,51,No,No
CUST103831,71,Female,Australia,Basic,201,16,3,Laptop,PayPal,Yes,5.3,Thriller,1.7,4,4,No,No
CUST103832,57,Male,Brazil,Premium,640,43,4,Mobile,Debit Card,Yes,5.8,Drama,3.2,1,52,No,No
CUST103833,63,Male,Brazil,Standard,508,44,1,Smart TV,Debit Card,Yes,6.8,Thriller,2.1,0,79,No,Yes
CUST103834,65,Male,India,Standard,495,19,3,Mobile,UPI,Yes,8.7,Documentary,3.3,0,16,No,No
CUST103835,31,Female,Brazil,Standard,489,49,3,Laptop,UPI,Yes,0.5,Horror,1.5,0,30,Yes,Yes
CUST103836,54,Male,Germany,Basic,191,24,5,Mobile,Credit Card,Yes,7.8,Action,1.9,1,15,No,No
CUST103837,47,Female,Mexico,Premium,658,58,2,Laptop,UPI,Yes,19.6,Romance,4.2,0,56,No,No
CUST103838,58,Female,India,Basic,200,27,2,Laptop,UPI,No,4.9,Romance,2.6,0,20,No,No
CUST103839,38,Female,India,Basic,193,7,1,Mobile,Credit Card,No,0.9,Horror,3.7,2,40,Yes,Yes
CUST103840,63,Female,USA,Premium,650,30,3,Laptop,UPI,No,0.7,Romance,3.0,1,38,No,Yes
CUST103841,17,Male,India,Standard,491,41,4,Laptop,UPI,No,2.6,Anime,2.4,0,36,No,No
CUST103842,41,Male,Canada,Premium,658,14,1,Smart TV,Credit Card,No,11.2,Drama,3.0,0,40,Yes,No
CUST103843,49,Male,France,Standard,493,58,1,Mobile,Net Banking,Yes,2.4,Action,4.3,1,52,No,No
CUST103844,32,Female,USA,Standard,489,52,5,Laptop,UPI,Yes,13.5,Action,2.1,0,73,Yes,No
CUST103845,61,Male,Mexico,Premium,654,44,4,Mobile,Credit Card,Yes,13.7,Documentary,2.7,1,31,No,Yes
CUST103846,33,Female,India,Basic,197,15,3,Tablet,Debit Card,No,4.9,Romance,1.8,1,24,No,No
CUST103847,22,Male,India,Premium,648,12,3,Smart TV,UPI,No,2.9,Documentary,2.4,0,52,No,No
CUST103848,17,Male,India,Basic,198,53,3,Laptop,Credit Card,Yes,7.3,Documentary,4.5,0,63,Yes,Yes
CUST103849,48,Male,USA,Premium,651,53,1,Laptop,Credit Card,No,13.3,Documentary,4.1,0,32,No,Yes
CUST103850,18,Female,France,Basic,204,29,5,Laptop,Credit Card,Yes,0.5,Romance,2.5,1,37,Yes,Yes
CUST103851,38,Female,India,Standard,508,23,1,Mobile,UPI,Yes,24.5,Drama,1.5,1,78,No,Yes
CUST103852,16,Male,Germany,Premium,642,13,2,Mobile,Debit Card,Yes,8.3,Anime,2.7,0,7,Yes,No
CUST103853,74,Female,UK,Standard,502,9,2,Mobile,Net Banking,Yes,4.1,Documentary,4.1,1,0,Yes,No
CUST103854,51,Male,France,Standard,505,24,3,Mobile,UPI,Yes,5.6,Drama,1.2,0,73,No,No
CUST103855,51,Other,India,Premium,643,39,5,Tablet,PayPal,Yes,3.9,Thriller,4.0,1,58,No,No
CUST103856,62,Female,India,Standard,501,30,3,Smart TV,UPI,Yes,4.3,Horror,3.7,1,34,No,No
CUST103857,47,Male,India,Premium,641,1,3,Mobile,UPI,Yes,7.2,Action,1.3,0,15,No,No
CUST103858,13,Female,UK,Standard,493,60,1,Smart TV,PayPal,No,0.5,Romance,3.5,2,13,No,No
CUST103859,36,Male,USA,Basic,204,10,3,Mobile,UPI,Yes,1.5,Thriller,2.2,1,4,No,No
CUST103860,69,Other,Mexico,Basic,207,38,3,Laptop,Debit Card,Yes,2.1,Anime,1.7,2,79,Yes,No
CUST103861,48,Male,Germany,Basic,207,58,5,Smart TV,Debit Card,No,4.2,Horror,2.5,1,20,No,No
CUST103862,18,Female,Germany,Basic,205,47,5,Laptop,PayPal,Yes,3.7,Thriller,1.8,0,57,No,No
CUST103863,53,Male,Canada,Standard,506,15,5,Smart TV,UPI,Yes,10.2,Comedy,4.3,0,56,No,No
CUST103864,66,Female,India,Basic,206,9,3,Mobile,Debit Card,Yes,2.4,Romance,4.0,2,10,No,No
CUST103865,58,Female,UK,Basic,196,13,5,Mobile,Credit Card,Yes,0.5,Thriller,4.9,0,70,No,No
CUST103866,72,Female,Japan,Basic,206,23,5,Smart TV,UPI,No,0.5,Thriller,3.1,0,7,No,No
CUST103867,56,Female,Mexico,Premium,647,33,4,Smart TV,Debit Card,Yes,0.1,Comedy,1.4,0,80,No,No
CUST103868,72,Female,Mexico,Standard,507,9,4,Laptop,Net Banking,Yes,0.3,Romance,2.5,0,13,No,No
CUST103869,69,Male,Australia,Standard,498,3,2,Mobile,UPI,Yes,15.7,Anime,4.4,0,48,No,No
CUST103870,43,Male,India,Premium,640,30,1,Smart TV,Credit Card,No,9.6,Thriller,2.6,0,32,No,No
CUST103871,32,Male,USA,Basic,205,9,1,Laptop,Credit Card,Yes,44.0,Comedy,2.8,0,23,No,No
CUST103872,36,Other,India,Premium,651,52,5,Smart TV,Debit Card,No,0.2,Horror,2.6,1,70,No,Yes
CUST103873,37,Male,USA,Standard,499,25,2,Laptop,Credit Card,Yes,15.1,Anime,1.9,1,37,No,No
CUST103874,48,Female,India,Basic,204,47,2,Mobile,Net Banking,Yes,9.5,Drama,1.3,0,78,No,No
CUST103875,33,Female,UK,Standard,508,24,4,Smart TV,Net Banking,No,8.2,Horror,1.7,1,49,Yes,No
CUST103876,42,Male,Germany,Premium,645,32,2,Smart TV,Net Banking,Yes,3.5,Action,2.5,1,88,No,Yes
CUST103877,36,Male,Mexico,Standard,491,7,3,Mobile,PayPal,Yes,3.8,Documentary,2.0,0,63,No,No
CUST103878,56,Male,Brazil,Premium,654,36,5,Smart TV,UPI,Yes,14.9,Thriller,3.3,3,80,No,No
CUST103879,54,Male,France,Basic,207,25,3,Smart TV,Net Banking,No,10.0,Anime,3.5,0,1,No,No
CUST103880,42,Male,India,Basic,208,20,1,Laptop,Net Banking,Yes,8.9,Drama,3.3,1,38,No,Yes
CUST103881,34,Male,India,Basic,204,17,4,Mobile,Net Banking,Yes,0.2,Action,1.3,0,73,No,Yes
CUST103882,40,Female,Germany,Basic,190,54,3,Smart TV,Net Banking,Yes,1.6,Anime,3.7,1,13,Yes,No
CUST103883,19,Other,USA,Basic,202,36,5,Mobile,UPI,No,26.3,Anime,2.5,3,11,No,No
CUST103884,47,Male,USA,Premium,658,26,3,Mobile,Credit Card,Yes,4.8,Anime,4.5,0,80,No,No
CUST103885,67,Male,USA,Basic,198,19,3,Mobile,Debit Card,Yes,12.2,Drama,3.1,1,77,No,Yes
CUST103886,40,Male,USA,Standard,507,60,2,Mobile,UPI,Yes,3.9,Comedy,1.3,0,50,Yes,No
CUST103887,26,Female,UK,Standard,499,37,4,Tablet,UPI,No,11.6,Anime,1.0,1,9,No,No
CUST103888,68,Female,UK,Premium,656,48,1,Mobile,PayPal,No,1.0,Drama,3.8,1,43,Yes,No
CUST103889,22,Male,UK,Premium,649,3,5,Smart TV,PayPal,Yes,0.3,Anime,2.6,2,39,No,Yes
CUST103890,28,Male,Germany,Premium,647,43,5,Smart TV,UPI,Yes,5.0,Thriller,2.2,0,59,Yes,No
CUST103891,28,Female,USA,Premium,657,57,1,Smart TV,Credit Card,No,7.2,Thriller,2.8,0,69,Yes,No
CUST103892,66,Female,USA,Premium,658,28,5,Smart TV,Debit Card,No,3.1,Romance,1.3,0,30,No,No
CUST103893,43,Male,India,Premium,648,22,2,Smart TV,Credit Card,No,10.1,Documentary,2.6,3,36,Yes,No
CUST103894,54,Female,USA,Standard,491,47,3,Mobile,Debit Card,Yes,5.5,Horror,2.3,3,72,No,No
CUST103895,37,Male,Brazil,Basic,191,19,2,Smart TV,UPI,Yes,21.1,Documentary,4.2,1,57,Yes,Yes
CUST103896,25,Male,Brazil,Standard,496,53,2,Laptop,Credit Card,Yes,0.7,Thriller,1.7,1,42,No,No
CUST103897,18,Female,Germany,Standard,494,56,2,Mobile,Credit Card,Yes,0.6,Drama,4.0,0,70,Yes,Yes
CUST103898,56,Female,USA,Standard,508,46,1,Gaming Console,Debit Card,No,18.8,Anime,3.0,1,37,No,Yes
CUST103899,21,Male,Canada,Basic,189,16,4,Mobile,PayPal,Yes,8.8,Anime,1.3,0,7,No,No
CUST103900,57,Female,Canada,Standard,508,56,1,Laptop,Credit Card,No,8.9,Horror,4.9,3,33,Yes,No
CUST103901,48,Male,UK,Premium,644,6,1,Tablet,PayPal,Yes,0.2,Romance,3.9,2,16,Yes,No
CUST103902,68,Female,Canada,Basic,190,37,2,Tablet,Debit Card,Yes,22.2,Horror,2.0,0,16,No,No
CUST103903,55,Female,UK,Premium,657,31,4,Mobile,Credit Card,Yes,11.8,Horror,3.3,0,81,No,No
CUST103904,32,Female,Canada,Standard,495,53,1,Mobile,UPI,Yes,11.6,Romance,4.6,0,52,No,No
CUST103905,30,Female,Brazil,Premium,649,49,4,Mobile,Net Banking,No,19.4,Anime,4.7,1,14,No,No
CUST103906,70,Male,India,Premium,649,48,2,Mobile,UPI,Yes,6.9,Anime,3.9,1,63,No,No
CUST103907,55,Female,Brazil,Premium,642,34,1,Smart TV,UPI,No,4.0,Thriller,3.9,1,56,No,Yes
CUST103908,69,Female,India,Standard,508,31,4,Smart TV,PayPal,Yes,5.2,Drama,2.1,1,19,No,No
CUST103909,33,Female,India,Basic,204,60,5,Smart TV,PayPal,Yes,12.0,Thriller,5.0,0,60,No,No
CUST103910,16,Male,Japan,Standard,493,11,1,Smart TV,Credit Card,Yes,11.7,Action,2.0,1,24,No,No
CUST103911,62,Female,Japan,Premium,645,36,1,Smart TV,PayPal,No,7.5,Drama,1.4,0,77,Yes,Yes
CUST103912,45,Female,India,Premium,654,6,1,Mobile,Net Banking,No,2.0,Comedy,4.9,1,26,Yes,No
CUST103913,39,Male,UK,Premium,653,27,4,Smart TV,PayPal,No,13.7,Anime,1.6,2,46,No,No
CUST103914,19,Female,India,Basic,193,7,3,Mobile,PayPal,Yes,8.3,Comedy,3.1,0,27,No,No
CUST103915,18,Male,UK,Standard,489,49,1,Laptop,UPI,Yes,2.0,Anime,2.9,1,5,Yes,No
CUST103916,27,Male,Mexico,Basic,208,32,5,Mobile,Debit Card,Yes,5.2,Anime,4.4,0,40,No,No
CUST103917,30,Female,Japan,Basic,197,8,5,Gaming Console,UPI,No,47.0,Documentary,2.6,0,58,No,Yes
CUST103918,44,Female,Germany,Basic,193,60,2,Smart TV,UPI,Yes,3.2,Action,3.0,0,77,Yes,No
CUST103919,68,Female,USA,Basic,194,33,3,Tablet,Net Banking,No,1.0,Horror,1.2,1,60,No,Yes
CUST103920,23,Male,Germany,Premium,641,57,3,Smart TV,Net Banking,Yes,0.2,Comedy,1.8,1,79,No,No
CUST103921,32,Other,USA,Basic,194,47,4,Tablet,PayPal,Yes,1.6,Anime,4.3,2,48,No,No
CUST103922,36,Male,France,Basic,196,52,2,Smart TV,Net Banking,No,1.7,Thriller,2.9,0,4,No,No
CUST103923,27,Male,Mexico,Premium,644,44,4,Laptop,Debit Card,Yes,15.6,Comedy,1.9,0,10,No,No
CUST103924,60,Male,Canada,Standard,504,15,2,Smart TV,Net Banking,Yes,1.4,Thriller,2.5,0,85,No,Yes
CUST103925,19,Female,USA,Basic,204,55,3,Mobile,Debit Card,No,15.9,Action,2.1,2,39,No,No
CUST103926,33,Female,USA,Basic,191,27,4,Smart TV,Credit Card,Yes,0.7,Horror,3.2,1,69,No,No
CUST103927,54,Female,India,Basic,205,30,2,Laptop,UPI,Yes,19.0,Romance,1.2,2,38,Yes,No
CUST103928,38,Female,Australia,Basic,194,22,3,Mobile,UPI,No,2.4,Romance,1.9,2,69,No,Yes
CUST103929,56,Male,UK,Basic,194,47,3,Tablet,Net Banking,No,7.6,Romance,2.4,0,19,No,No
CUST103930,68,Female,USA,Standard,507,29,1,Mobile,UPI,No,1.4,Anime,4.7,0,3,No,No
CUST103931,26,Male,UK,Basic,208,41,4,Mobile,Net Banking,Yes,4.0,Documentary,3.5,0,88,No,No
CUST103932,69,Female,Australia,Standard,503,48,1,Smart TV,Credit Card,No,0.7,Horror,3.0,0,12,No,Yes
CUST103933,49,Male,India,Premium,657,30,3,Laptop,PayPal,Yes,6.9,Romance,1.8,0,48,No,No
CUST103934,70,Female,Mexico,Standard,490,2,4,Smart TV,PayPal,No,3.4,Comedy,3.2,0,75,Yes,No
CUST103935,33,Female,Mexico,Premium,646,15,4,Laptop,PayPal,Yes,15.3,Documentary,4.7,0,8,Yes,No
CUST103936,30,Female,France,Standard,495,47,5,Smart TV,Debit Card,Yes,1.6,Romance,3.3,1,58,Yes,Yes
CUST103937,17,Female,USA,Standard,496,27,2,Mobile,PayPal,No,2.6,Romance,1.7,0,2,No,No
CUST103938,15,Male,India,Premium,651,7,5,Mobile,UPI,No,1.6,Action,5.0,0,10,Yes,Yes
CUST103939,35,Female,USA,Basic,203,27,5,Mobile,PayPal,Yes,6.6,Drama,3.0,0,4,Yes,No
CUST103940,38,Male,USA,Basic,200,21,3,Laptop,UPI,Yes,0.9,Romance,2.3,1,34,Yes,Yes
CUST103941,49,Female,India,Standard,503,13,2,Smart TV,Credit Card,No,1.7,Action,3.0,1,23,No,No
CUST103942,36,Female,Germany,Standard,502,55,5,Smart TV,Credit Card,Yes,9.1,Action,2.1,2,69,No,No
CUST103943,61,Male,UK,Premium,645,17,5,Gaming Console,Debit Card,Yes,0.6,Anime,1.1,1,81,No,Yes
CUST103944,31,Other,Mexico,Premium,655,11,4,Smart TV,Net Banking,Yes,10.9,Action,4.6,0,5,Yes,No
CUST103945,63,Female,India,Standard,493,59,3,Laptop,UPI,Yes,0.9,Drama,2.7,1,85,No,Yes
CUST103946,37,Male,Germany,Standard,508,10,5,Mobile,PayPal,Yes,7.0,Drama,4.0,1,41,No,No
CUST103947,33,Female,Brazil,Standard,498,57,2,Laptop,UPI,No,49.0,Action,4.9,3,42,No,Yes
CUST103948,24,Male,Brazil,Premium,657,33,1,Smart TV,Net Banking,Yes,1.5,Drama,3.5,0,13,No,No
CUST103949,69,Female,Mexico,Premium,656,14,1,Mobile,Debit Card,Yes,2.4,Horror,3.8,2,75,No,No
CUST103950,73,Female,Brazil,Premium,648,37,3,Mobile,Credit Card,Yes,18.3,Thriller,4.8,0,24,No,No
CUST103951,53,Other,France,Basic,190,8,1,Mobile,PayPal,Yes,7.9,Action,3.1,0,83,Yes,Yes
CUST103952,45,Female,USA,Premium,644,33,4,Gaming Console,PayPal,Yes,5.4,Romance,2.3,0,17,No,Yes
CUST103953,62,Male,UK,Basic,191,7,4,Smart TV,UPI,No,6.6,Comedy,4.7,0,23,Yes,No
CUST103954,65,Female,India,Basic,207,34,2,Laptop,Debit Card,Yes,2.8,Thriller,1.3,0,62,No,No
CUST103955,16,Male,India,Premium,643,7,3,Smart TV,Credit Card,No,15.5,Action,1.9,0,78,No,No
CUST103956,54,Female,USA,Basic,195,7,3,Smart TV,UPI,Yes,10.9,Horror,2.4,2,0,Yes,No
CUST103957,69,Female,India,Premium,645,41,1,Smart TV,UPI,Yes,8.2,Horror,4.1,0,14,No,No
CUST103958,19,Male,USA,Basic,198,54,5,Smart TV,UPI,Yes,21.5,Comedy,4.6,1,53,No,No
CUST103959,34,Male,India,Premium,639,36,5,Mobile,Debit Card,Yes,6.9,Horror,2.8,0,33,No,No
CUST103960,67,Female,India,Basic,199,55,5,Smart TV,UPI,Yes,5.7,Anime,2.1,1,51,No,No
CUST103961,45,Female,France,Standard,495,7,2,Laptop,Credit Card,Yes,29.7,Romance,2.4,0,1,Yes,No
CUST103962,29,Male,India,Basic,194,20,3,Smart TV,UPI,Yes,1.8,Comedy,3.6,1,35,No,Yes
CUST103963,36,Male,Brazil,Standard,494,18,1,Smart TV,PayPal,Yes,1.2,Horror,1.6,0,22,Yes,No
CUST103964,73,Male,India,Basic,201,45,2,Smart TV,Credit Card,No,1.4,Documentary,3.2,0,23,No,Yes
CUST103965,73,Female,France,Standard,504,43,4,Laptop,Debit Card,Yes,36.4,Horror,3.4,0,31,No,No
CUST103966,46,Male,Mexico,Basic,201,41,4,Smart TV,Credit Card,Yes,8.5,Anime,3.8,2,50,No,Yes
CUST103967,40,Female,Germany,Basic,190,14,4,Tablet,Net Banking,Yes,2.9,Documentary,3.4,1,45,No,No
CUST103968,70,Male,Germany,Basic,207,40,3,Smart TV,UPI,No,2.3,Anime,1.4,0,12,Yes,No
CUST103969,55,Female,India,Standard,507,53,4,Mobile,UPI,Yes,0.5,Comedy,3.8,0,13,No,Yes
CUST103970,53,Male,Japan,Premium,657,14,5,Smart TV,UPI,Yes,1.1,Action,1.1,1,16,No,No
CUST103971,51,Female,Mexico,Premium,656,21,4,Smart TV,Net Banking,Yes,19.1,Action,2.6,1,15,Yes,No
CUST103972,34,Male,Mexico,Basic,194,49,2,Laptop,UPI,Yes,11.0,Action,2.7,0,31,No,No
CUST103973,61,Female,Germany,Standard,490,59,4,Mobile,Credit Card,Yes,22.7,Horror,1.5,1,78,No,No
CUST103974,29,Male,USA,Premium,657,57,5,Smart TV,Debit Card,Yes,4.4,Horror,1.0,1,11,No,No
CUST103975,46,Female,Mexico,Basic,194,27,4,Smart TV,PayPal,Yes,7.4,Action,1.3,0,2,No,No
CUST103976,18,Female,USA,Standard,508,46,1,Smart TV,Debit Card,Yes,5.3,Horror,2.8,2,74,Yes,Yes
CUST103977,58,Male,Canada,Standard,503,26,5,Tablet,Debit Card,No,17.1,Comedy,2.0,0,52,No,No
CUST103978,18,Female,India,Basic,194,27,3,Laptop,Net Banking,No,38.0,Romance,1.3,0,42,No,No
CUST103979,46,Female,France,Basic,191,24,4,Mobile,Net Banking,Yes,21.6,Drama,2.0,0,4,Yes,No
CUST103980,13,Male,India,Basic,199,5,2,Mobile,Net Banking,Yes,7.3,Horror,3.1,1,46,Yes,No
CUST103981,22,Male,USA,Standard,496,42,4,Tablet,Credit Card,Yes,0.5,Horror,4.0,0,26,Yes,No
CUST103982,33,Male,Canada,Basic,206,38,2,Mobile,Credit Card,No,7.7,Anime,2.6,2,51,Yes,Yes
CUST103983,17,Female,Brazil,Basic,205,28,1,Tablet,Debit Card,Yes,0.8,Drama,3.5,0,55,Yes,No
CUST103984,14,Female,Germany,Basic,207,42,3,Mobile,PayPal,Yes,1.2,Romance,3.4,0,79,No,No
CUST103985,34,Male,USA,Basic,207,43,5,Smart TV,PayPal,Yes,1.7,Romance,4.6,1,79,No,No
CUST103986,60,Female,India,Basic,205,58,5,Laptop,PayPal,Yes,3.6,Anime,1.7,0,79,No,No
CUST103987,69,Female,Brazil,Premium,642,32,3,Mobile,Net Banking,Yes,7.2,Horror,2.9,0,85,Yes,No
CUST103988,14,Female,Japan,Basic,195,24,1,Laptop,PayPal,Yes,3.2,Action,3.5,0,67,Yes,Yes
CUST103989,22,Female,Australia,Standard,493,6,1,Smart TV,Debit Card,Yes,4.8,Documentary,3.1,0,14,No,No
CUST103990,46,Female,UK,Standard,504,10,4,Mobile,Debit Card,Yes,0.4,Comedy,2.8,0,18,No,No
CUST103991,28,Female,France,Standard,494,46,1,Mobile,Debit Card,No,7.7,Drama,4.9,1,25,No,No
CUST103992,60,Male,USA,Standard,502,52,4,Smart TV,Debit Card,Yes,8.6,Romance,4.8,1,78,Yes,No
CUST103993,63,Female,Canada,Basic,208,3,2,Laptop,Credit Card,Yes,0.8,Comedy,3.4,0,44,No,Yes
CUST103994,73,Female,UK,Premium,640,7,3,Mobile,PayPal,Yes,12.3,Documentary,2.8,1,9,Yes,No
CUST103995,51,Male,UK,Standard,506,29,2,Mobile,Credit Card,Yes,8.3,Romance,4.0,0,25,No,No
CUST103996,34,Female,Australia,Premium,656,34,2,Gaming Console,PayPal,Yes,5.4,Comedy,3.1,0,7,No,No
CUST103997,24,Female,Canada,Standard,501,7,2,Laptop,PayPal,Yes,6.4,Documentary,5.0,0,79,Yes,No
CUST103998,36,Female,USA,Premium,656,17,2,Mobile,Credit Card,No,5.6,Romance,3.7,0,31,No,No
CUST103999,59,Male,USA,Premium,655,13,5,Mobile,Credit Card,Yes,0.4,Documentary,1.3,1,20,No,No
